{
  "Authors": ["Fonov V", "Evans AC", "Botteron K", "Almli CR", "McKinstry RC", "Collins DL"],
  "Acknowledgements": "Curated and added to TemplateFlow by Esteban O",
  "BIDSVersion": "1.1.0",
  "HowToAcknowledge": "Reference the following entries from the ReferencesAndLinks field: {1, 2}",
  "Identifier": "MNIPediatricAsym",
  "License": "See LICENSE file",
  "Name": "MNI's unbiased standard MRI template for pediatric data from the 4.5 to 18.5y age range",
  "RRID": "SCR_008796",
  "ReferencesAndLinks": {
    "1": "https://doi.org/10.1016/j.neuroimage.2010.07.033",
    "2": "https://doi.org/10.1016/S1053-8119(09)70884-5",
    "3": "http://nist.mni.mcgill.ca/?p=974",
    "4": "https://doi.org/10.1007/3-540-48714-X_16"
  },
  "TemplateFlowVersion": "1.0.0",
  "cohort": {
    "1": {
      "age": [4.5, 18.5],
      "units": "yr",
      "name": "whole age range"
    },
    "2": {
      "age": [4.5, 8.5],
      "units": "yr",
      "name": "prepuberty"
    },
    "3": {
      "age": [7.0, 11.0],
      "units": "yr",
      "name": "pre- to early puberty"
    },
    "4": {
      "age": [7.5, 13.5],
      "units": "yr",
      "name": "pre- to mid- puberty"
    },
    "5": {
      "age": [10.0, 14.0],
      "units": "yr",
      "name": "early to advanced puberty"
    },
    "6": {
      "age": [13.0, 18.5],
      "units": "yr",
      "name": "postpuberty"
    }
  },
  "res": {
    "1": {
      "origin": [-98.0, -134.0, -72.0],
      "shape": [197, 233, 189],
      "zooms": [1.0, 1.0, 1.0]
    },
    "2": {
      "origin": [-98.5, -134.5, -72.5],
      "shape": [99, 117, 95],
      "zooms": [2.0, 2.0, 2.0]
    }
  }
}
