{
  "Authors": [
    "Fonov V",
    "Evans AC",
    "Botteron K",
    "Almli CR",
    "McKinstry RC",
    "Collins DL"
  ],
  "BIDSVersion": "1.1.0",
  "Curators": [
    "Esteban O"
  ],
  "Identifier": "MNIPediatricAsym",
  "License": "See LICENSE file",
  "Name": "MNI's unbiased standard MRI template for pediatric data from the 4.5 to 18.5y age range",
  "RRID": "SCR_008796",
  "ReferencesAndLinks": [
    "https://doi.org/10.1016/j.neuroimage.2010.07.033",
    "https://doi.org/10.1016/S1053-8119(09)70884-5",
    "http://nist.mni.mcgill.ca/?p=974",
    "https://doi.org/10.1007/3-540-48714-X_16"
  ],
  "TemplateFlowVersion": "1.0.0",
  "cohort": {
    "1": {
      "age": [
        4.5,
        18.5
      ],
      "name": "whole age range",
      "units": "yr"
    },
    "2": {
      "age": [
        4.5,
        8.5
      ],
      "name": "prepuberty",
      "units": "yr"
    },
    "3": {
      "age": [
        7.0,
        11.0
      ],
      "name": "pre- to early puberty",
      "units": "yr"
    },
    "4": {
      "age": [
        7.5,
        13.5
      ],
      "name": "pre- to mid- puberty",
      "units": "yr"
    },
    "5": {
      "age": [
        10.0,
        14.0
      ],
      "name": "early to advanced puberty",
      "units": "yr"
    },
    "6": {
      "age": [
        13.0,
        18.5
      ],
      "name": "postpuberty",
      "units": "yr"
    }
  },
  "res": {
    "1": {
      "origin": [
        -98.0,
        -134.0,
        -72.0
      ],
      "shape": [
        197,
        233,
        189
      ],
      "zooms": [
        1.0,
        1.0,
        1.0
      ]
    },
    "2": {
      "origin": [
        -98.5,
        -134.5,
        -72.5
      ],
      "shape": [
        99,
        117,
        95
      ],
      "zooms": [
        2.0,
        2.0,
        2.0
      ]
    }
  }
}