{
  "Authors": ["Grabner G", "Janke AL", "Budge MM", "Smith D", "Pruessner J", "Collins DL"],
  "Acknowledgements": "Curated and added to TemplateFlow by Ciric R and Esteban O",
  "BIDSVersion": "1.1.0",
  "HowToAcknowledge": "Please cite the papers referenced in the field ReferencesAndLinks",
  "Identifier": "MNI152NLin6Sym",
  "License": "See LICENSE file",
  "Name": "ICBM 152 non-linear 6th Generation Symmetric Average Brain Stereotaxic Registration Model",
  "RRID": "SCR_008364",
  "ReferencesAndLinks": [
    "Grabner G., Janke A.L., Budge M.M., Smith D., Pruessner J., Collins D.L. (2006) Symmetric Atlasing and Model Based Segmentation: An Application to the Hippocampus in Older Adults. In: Larsen R., Nielsen M., Sporring J. (eds) Medical Image Computing and Computer-Assisted Intervention – MICCAI 2006. MICCAI 2006. Lecture Notes in Computer Science, vol 4191. Springer, Berlin, Heidelberg. doi:10.1007/11866763_8",
    "https://fsl.fmrib.ox.ac.uk/fsl/fslwiki/Atlases"],
  "TemplateFlowVersion": "1.0.0",
  "res": {
    "01": {
      "origin": [-96.0, -132.0, -74.0],
      "shape": [193, 229, 193],
      "zooms": [1.0, 1.0, 1.0]
    }
  }
}
