{
  "Authors": [
    "Grabner G",
    "Janke AL",
    "Budge MM",
    "Smith D",
    "Pruessner J",
    "Collins DL"
  ],
  "BIDSVersion": "1.1.0",
  "Curators": [
    "Ciric R",
    "Esteban O"
  ],
  "Identifier": "MNI152NLin6Sym",
  "License": "See LICENSE file",
  "Name": "ICBM 152 non-linear 6th Generation Symmetric Average Brain Stereotaxic Registration Model",
  "RRID": "SCR_008364",
  "ReferencesAndLinks": [
    "https://doi.org/10.1007/11866763_8",
    "https://fsl.fmrib.ox.ac.uk/fsl/fslwiki/Atlases"
  ],
  "Species": "Homo sapiens",
  "TemplateFlowVersion": "1.0.0",
  "res": {
    "01": {
      "origin": [
        -96.0,
        -132.0,
        -74.0
      ],
      "shape": [
        193,
        229,
        193
      ],
      "zooms": [
        1.0,
        1.0,
        1.0
      ]
    }
  }
}
