{
  "Authors": [
    "Bozek J",
    "Makropoulos A",
    "Schuh A",
    "Fitzgibbon S",
    "Wright R",
    "Glasser MF",
    "Coalson TS",
    "O'Muircheartaigh J",
    "Hutter J",
    "Price AN",
    "Cordero-Grande L",
    "Teixeira RPA",
    "Hughes E",
    "Tusor N",
    "Baruteau KP",
    "Rutherford MA",
    "Edwards AD",
    "Hajnal JV",
    "Smith SM",
    "Rueckert D",
    "Jenkinson M",
    "Robinson EC"
  ],
  "BIDSVersion": "1.8.0",
  "Curators": [
    "Goncalves M"
  ],
  "Identifier": "dhcpAsym",
  "License": "CC BY 4.0",
  "Name": "Neonatal cortical surface atlas using Multimodal Surface Matching in the Developing Human Connectome Project (2018)",
  "ReferencesAndLinks": [
    "https://doi.org/10.1016/j.neuroimage.2018.06.018",
    "https://brain-development.org/brain-atlases/atlases-from-the-dhcp-project/cortical-surface-atlas-bozek/"
  ],
  "Species": "Homo sapiens",
  "TemplateFlowVersion": "1.0.0",
  "cohort": {
    "36": {
      "age": 36.0,
      "units": "months"
    },
    "37": {
      "age": 37.0,
      "units": "months"
    },
    "38": {
      "age": 38.0,
      "units": "months"
    },
    "39": {
      "age": 39.0,
      "units": "months"
    },
    "40": {
      "age": 40.0,
      "units": "months"
    },
    "41": {
      "age": 41.0,
      "units": "months"
    },
    "42": {
      "age": 42.0,
      "units": "months"
    },
    "43": {
      "age": 43.0,
      "units": "months"
    },
    "44": {
      "age": 44.0,
      "units": "months"
    }
  }
}
