{
  "Authors": ["Janke AL"],
  "Acknowledgements": "Curated and added to TemplateFlow by Esteban O",
  "BIDSVersion": "1.1.0",
  "HowToAcknowledge": "Pleace cite Evans AC et al. 2012",
  "Identifier": "MNI152NLin6Asym",
  "License": "See LICENSE file",
  "Name": "FSL's MNI ICBM 152 non-linear 6th Generation Asymmetric Average Brain Stereotaxic Registration Model",
  "RRID": "SCR_002823",
  "ReferencesAndLinks": [
    "Evans AC, Janke AL, Collins DL, and Baillet Sylvain, Brain templates and atlases, NeuroImage 62(2):911-922, 2012. doi:10.1016/j.neuroimage.2012.01.024",
    "https://fsl.fmrib.ox.ac.uk/fsl/fslwiki/Atlases"],
  "TemplateFlowVersion": "1.0.0",
  "res": {
    "01": {
      "origin": [-91.0, -126.0, -72.0],
      "shape": [182, 218, 182],
      "zooms": [1.0, 1.0, 1.0]
    },
    "02": {
      "origin": [-90.0, -126.0, -72.0],
      "shape": [91, 109, 91],
      "zooms": [2.0, 2.0, 2.0]
    },
    "03": {
      "origin": [-91.5, -126.0, -72.0],
      "shape": [364, 436, 364],
      "zooms": [0.5, 0.5, 0.5]
    }

  }
}
