{
  "Authors": [
    "Janke AL"
  ],
  "BIDSVersion": "1.1.0",
  "Curators": [
    "Esteban O",
    "Goncalves M"
  ],
  "Identifier": "MNI152NLin6Asym",
  "License": "See LICENSE file",
  "Name": "FSL's MNI ICBM 152 non-linear 6th Generation Asymmetric Average Brain Stereotaxic Registration Model",
  "RRID": "SCR_002823",
  "ReferencesAndLinks": [
    "https://doi.org/10.1016/j.neuroimage.2012.01.024",
    "https://fsl.fmrib.ox.ac.uk/fsl/fslwiki/Atlases"
  ],
  "TemplateFlowVersion": "1.0.0",
  "res": {
    "01": {
      "origin": [
        -91.0,
        -126.0,
        -72.0
      ],
      "shape": [
        182,
        218,
        182
      ],
      "zooms": [
        1.0,
        1.0,
        1.0
      ]
    },
    "02": {
      "origin": [
        -90.0,
        -126.0,
        -72.0
      ],
      "shape": [
        91,
        109,
        91
      ],
      "zooms": [
        2.0,
        2.0,
        2.0
      ]
    },
    "03": {
      "origin": [
        -91.5,
        -126.0,
        -72.0
      ],
      "shape": [
        364,
        436,
        364
      ],
      "zooms": [
        0.5,
        0.5,
        0.5
      ]
    },
    "04": {
      "origin": [
        -91.3,
        -126.0,
        -72.0
      ],
      "shape": [
        260,
        311,
        260
      ],
      "zooms": [
        0.7,
        0.7,
        0.7
      ]
    },
    "05": {
      "origin": [
        -90.8,
        -126.0,
        -72.0
      ],
      "shape": [
        227,
        272,
        227
      ],
      "zooms": [
        0.8,
        0.8,
        0.8
      ]
    },
    "06": {
      "origin": [
        -89.2,
        -126.0,
        -72.0
      ],
      "shape": [
        113,
        136,
        113
      ],
      "zooms": [
        1.6,
        1.6,
        1.6
      ]
    }
  }
}