{
  "Authors": [
    "Fonov V",
    "Evans AC",
    "Botteron K",
    "Almli CR",
    "McKinstry RC",
    "Collins DL"
  ],
  "BIDSVersion": "1.1.0",
  "Curators": [
    "Esteban O"
  ],
  "Identifier": "MNI152NLin2009bAsym",
  "License": "See LICENSE file",
  "Name": "ICBM 152 Nonlinear Asymmetrical template version 2009b",
  "RRID": "SCR_008796",
  "ReferencesAndLinks": [
    "https://doi.org/10.1016/j.neuroimage.2010.07.033",
    "https://doi.org/10.1016/S1053-8119(09)70884-5",
    "http://nist.mni.mcgill.ca/?p=904",
    "https://doi.org/10.1007/3-540-48714-X_16"
  ],
  "Species": "Homo sapiens",
  "TemplateFlowVersion": "1.0.0",
  "res": {
    "1": {
      "origin": [
        -98.0,
        -134.0,
        -72.0
      ],
      "shape": [
        394,
        466,
        378
      ],
      "zooms": [
        0.5,
        0.5,
        0.5
      ]
    }
  }
}