{
  "Authors": ["Tim Coalson", "Matt Glasser", "Mike Harms", "David Van Essen"],
  "Acknowledgements": "Curated and added to TemplateFlow by Esteban O",
  "BIDSVersion": "1.1.0",
  "HowToAcknowledge": "Reference the following entries from the ReferencesAndLinks field: {1}",
  "Identifier": "fsLR",
  "License": "See LICENSE file",
  "Name": "HCP Pipelines' fsLR template",
  "ReferencesAndLinks": {
    "1": "https://doi.org/10.1093/cercor/bhr291",
    "2": "https://github.com/Washington-University/HCPpipelines/tree/master/global/templates"
  },
  "TemplateFlowVersion": "1.0.0",
  "res": {}
}


