{
  "Authors": ["Tim Coalson", "Matt Glasser", "Mike Harms", "David Van Essen"],
  "Acknowledgements": "Curated and added to TemplateFlow by Esteban O",
  "BIDSVersion": "1.1.0",
  "HowToAcknowledge": "",
  "Identifier": "fsLR",
  "License": "See LICENSE file",
  "Name": "HCP Pipelines' fsLR template",
  "ReferencesAndLinks": ["https://doi.org/10.1093/cercor/bhr291"],
  "TemplateFlowVersion": "1.0.0",
  "res": {
    "01": {
      "origin": [-128.0, -128.0, -128.0],
      "shape": [256, 256, 256],
      "zooms": [1.0, 1.0, 1.0]
    },
    "02": {
      "origin": [-2.0, -16.0, 9.0],
      "shape": [76, 76, 93],
      "zooms": [2.0, 2.0, 2.0]
    }
  }
}

