{
  "Authors": ["Tim Coalson", "Matt Glasser", "Mike Harms", "David Van Essen"],
  "Acknowledgements": "Curated and added to TemplateFlow by Esteban O",
  "BIDSVersion": "1.1.0",
  "HowToAcknowledge": "",
  "Identifier": "fsLR",
  "License": "See LICENSE file",
  "Name": "HCP Pipelines' fsLR template",
  "ReferencesAndLinks": [
    "https://doi.org/10.1093/cercor/bhr291",
    "https://github.com/Washington-University/HCPpipelines/tree/master/global/templates"
  ],
  "TemplateFlowVersion": "1.0.0",
  "res": {
    "01": {
      "origin": [-91.0, -126.0, -72.0],
      "shape": [182, 218, 182],
      "zooms": [1.0, 1.0, 1.0]
    },
    "02": {
      "origin": [-90.0, -126.0, -72.0],
      "shape": [91, 109, 91],
      "zooms": [2.0, 2.0, 2.0]
    },
    "03": {
      "origin": [-91.3, -126.0, -72.0],
      "shape": [260, 311, 260],
      "zooms": [0.7, 0.7, 0.7]
    },
    "04": {
      "origin": [-90.8, -126.0, -72.0],
      "shape": [227, 272, 227],
      "zooms": [0.8, 0.8, 0.8]
    },
    "05": {
      "origin": [-89.2, -126.0, -72.0],
      "shape": [113, 136, 113],
      "zooms": [1.6, 1.6, 1.6]
    }
  }
}

