{
  "Authors": [
    "Diedrichsen, J",
    "Balsters, J H",
    "Flavell, J",
    "Cussans, E",
    "Ramnani,N"
  ],
  "BIDSVersion": "1.1.0",
  "Curators": [
    "Diedrichsen J"
  ],
  "Maps": [
  	"atl-Anatom"
  ],
  "Type": [
  	"dseg"
  ],
  "MapDesc": [
    "Number of most probable compartment, Lobules and Nuclei"],
  "Identifier": "Anatom",
  "License": "See LICENSE file",
  "Name": "Probabilistic atlas of cerebellar lobules",
  "ShortDesc": "Probabilistic atlas for cerebellar lobules and nuclei: Diedrichsen (2009)",
  "LongDesc": "The anatomical definitions are based on the fMRI atlas of an individual cerebellum by Schmahmann et al. (2000). We manually identified the main lobules on MRI scans of 20 healthy young participants (ROIs 1-28). Using a different set of 23 participants, we also identified the deep cerebellar nuclei (ROIs 29-34).",
  "ReferencesAndLinks": [
    "Diedrichsen, J., Balsters, J. H., Flavell, J., Cussans, E., & Ramnani, N. (2009). A probabilistic atlas of the human cerebellum. Neuroimage.",
    "Diedrichsen, J., Maderwald, S., Kuper, M., Thurling, M., Rabe, K., Gizewski, E. R., et al. (2011). Imaging the deep cerebellar nuclei: A probabilistic atlas and normalization procedure. Neuroimage.", 
    "http://www.diedrichsenlab.org/imaging/propatlas.htm"
  ],
  "res": {}
}
