{
  "Authors": [
    "Papp EA",
    "Leergaard TB",
    "Calabrese E",
    "Johnson GA",
    "Bjaalie JG"
  ],
  "BIDSVersion": "1.1.0",
  "Curators": [
    "MacNicol E",
    "Esteban O"
  ],
  "Identifier": "WHS",
  "License": "CC-by-nc-sa-4.0 International",
  "Name": "Waxholm Space atlas of the Sprague Dawley rat brain",
  "ReferencesAndLinks": [
    "https://doi.org/10.1016/j.neuroimage.2014.04.001",
    "https://doi.org/10.1016/j.neuroimage.2014.10.017",
    "https://doi.org/10.1016/j.neuroimage.2014.12.080",
    "https://doi.org/10.1016/j.neuroimage.2019.05.016"
  ],
  "TemplateFlowVersion": "1.0.0",
  "res": {
    "1": {
      "origin": [
        -9.53125,
        -24.3359375,
        -9.6875
      ],
      "shape": [
        512,
        1024,
        512
      ],
      "zooms": [
        0.0390625,
        0.0390625,
        0.0390625
      ]
    },
    "2": {
      "origin": [
        -9.53125,
        -24.3359375,
        -9.6875
      ],
      "shape": [
        200,
        400,
        200
      ],
      "zooms": [
        0.1,
        0.1,
        0.1
      ]
    }
  }
}
