{
    "blue": {
        "Description": "The blue component of the region's specified color, ranging from 0 to 255.",
        "LongName": "Blue Color"
    },
    "green": {
        "Description": "The green component of the region's specified color, ranging from 0 to 255.",
        "LongName": "Green Color"
    },
    "opacity": {
        "Description": "The opacity to be used when rendering the region, ranging from 0 to 1.",
        "LongName": "Opacity"
    },
    "red": {
        "Description": "The red component of the region's specified color, ranging from 0 to 255.",
        "LongName": "Red Color"
    },
    "visibility": {
        "Description": "Label visibility",
        "Levels": {
            "0": "Do not show label",
            "1": "Show label"
        }
    }
}