{
  "Authors": [],
  "BIDSVersion": "1.1.0",
  "Curators": [
    "Esteban O"
  ],
  "Identifier": "fsaverage",
  "License": "See LICENSE file",
  "Name": "FreeSurfer's fsaverage template",
  "ReferencesAndLinks": [
    "https://doi.org/10.1002/(sici)1097-0193(1999)8:4%3C272::aid-hbm10%3E3.0.co;2-4"
  ],
  "Species": "Homo sapiens",
  "TemplateFlowVersion": "1.0.0",
  "res": {
    "01": {
      "origin": [
        -128.0,
        -128.0,
        -128.0
      ],
      "shape": [
        256,
        256,
        256
      ],
      "zooms": [
        1.0,
        1.0,
        1.0
      ]
    },
    "02": {
      "origin": [
        -2.0,
        -16.0,
        9.0
      ],
      "shape": [
        76,
        76,
        93
      ],
      "zooms": [
        2.0,
        2.0,
        2.0
      ]
    }
  }
}
