index	hemi	name	color
65793	L	Background+FreeSurfer_Defined_Medial_Wall	#010101ff
8785528	L	7Networks_LH_Vis_1	#780e86ff
8327032	L	7Networks_LH_Vis_2	#780f7fff
8392568	L	7Networks_LH_Vis_3	#780f80ff
8458104	L	7Networks_LH_Vis_4	#780f81ff
8523640	L	7Networks_LH_Vis_5	#780f82ff
8589176	L	7Networks_LH_Vis_6	#780f83ff
8654712	L	7Networks_LH_Vis_7	#780f84ff
8720248	L	7Networks_LH_Vis_8	#780f85ff
8785784	L	7Networks_LH_Vis_9	#780f86ff
8327288	L	7Networks_LH_Vis_10	#78107fff
8392824	L	7Networks_LH_Vis_11	#781080ff
8458360	L	7Networks_LH_Vis_12	#781081ff
8523896	L	7Networks_LH_Vis_13	#781082ff
8589432	L	7Networks_LH_Vis_14	#781083ff
8654968	L	7Networks_LH_Vis_15	#781084ff
8720504	L	7Networks_LH_Vis_16	#781085ff
8786040	L	7Networks_LH_Vis_17	#781086ff
8327544	L	7Networks_LH_Vis_18	#78117fff
8393080	L	7Networks_LH_Vis_19	#781180ff
8458616	L	7Networks_LH_Vis_20	#781181ff
8524152	L	7Networks_LH_Vis_21	#781182ff
8589688	L	7Networks_LH_Vis_22	#781183ff
8655224	L	7Networks_LH_Vis_23	#781184ff
8720760	L	7Networks_LH_Vis_24	#781185ff
8786296	L	7Networks_LH_Vis_25	#781186ff
8327800	L	7Networks_LH_Vis_26	#78127fff
8393336	L	7Networks_LH_Vis_27	#781280ff
8458872	L	7Networks_LH_Vis_28	#781281ff
8524408	L	7Networks_LH_Vis_29	#781282ff
8589944	L	7Networks_LH_Vis_30	#781283ff
8655480	L	7Networks_LH_Vis_31	#781284ff
8721016	L	7Networks_LH_Vis_32	#781285ff
8852088	L	7Networks_LH_Vis_33	#781287ff
8917624	L	7Networks_LH_Vis_34	#781288ff
8983160	L	7Networks_LH_Vis_35	#781289ff
9048696	L	7Networks_LH_Vis_36	#78128aff
9114232	L	7Networks_LH_Vis_37	#78128bff
9179768	L	7Networks_LH_Vis_38	#78128cff
9245304	L	7Networks_LH_Vis_39	#78128dff
8786808	L	7Networks_LH_Vis_40	#781386ff
8852344	L	7Networks_LH_Vis_41	#781387ff
8917880	L	7Networks_LH_Vis_42	#781388ff
8983416	L	7Networks_LH_Vis_43	#781389ff
9048952	L	7Networks_LH_Vis_44	#78138aff
9114488	L	7Networks_LH_Vis_45	#78138bff
9180024	L	7Networks_LH_Vis_46	#78138cff
9245560	L	7Networks_LH_Vis_47	#78138dff
8787064	L	7Networks_LH_Vis_48	#781486ff
8852600	L	7Networks_LH_Vis_49	#781487ff
8918136	L	7Networks_LH_Vis_50	#781488ff
8983672	L	7Networks_LH_Vis_51	#781489ff
9049208	L	7Networks_LH_Vis_52	#78148aff
9114744	L	7Networks_LH_Vis_53	#78148bff
9180280	L	7Networks_LH_Vis_54	#78148cff
9245816	L	7Networks_LH_Vis_55	#78148dff
8787320	L	7Networks_LH_Vis_56	#781586ff
8852856	L	7Networks_LH_Vis_57	#781587ff
8918392	L	7Networks_LH_Vis_58	#781588ff
8983928	L	7Networks_LH_Vis_59	#781589ff
9049464	L	7Networks_LH_Vis_60	#78158aff
9115000	L	7Networks_LH_Vis_61	#78158bff
9180536	L	7Networks_LH_Vis_62	#78158cff
9246072	L	7Networks_LH_Vis_63	#78158dff
8787576	L	7Networks_LH_Vis_64	#781686ff
8853112	L	7Networks_LH_Vis_65	#781687ff
8918648	L	7Networks_LH_Vis_66	#781688ff
8984184	L	7Networks_LH_Vis_67	#781689ff
11566662	L	7Networks_LH_SomMot_1	#467eb0ff
11632198	L	7Networks_LH_SomMot_2	#467eb1ff
11697734	L	7Networks_LH_SomMot_3	#467eb2ff
11763270	L	7Networks_LH_SomMot_4	#467eb3ff
11828806	L	7Networks_LH_SomMot_5	#467eb4ff
11370310	L	7Networks_LH_SomMot_6	#467fadff
11435846	L	7Networks_LH_SomMot_7	#467faeff
11501382	L	7Networks_LH_SomMot_8	#467fafff
11566918	L	7Networks_LH_SomMot_9	#467fb0ff
11632454	L	7Networks_LH_SomMot_10	#467fb1ff
11697990	L	7Networks_LH_SomMot_11	#467fb2ff
11763526	L	7Networks_LH_SomMot_12	#467fb3ff
11829062	L	7Networks_LH_SomMot_13	#467fb4ff
11370566	L	7Networks_LH_SomMot_14	#4680adff
11436102	L	7Networks_LH_SomMot_15	#4680aeff
11501638	L	7Networks_LH_SomMot_16	#4680afff
11567174	L	7Networks_LH_SomMot_17	#4680b0ff
11632710	L	7Networks_LH_SomMot_18	#4680b1ff
11698246	L	7Networks_LH_SomMot_19	#4680b2ff
11763782	L	7Networks_LH_SomMot_20	#4680b3ff
11829318	L	7Networks_LH_SomMot_21	#4680b4ff
11370822	L	7Networks_LH_SomMot_22	#4681adff
11436358	L	7Networks_LH_SomMot_23	#4681aeff
11501894	L	7Networks_LH_SomMot_24	#4681afff
11567430	L	7Networks_LH_SomMot_25	#4681b0ff
11632966	L	7Networks_LH_SomMot_26	#4681b1ff
11698502	L	7Networks_LH_SomMot_27	#4681b2ff
11764038	L	7Networks_LH_SomMot_28	#4681b3ff
11829574	L	7Networks_LH_SomMot_29	#4681b4ff
11371078	L	7Networks_LH_SomMot_30	#4682adff
11436614	L	7Networks_LH_SomMot_31	#4682aeff
11502150	L	7Networks_LH_SomMot_32	#4682afff
11567686	L	7Networks_LH_SomMot_33	#4682b0ff
11633222	L	7Networks_LH_SomMot_34	#4682b1ff
11698758	L	7Networks_LH_SomMot_35	#4682b2ff
11764294	L	7Networks_LH_SomMot_36	#4682b3ff
11895366	L	7Networks_LH_SomMot_37	#4682b5ff
11960902	L	7Networks_LH_SomMot_38	#4682b6ff
12026438	L	7Networks_LH_SomMot_39	#4682b7ff
12091974	L	7Networks_LH_SomMot_40	#4682b8ff
12157510	L	7Networks_LH_SomMot_41	#4682b9ff
12223046	L	7Networks_LH_SomMot_42	#4682baff
12288582	L	7Networks_LH_SomMot_43	#4682bbff
11830086	L	7Networks_LH_SomMot_44	#4683b4ff
11895622	L	7Networks_LH_SomMot_45	#4683b5ff
11961158	L	7Networks_LH_SomMot_46	#4683b6ff
12026694	L	7Networks_LH_SomMot_47	#4683b7ff
12092230	L	7Networks_LH_SomMot_48	#4683b8ff
12157766	L	7Networks_LH_SomMot_49	#4683b9ff
12223302	L	7Networks_LH_SomMot_50	#4683baff
12288838	L	7Networks_LH_SomMot_51	#4683bbff
11830342	L	7Networks_LH_SomMot_52	#4684b4ff
11895878	L	7Networks_LH_SomMot_53	#4684b5ff
11961414	L	7Networks_LH_SomMot_54	#4684b6ff
12026950	L	7Networks_LH_SomMot_55	#4684b7ff
12092486	L	7Networks_LH_SomMot_56	#4684b8ff
12158022	L	7Networks_LH_SomMot_57	#4684b9ff
12223558	L	7Networks_LH_SomMot_58	#4684baff
12289094	L	7Networks_LH_SomMot_59	#4684bbff
11830598	L	7Networks_LH_SomMot_60	#4685b4ff
11896134	L	7Networks_LH_SomMot_61	#4685b5ff
11961670	L	7Networks_LH_SomMot_62	#4685b6ff
12027206	L	7Networks_LH_SomMot_63	#4685b7ff
12092742	L	7Networks_LH_SomMot_64	#4685b8ff
12158278	L	7Networks_LH_SomMot_65	#4685b9ff
12223814	L	7Networks_LH_SomMot_66	#4685baff
12289350	L	7Networks_LH_SomMot_67	#4685bbff
11830854	L	7Networks_LH_SomMot_68	#4686b4ff
11896390	L	7Networks_LH_SomMot_69	#4686b5ff
11961926	L	7Networks_LH_SomMot_70	#4686b6ff
12027462	L	7Networks_LH_SomMot_71	#4686b7ff
12092998	L	7Networks_LH_SomMot_72	#4686b8ff
12158534	L	7Networks_LH_SomMot_73	#4686b9ff
12224070	L	7Networks_LH_SomMot_74	#4686baff
12289606	L	7Networks_LH_SomMot_75	#4686bbff
881664	L	7Networks_LH_DorsAttn_Post_1	#00740dff
947200	L	7Networks_LH_DorsAttn_Post_2	#00740eff
488704	L	7Networks_LH_DorsAttn_Post_3	#007507ff
554240	L	7Networks_LH_DorsAttn_Post_4	#007508ff
619776	L	7Networks_LH_DorsAttn_Post_5	#007509ff
685312	L	7Networks_LH_DorsAttn_Post_6	#00750aff
750848	L	7Networks_LH_DorsAttn_Post_7	#00750bff
816384	L	7Networks_LH_DorsAttn_Post_8	#00750cff
881920	L	7Networks_LH_DorsAttn_Post_9	#00750dff
947456	L	7Networks_LH_DorsAttn_Post_10	#00750eff
488960	L	7Networks_LH_DorsAttn_Post_11	#007607ff
554496	L	7Networks_LH_DorsAttn_Post_12	#007608ff
620032	L	7Networks_LH_DorsAttn_Post_13	#007609ff
685568	L	7Networks_LH_DorsAttn_Post_14	#00760aff
751104	L	7Networks_LH_DorsAttn_Post_15	#00760bff
816640	L	7Networks_LH_DorsAttn_Post_16	#00760cff
882176	L	7Networks_LH_DorsAttn_Post_17	#00760dff
1013248	L	7Networks_LH_DorsAttn_Post_18	#00760fff
1078784	L	7Networks_LH_DorsAttn_Post_19	#007610ff
1144320	L	7Networks_LH_DorsAttn_Post_20	#007611ff
1209856	L	7Networks_LH_DorsAttn_Post_21	#007612ff
1275392	L	7Networks_LH_DorsAttn_Post_22	#007613ff
1340928	L	7Networks_LH_DorsAttn_Post_23	#007614ff
1406464	L	7Networks_LH_DorsAttn_Post_24	#007615ff
947968	L	7Networks_LH_DorsAttn_Post_25	#00770eff
1013504	L	7Networks_LH_DorsAttn_Post_26	#00770fff
1079040	L	7Networks_LH_DorsAttn_Post_27	#007710ff
1144576	L	7Networks_LH_DorsAttn_Post_28	#007711ff
1210112	L	7Networks_LH_DorsAttn_Post_29	#007712ff
1275648	L	7Networks_LH_DorsAttn_Post_30	#007713ff
1341184	L	7Networks_LH_DorsAttn_Post_31	#007714ff
1406720	L	7Networks_LH_DorsAttn_Post_32	#007715ff
948224	L	7Networks_LH_DorsAttn_Post_33	#00780eff
1013760	L	7Networks_LH_DorsAttn_Post_34	#00780fff
1079296	L	7Networks_LH_DorsAttn_Post_35	#007810ff
1144832	L	7Networks_LH_DorsAttn_Post_36	#007811ff
1210368	L	7Networks_LH_DorsAttn_Post_37	#007812ff
1275904	L	7Networks_LH_DorsAttn_Post_38	#007813ff
947712	L	7Networks_LH_DorsAttn_FEF_1	#00760eff
1472000	L	7Networks_LH_DorsAttn_FEF_2	#007616ff
1472256	L	7Networks_LH_DorsAttn_FEF_3	#007716ff
1341440	L	7Networks_LH_DorsAttn_FEF_4	#007814ff
1406976	L	7Networks_LH_DorsAttn_FEF_5	#007815ff
1472512	L	7Networks_LH_DorsAttn_FEF_6	#007816ff
1014016	L	7Networks_LH_DorsAttn_FEF_7	#00790fff
948480	L	7Networks_LH_DorsAttn_PrCv_1	#00790eff
1079552	L	7Networks_LH_DorsAttn_PrCv_2	#007910ff
16267972	L	7Networks_LH_SalVentAttn_ParOper_1	#c43af8ff
16333508	L	7Networks_LH_SalVentAttn_ParOper_2	#c43af9ff
16464580	L	7Networks_LH_SalVentAttn_ParOper_3	#c43afbff
16530116	L	7Networks_LH_SalVentAttn_ParOper_4	#c43afcff
16595652	L	7Networks_LH_SalVentAttn_ParOper_5	#c43afdff
16661188	L	7Networks_LH_SalVentAttn_ParOper_6	#c43afeff
16726724	L	7Networks_LH_SalVentAttn_ParOper_7	#c43affff
16397249	L	7Networks_LH_SalVentAttn_ParOper_8	#c133faff
16331713	L	7Networks_LH_SalVentAttn_TempOcc_1	#c133f9ff
16137156	L	7Networks_LH_SalVentAttn_FrOperIns_1	#c43bf6ff
16202692	L	7Networks_LH_SalVentAttn_FrOperIns_2	#c43bf7ff
16268228	L	7Networks_LH_SalVentAttn_FrOperIns_3	#c43bf8ff
16333764	L	7Networks_LH_SalVentAttn_FrOperIns_4	#c43bf9ff
16464836	L	7Networks_LH_SalVentAttn_FrOperIns_5	#c43bfbff
16530372	L	7Networks_LH_SalVentAttn_FrOperIns_6	#c43bfcff
16595908	L	7Networks_LH_SalVentAttn_FrOperIns_7	#c43bfdff
16661444	L	7Networks_LH_SalVentAttn_FrOperIns_8	#c43bfeff
16726980	L	7Networks_LH_SalVentAttn_FrOperIns_9	#c43bffff
16397505	L	7Networks_LH_SalVentAttn_FrOperIns_10	#c134faff
15939009	L	7Networks_LH_SalVentAttn_FrOperIns_11	#c135f3ff
16004545	L	7Networks_LH_SalVentAttn_FrOperIns_12	#c135f4ff
16331969	L	7Networks_LH_SalVentAttn_PFCl_1	#c134f9ff
16463041	L	7Networks_LH_SalVentAttn_PFCl_2	#c134fbff
15940293	L	7Networks_LH_SalVentAttn_Med_1	#c53af3ff
16005829	L	7Networks_LH_SalVentAttn_Med_2	#c53af4ff
16071365	L	7Networks_LH_SalVentAttn_Med_3	#c53af5ff
16136901	L	7Networks_LH_SalVentAttn_Med_4	#c53af6ff
16202437	L	7Networks_LH_SalVentAttn_Med_5	#c53af7ff
16267973	L	7Networks_LH_SalVentAttn_Med_6	#c53af8ff
16333509	L	7Networks_LH_SalVentAttn_Med_7	#c53af9ff
16464581	L	7Networks_LH_SalVentAttn_Med_8	#c53afbff
16530117	L	7Networks_LH_SalVentAttn_Med_9	#c53afcff
16595653	L	7Networks_LH_SalVentAttn_Med_10	#c53afdff
16661189	L	7Networks_LH_SalVentAttn_Med_11	#c53afeff
16726725	L	7Networks_LH_SalVentAttn_Med_12	#c53affff
16397250	L	7Networks_LH_SalVentAttn_Med_13	#c233faff
15938754	L	7Networks_LH_SalVentAttn_Med_14	#c234f3ff
16004290	L	7Networks_LH_SalVentAttn_Med_15	#c234f4ff
16069826	L	7Networks_LH_SalVentAttn_Med_16	#c234f5ff
16135362	L	7Networks_LH_SalVentAttn_Med_17	#c234f6ff
10549468	L	7Networks_LH_Limbic_OFC_1	#dcf8a0ff
10615004	L	7Networks_LH_Limbic_OFC_2	#dcf8a1ff
10680540	L	7Networks_LH_Limbic_OFC_3	#dcf8a2ff
10746076	L	7Networks_LH_Limbic_OFC_4	#dcf8a3ff
10877148	L	7Networks_LH_Limbic_OFC_5	#dcf8a5ff
10942684	L	7Networks_LH_Limbic_OFC_6	#dcf8a6ff
11008220	L	7Networks_LH_Limbic_OFC_7	#dcf8a7ff
11073756	L	7Networks_LH_Limbic_OFC_8	#dcf8a8ff
11139292	L	7Networks_LH_Limbic_OFC_9	#dcf8a9ff
11204828	L	7Networks_LH_Limbic_OFC_10	#dcf8aaff
11270364	L	7Networks_LH_Limbic_OFC_11	#dcf8abff
10811868	L	7Networks_LH_Limbic_OFC_12	#dcf9a4ff
10418396	L	7Networks_LH_Limbic_TempPole_1	#dcf89eff
10483932	L	7Networks_LH_Limbic_TempPole_2	#dcf89fff
10811612	L	7Networks_LH_Limbic_TempPole_3	#dcf8a4ff
11335900	L	7Networks_LH_Limbic_TempPole_4	#dcf8acff
10877404	L	7Networks_LH_Limbic_TempPole_5	#dcf9a5ff
10942940	L	7Networks_LH_Limbic_TempPole_6	#dcf9a6ff
11008476	L	7Networks_LH_Limbic_TempPole_7	#dcf9a7ff
11074012	L	7Networks_LH_Limbic_TempPole_8	#dcf9a8ff
11139548	L	7Networks_LH_Limbic_TempPole_9	#dcf9a9ff
11205084	L	7Networks_LH_Limbic_TempPole_10	#dcf9aaff
11270620	L	7Networks_LH_Limbic_TempPole_11	#dcf9abff
11336156	L	7Networks_LH_Limbic_TempPole_12	#dcf9acff
10877660	L	7Networks_LH_Limbic_TempPole_13	#dcfaa5ff
10943196	L	7Networks_LH_Limbic_TempPole_14	#dcfaa6ff
11008732	L	7Networks_LH_Limbic_TempPole_15	#dcfaa7ff
11074268	L	7Networks_LH_Limbic_TempPole_16	#dcfaa8ff
11139804	L	7Networks_LH_Limbic_TempPole_17	#dcfaa9ff
2004198	L	7Networks_LH_Cont_Par_1	#e6941eff
2069734	L	7Networks_LH_Cont_Par_2	#e6941fff
2135270	L	7Networks_LH_Cont_Par_3	#e69420ff
2200806	L	7Networks_LH_Cont_Par_4	#e69421ff
2331878	L	7Networks_LH_Cont_Par_5	#e69423ff
2397414	L	7Networks_LH_Cont_Par_6	#e69424ff
2462950	L	7Networks_LH_Cont_Par_7	#e69425ff
2528486	L	7Networks_LH_Cont_Par_8	#e69426ff
2594022	L	7Networks_LH_Cont_Par_9	#e69427ff
2659558	L	7Networks_LH_Cont_Par_10	#e69428ff
2725094	L	7Networks_LH_Cont_Par_11	#e69429ff
2266598	L	7Networks_LH_Cont_Par_12	#e69522ff
2790630	L	7Networks_LH_Cont_Temp_1	#e6942aff
2332134	L	7Networks_LH_Cont_Temp_2	#e69523ff
2397670	L	7Networks_LH_Cont_Temp_3	#e69524ff
2463206	L	7Networks_LH_Cont_PFCd_1	#e69525ff
2528742	L	7Networks_LH_Cont_PFCd_2	#e69526ff
1938918	L	7Networks_LH_Cont_PFCl_1	#e6951dff
2004454	L	7Networks_LH_Cont_PFCl_2	#e6951eff
2069990	L	7Networks_LH_Cont_PFCl_3	#e6951fff
2135526	L	7Networks_LH_Cont_PFCl_4	#e69520ff
2201062	L	7Networks_LH_Cont_PFCl_5	#e69521ff
2594278	L	7Networks_LH_Cont_PFCl_6	#e69527ff
2659814	L	7Networks_LH_Cont_PFCl_7	#e69528ff
2725350	L	7Networks_LH_Cont_PFCl_8	#e69529ff
2790886	L	7Networks_LH_Cont_PFCl_9	#e6952aff
2332390	L	7Networks_LH_Cont_PFCl_10	#e69623ff
2397926	L	7Networks_LH_Cont_PFCl_11	#e69624ff
2463462	L	7Networks_LH_Cont_PFCl_12	#e69625ff
2528998	L	7Networks_LH_Cont_PFCl_13	#e69626ff
2594534	L	7Networks_LH_Cont_PFCl_14	#e69627ff
2660070	L	7Networks_LH_Cont_PFCl_15	#e69628ff
2331879	L	7Networks_LH_Cont_OFC_1	#e79423ff
2397415	L	7Networks_LH_Cont_PFCv_1	#e79424ff
2462951	L	7Networks_LH_Cont_PFCv_2	#e79425ff
2332135	L	7Networks_LH_Cont_pCun_1	#e79523ff
2397671	L	7Networks_LH_Cont_pCun_2	#e79524ff
2463207	L	7Networks_LH_Cont_pCun_3	#e79525ff
2266599	L	7Networks_LH_Cont_Cing_1	#e79522ff
2528743	L	7Networks_LH_Cont_Cing_2	#e79526ff
2594279	L	7Networks_LH_Cont_Cing_3	#e79527ff
2659815	L	7Networks_LH_Cont_Cing_4	#e79528ff
2725351	L	7Networks_LH_Cont_Cing_5	#e79529ff
2266342	L	7Networks_LH_Cont_PFCmp_1	#e69422ff
2201318	L	7Networks_LH_Cont_PFCmp_2	#e69621ff
4865485	L	7Networks_LH_Default_Temp_1	#cd3d4aff
4931021	L	7Networks_LH_Default_Temp_2	#cd3d4bff
4996557	L	7Networks_LH_Default_Temp_3	#cd3d4cff
5062093	L	7Networks_LH_Default_Temp_4	#cd3d4dff
5127629	L	7Networks_LH_Default_Temp_5	#cd3d4eff
5193165	L	7Networks_LH_Default_Temp_6	#cd3d4fff
4734669	L	7Networks_LH_Default_Temp_7	#cd3e48ff
4800205	L	7Networks_LH_Default_Temp_8	#cd3e49ff
4865741	L	7Networks_LH_Default_Temp_9	#cd3e4aff
4931277	L	7Networks_LH_Default_Temp_10	#cd3e4bff
4996813	L	7Networks_LH_Default_Temp_11	#cd3e4cff
5062349	L	7Networks_LH_Default_Temp_12	#cd3e4dff
5127885	L	7Networks_LH_Default_Temp_13	#cd3e4eff
5258957	L	7Networks_LH_Default_Temp_14	#cd3e50ff
5324493	L	7Networks_LH_Default_Temp_15	#cd3e51ff
5390029	L	7Networks_LH_Default_Temp_16	#cd3e52ff
5455565	L	7Networks_LH_Default_Par_1	#cd3e53ff
5521101	L	7Networks_LH_Default_Par_2	#cd3e54ff
5586637	L	7Networks_LH_Default_Par_3	#cd3e55ff
5652173	L	7Networks_LH_Default_Par_4	#cd3e56ff
5193677	L	7Networks_LH_Default_Par_5	#cd3f4fff
5259213	L	7Networks_LH_Default_Par_6	#cd3f50ff
5324749	L	7Networks_LH_Default_Par_7	#cd3f51ff
5390285	L	7Networks_LH_Default_Par_8	#cd3f52ff
5455821	L	7Networks_LH_Default_Par_9	#cd3f53ff
5521357	L	7Networks_LH_Default_Par_10	#cd3f54ff
5586893	L	7Networks_LH_Default_Par_11	#cd3f55ff
5652429	L	7Networks_LH_Default_Par_12	#cd3f56ff
5193933	L	7Networks_LH_Default_Par_13	#cd404fff
4669133	L	7Networks_LH_Default_PFC_1	#cd3e47ff
4669389	L	7Networks_LH_Default_PFC_2	#cd3f47ff
4734925	L	7Networks_LH_Default_PFC_3	#cd3f48ff
4800461	L	7Networks_LH_Default_PFC_4	#cd3f49ff
4865997	L	7Networks_LH_Default_PFC_5	#cd3f4aff
4931533	L	7Networks_LH_Default_PFC_6	#cd3f4bff
4997069	L	7Networks_LH_Default_PFC_7	#cd3f4cff
5062605	L	7Networks_LH_Default_PFC_8	#cd3f4dff
5128397	L	7Networks_LH_Default_PFC_9	#cd404eff
5259469	L	7Networks_LH_Default_PFC_10	#cd4050ff
5325005	L	7Networks_LH_Default_PFC_11	#cd4051ff
5390541	L	7Networks_LH_Default_PFC_12	#cd4052ff
5456077	L	7Networks_LH_Default_PFC_13	#cd4053ff
5521613	L	7Networks_LH_Default_PFC_14	#cd4054ff
5587149	L	7Networks_LH_Default_PFC_15	#cd4055ff
5128653	L	7Networks_LH_Default_PFC_16	#cd414eff
5194189	L	7Networks_LH_Default_PFC_17	#cd414fff
5259725	L	7Networks_LH_Default_PFC_18	#cd4150ff
5325261	L	7Networks_LH_Default_PFC_19	#cd4151ff
5390797	L	7Networks_LH_Default_PFC_20	#cd4152ff
5456333	L	7Networks_LH_Default_PFC_21	#cd4153ff
5521869	L	7Networks_LH_Default_PFC_22	#cd4154ff
5587405	L	7Networks_LH_Default_PFC_23	#cd4155ff
5128909	L	7Networks_LH_Default_PFC_24	#cd424eff
5194445	L	7Networks_LH_Default_PFC_25	#cd424fff
5259981	L	7Networks_LH_Default_PFC_26	#cd4250ff
5325517	L	7Networks_LH_Default_PFC_27	#cd4251ff
5391053	L	7Networks_LH_Default_PFC_28	#cd4252ff
5456589	L	7Networks_LH_Default_PFC_29	#cd4253ff
5522125	L	7Networks_LH_Default_PFC_30	#cd4254ff
5587661	L	7Networks_LH_Default_PFC_31	#cd4255ff
5129165	L	7Networks_LH_Default_PFC_32	#cd434eff
5194701	L	7Networks_LH_Default_PFC_33	#cd434fff
5260237	L	7Networks_LH_Default_PFC_34	#cd4350ff
5325773	L	7Networks_LH_Default_PFC_35	#cd4351ff
5391309	L	7Networks_LH_Default_PFC_36	#cd4352ff
5456845	L	7Networks_LH_Default_PFC_37	#cd4353ff
5522381	L	7Networks_LH_Default_PFC_38	#cd4354ff
5587917	L	7Networks_LH_Default_PFC_39	#cd4355ff
5129421	L	7Networks_LH_Default_PFC_40	#cd444eff
5193421	L	7Networks_LH_Default_pCunPCC_1	#cd3e4fff
5128141	L	7Networks_LH_Default_pCunPCC_2	#cd3f4eff
5652685	L	7Networks_LH_Default_pCunPCC_3	#cd4056ff
5652941	L	7Networks_LH_Default_pCunPCC_4	#cd4156ff
5653197	L	7Networks_LH_Default_pCunPCC_5	#cd4256ff
5653453	L	7Networks_LH_Default_pCunPCC_6	#cd4356ff
5194957	L	7Networks_LH_Default_pCunPCC_7	#cd444fff
5260493	L	7Networks_LH_Default_pCunPCC_8	#cd4450ff
5326029	L	7Networks_LH_Default_pCunPCC_9	#cd4451ff
5391565	L	7Networks_LH_Default_pCunPCC_10	#cd4452ff
5457101	L	7Networks_LH_Default_pCunPCC_11	#cd4453ff
5522637	L	7Networks_LH_Default_pCunPCC_12	#cd4454ff
5588173	L	7Networks_LH_Default_pCunPCC_13	#cd4455ff
5653709	L	7Networks_LH_Default_pCunPCC_14	#cd4456ff
5195213	L	7Networks_LH_Default_pCunPCC_15	#cd454fff
5260749	L	7Networks_LH_Default_pCunPCC_16	#cd4550ff
5326285	L	7Networks_LH_Default_pCunPCC_17	#cd4551ff
5391821	L	7Networks_LH_Default_pCunPCC_18	#cd4552ff
5457357	L	7Networks_LH_Default_pCunPCC_19	#cd4553ff
5522893	L	7Networks_LH_Default_pCunPCC_20	#cd4554ff
5588429	L	7Networks_LH_Default_pCunPCC_21	#cd4555ff
5653965	L	7Networks_LH_Default_pCunPCC_22	#cd4556ff
5195469	L	7Networks_LH_Default_pCunPCC_23	#cd464fff
5261005	L	7Networks_LH_Default_pCunPCC_24	#cd4650ff
5326541	L	7Networks_LH_Default_pCunPCC_25	#cd4651ff
5392077	L	7Networks_LH_Default_pCunPCC_26	#cd4652ff
5457613	L	7Networks_LH_Default_pCunPCC_27	#cd4653ff
5193422	L	7Networks_LH_Default_PHC_1	#ce3e4fff
65793	R	Background+FreeSurfer_Defined_Medial_Wall	#010101ff
8851068	R	7Networks_RH_Vis_1	#7c0e87ff
8392572	R	7Networks_RH_Vis_2	#7c0f80ff
8458108	R	7Networks_RH_Vis_3	#7c0f81ff
8523644	R	7Networks_RH_Vis_4	#7c0f82ff
8589180	R	7Networks_RH_Vis_5	#7c0f83ff
8654716	R	7Networks_RH_Vis_6	#7c0f84ff
8720252	R	7Networks_RH_Vis_7	#7c0f85ff
8785788	R	7Networks_RH_Vis_8	#7c0f86ff
8851324	R	7Networks_RH_Vis_9	#7c0f87ff
8392828	R	7Networks_RH_Vis_10	#7c1080ff
8458364	R	7Networks_RH_Vis_11	#7c1081ff
8523900	R	7Networks_RH_Vis_12	#7c1082ff
8589436	R	7Networks_RH_Vis_13	#7c1083ff
8654972	R	7Networks_RH_Vis_14	#7c1084ff
8720508	R	7Networks_RH_Vis_15	#7c1085ff
8786044	R	7Networks_RH_Vis_16	#7c1086ff
8851580	R	7Networks_RH_Vis_17	#7c1087ff
8393084	R	7Networks_RH_Vis_18	#7c1180ff
8458620	R	7Networks_RH_Vis_19	#7c1181ff
8524156	R	7Networks_RH_Vis_20	#7c1182ff
8589692	R	7Networks_RH_Vis_21	#7c1183ff
8655228	R	7Networks_RH_Vis_22	#7c1184ff
8720764	R	7Networks_RH_Vis_23	#7c1185ff
8786300	R	7Networks_RH_Vis_24	#7c1186ff
8851836	R	7Networks_RH_Vis_25	#7c1187ff
8393340	R	7Networks_RH_Vis_26	#7c1280ff
8458876	R	7Networks_RH_Vis_27	#7c1281ff
8524412	R	7Networks_RH_Vis_28	#7c1282ff
8589948	R	7Networks_RH_Vis_29	#7c1283ff
8655484	R	7Networks_RH_Vis_30	#7c1284ff
8721020	R	7Networks_RH_Vis_31	#7c1285ff
8786556	R	7Networks_RH_Vis_32	#7c1286ff
8917628	R	7Networks_RH_Vis_33	#7c1288ff
8983164	R	7Networks_RH_Vis_34	#7c1289ff
9048700	R	7Networks_RH_Vis_35	#7c128aff
9114236	R	7Networks_RH_Vis_36	#7c128bff
9179772	R	7Networks_RH_Vis_37	#7c128cff
9245308	R	7Networks_RH_Vis_38	#7c128dff
9310844	R	7Networks_RH_Vis_39	#7c128eff
8852348	R	7Networks_RH_Vis_40	#7c1387ff
8917884	R	7Networks_RH_Vis_41	#7c1388ff
8983420	R	7Networks_RH_Vis_42	#7c1389ff
9048956	R	7Networks_RH_Vis_43	#7c138aff
9114492	R	7Networks_RH_Vis_44	#7c138bff
9180028	R	7Networks_RH_Vis_45	#7c138cff
9245564	R	7Networks_RH_Vis_46	#7c138dff
9311100	R	7Networks_RH_Vis_47	#7c138eff
8852604	R	7Networks_RH_Vis_48	#7c1487ff
8918140	R	7Networks_RH_Vis_49	#7c1488ff
8983676	R	7Networks_RH_Vis_50	#7c1489ff
9049212	R	7Networks_RH_Vis_51	#7c148aff
9114748	R	7Networks_RH_Vis_52	#7c148bff
9180284	R	7Networks_RH_Vis_53	#7c148cff
9245820	R	7Networks_RH_Vis_54	#7c148dff
9311356	R	7Networks_RH_Vis_55	#7c148eff
8852860	R	7Networks_RH_Vis_56	#7c1587ff
8918396	R	7Networks_RH_Vis_57	#7c1588ff
8983932	R	7Networks_RH_Vis_58	#7c1589ff
9049468	R	7Networks_RH_Vis_59	#7c158aff
9115004	R	7Networks_RH_Vis_60	#7c158bff
9180540	R	7Networks_RH_Vis_61	#7c158cff
9246076	R	7Networks_RH_Vis_62	#7c158dff
9311612	R	7Networks_RH_Vis_63	#7c158eff
8853116	R	7Networks_RH_Vis_64	#7c1687ff
8918652	R	7Networks_RH_Vis_65	#7c1688ff
8984188	R	7Networks_RH_Vis_66	#7c1689ff
9049724	R	7Networks_RH_Vis_67	#7c168aff
11632202	R	7Networks_RH_SomMot_1	#4a7eb1ff
11697738	R	7Networks_RH_SomMot_2	#4a7eb2ff
11763274	R	7Networks_RH_SomMot_3	#4a7eb3ff
11828810	R	7Networks_RH_SomMot_4	#4a7eb4ff
11894346	R	7Networks_RH_SomMot_5	#4a7eb5ff
11435850	R	7Networks_RH_SomMot_6	#4a7faeff
11501386	R	7Networks_RH_SomMot_7	#4a7fafff
11566922	R	7Networks_RH_SomMot_8	#4a7fb0ff
11632458	R	7Networks_RH_SomMot_9	#4a7fb1ff
11697994	R	7Networks_RH_SomMot_10	#4a7fb2ff
11763530	R	7Networks_RH_SomMot_11	#4a7fb3ff
11829066	R	7Networks_RH_SomMot_12	#4a7fb4ff
11894602	R	7Networks_RH_SomMot_13	#4a7fb5ff
11436106	R	7Networks_RH_SomMot_14	#4a80aeff
11501642	R	7Networks_RH_SomMot_15	#4a80afff
11567178	R	7Networks_RH_SomMot_16	#4a80b0ff
11632714	R	7Networks_RH_SomMot_17	#4a80b1ff
11698250	R	7Networks_RH_SomMot_18	#4a80b2ff
11763786	R	7Networks_RH_SomMot_19	#4a80b3ff
11829322	R	7Networks_RH_SomMot_20	#4a80b4ff
11894858	R	7Networks_RH_SomMot_21	#4a80b5ff
11436362	R	7Networks_RH_SomMot_22	#4a81aeff
11501898	R	7Networks_RH_SomMot_23	#4a81afff
11567434	R	7Networks_RH_SomMot_24	#4a81b0ff
11632970	R	7Networks_RH_SomMot_25	#4a81b1ff
11698506	R	7Networks_RH_SomMot_26	#4a81b2ff
11764042	R	7Networks_RH_SomMot_27	#4a81b3ff
11829578	R	7Networks_RH_SomMot_28	#4a81b4ff
11895114	R	7Networks_RH_SomMot_29	#4a81b5ff
11436618	R	7Networks_RH_SomMot_30	#4a82aeff
11502154	R	7Networks_RH_SomMot_31	#4a82afff
11567690	R	7Networks_RH_SomMot_32	#4a82b0ff
11633226	R	7Networks_RH_SomMot_33	#4a82b1ff
11698762	R	7Networks_RH_SomMot_34	#4a82b2ff
11764298	R	7Networks_RH_SomMot_35	#4a82b3ff
11829834	R	7Networks_RH_SomMot_36	#4a82b4ff
11960906	R	7Networks_RH_SomMot_37	#4a82b6ff
12026442	R	7Networks_RH_SomMot_38	#4a82b7ff
12091978	R	7Networks_RH_SomMot_39	#4a82b8ff
12157514	R	7Networks_RH_SomMot_40	#4a82b9ff
12223050	R	7Networks_RH_SomMot_41	#4a82baff
12288586	R	7Networks_RH_SomMot_42	#4a82bbff
12354122	R	7Networks_RH_SomMot_43	#4a82bcff
11895626	R	7Networks_RH_SomMot_44	#4a83b5ff
11961162	R	7Networks_RH_SomMot_45	#4a83b6ff
12026698	R	7Networks_RH_SomMot_46	#4a83b7ff
12092234	R	7Networks_RH_SomMot_47	#4a83b8ff
12157770	R	7Networks_RH_SomMot_48	#4a83b9ff
12223306	R	7Networks_RH_SomMot_49	#4a83baff
12288842	R	7Networks_RH_SomMot_50	#4a83bbff
12354378	R	7Networks_RH_SomMot_51	#4a83bcff
11895882	R	7Networks_RH_SomMot_52	#4a84b5ff
11961418	R	7Networks_RH_SomMot_53	#4a84b6ff
12026954	R	7Networks_RH_SomMot_54	#4a84b7ff
12092490	R	7Networks_RH_SomMot_55	#4a84b8ff
12158026	R	7Networks_RH_SomMot_56	#4a84b9ff
12223562	R	7Networks_RH_SomMot_57	#4a84baff
12289098	R	7Networks_RH_SomMot_58	#4a84bbff
12354634	R	7Networks_RH_SomMot_59	#4a84bcff
11896138	R	7Networks_RH_SomMot_60	#4a85b5ff
11961674	R	7Networks_RH_SomMot_61	#4a85b6ff
12027210	R	7Networks_RH_SomMot_62	#4a85b7ff
12092746	R	7Networks_RH_SomMot_63	#4a85b8ff
12158282	R	7Networks_RH_SomMot_64	#4a85b9ff
12223818	R	7Networks_RH_SomMot_65	#4a85baff
12289354	R	7Networks_RH_SomMot_66	#4a85bbff
12354890	R	7Networks_RH_SomMot_67	#4a85bcff
11896394	R	7Networks_RH_SomMot_68	#4a86b5ff
11961930	R	7Networks_RH_SomMot_69	#4a86b6ff
12027466	R	7Networks_RH_SomMot_70	#4a86b7ff
12093002	R	7Networks_RH_SomMot_71	#4a86b8ff
12158538	R	7Networks_RH_SomMot_72	#4a86b9ff
12224074	R	7Networks_RH_SomMot_73	#4a86baff
12289610	R	7Networks_RH_SomMot_74	#4a86bbff
12355146	R	7Networks_RH_SomMot_75	#4a86bcff
11896650	R	7Networks_RH_SomMot_76	#4a87b5ff
816388	R	7Networks_RH_DorsAttn_Post_1	#04750cff
881924	R	7Networks_RH_DorsAttn_Post_2	#04750dff
947460	R	7Networks_RH_DorsAttn_Post_3	#04750eff
1012996	R	7Networks_RH_DorsAttn_Post_4	#04750fff
554500	R	7Networks_RH_DorsAttn_Post_5	#047608ff
620036	R	7Networks_RH_DorsAttn_Post_6	#047609ff
685572	R	7Networks_RH_DorsAttn_Post_7	#04760aff
751108	R	7Networks_RH_DorsAttn_Post_8	#04760bff
816644	R	7Networks_RH_DorsAttn_Post_9	#04760cff
882180	R	7Networks_RH_DorsAttn_Post_10	#04760dff
947716	R	7Networks_RH_DorsAttn_Post_11	#04760eff
1013252	R	7Networks_RH_DorsAttn_Post_12	#04760fff
554756	R	7Networks_RH_DorsAttn_Post_13	#047708ff
620292	R	7Networks_RH_DorsAttn_Post_14	#047709ff
685828	R	7Networks_RH_DorsAttn_Post_15	#04770aff
751364	R	7Networks_RH_DorsAttn_Post_16	#04770bff
816900	R	7Networks_RH_DorsAttn_Post_17	#04770cff
882436	R	7Networks_RH_DorsAttn_Post_18	#04770dff
947972	R	7Networks_RH_DorsAttn_Post_19	#04770eff
1079044	R	7Networks_RH_DorsAttn_Post_20	#047710ff
1144580	R	7Networks_RH_DorsAttn_Post_21	#047711ff
1210116	R	7Networks_RH_DorsAttn_Post_22	#047712ff
1275652	R	7Networks_RH_DorsAttn_Post_23	#047713ff
1341188	R	7Networks_RH_DorsAttn_Post_24	#047714ff
1406724	R	7Networks_RH_DorsAttn_Post_25	#047715ff
1472260	R	7Networks_RH_DorsAttn_Post_26	#047716ff
1013764	R	7Networks_RH_DorsAttn_Post_27	#04780fff
1079300	R	7Networks_RH_DorsAttn_Post_28	#047810ff
1144836	R	7Networks_RH_DorsAttn_Post_29	#047811ff
1210372	R	7Networks_RH_DorsAttn_Post_30	#047812ff
1275908	R	7Networks_RH_DorsAttn_Post_31	#047813ff
1341444	R	7Networks_RH_DorsAttn_Post_32	#047814ff
1406980	R	7Networks_RH_DorsAttn_Post_33	#047815ff
1472516	R	7Networks_RH_DorsAttn_Post_34	#047816ff
1014020	R	7Networks_RH_DorsAttn_Post_35	#04790fff
1079556	R	7Networks_RH_DorsAttn_Post_36	#047910ff
1145092	R	7Networks_RH_DorsAttn_Post_37	#047911ff
1210628	R	7Networks_RH_DorsAttn_Post_38	#047912ff
1276164	R	7Networks_RH_DorsAttn_Post_39	#047913ff
1341700	R	7Networks_RH_DorsAttn_Post_40	#047914ff
1407236	R	7Networks_RH_DorsAttn_Post_41	#047915ff
1472772	R	7Networks_RH_DorsAttn_Post_42	#047916ff
882181	R	7Networks_RH_DorsAttn_FEF_1	#05760dff
1013253	R	7Networks_RH_DorsAttn_FEF_2	#05760fff
1078789	R	7Networks_RH_DorsAttn_FEF_3	#057610ff
1144325	R	7Networks_RH_DorsAttn_FEF_4	#057611ff
1209861	R	7Networks_RH_DorsAttn_FEF_5	#057612ff
1275397	R	7Networks_RH_DorsAttn_FEF_6	#057613ff
1340933	R	7Networks_RH_DorsAttn_PrCv_1	#057614ff
1406469	R	7Networks_RH_DorsAttn_PrCv_2	#057615ff
1472005	R	7Networks_RH_DorsAttn_PrCv_3	#057616ff
1013509	R	7Networks_RH_DorsAttn_PrCv_4	#05770fff
16136905	R	7Networks_RH_SalVentAttn_TempOccPar_1	#c93af6ff
16202441	R	7Networks_RH_SalVentAttn_TempOccPar_2	#c93af7ff
16267977	R	7Networks_RH_SalVentAttn_TempOccPar_3	#c93af8ff
16333513	R	7Networks_RH_SalVentAttn_TempOccPar_4	#c93af9ff
16399049	R	7Networks_RH_SalVentAttn_TempOccPar_5	#c93afaff
16530121	R	7Networks_RH_SalVentAttn_TempOccPar_6	#c93afcff
16595657	R	7Networks_RH_SalVentAttn_TempOccPar_7	#c93afdff
16661193	R	7Networks_RH_SalVentAttn_TempOccPar_8	#c93afeff
16726729	R	7Networks_RH_SalVentAttn_TempOccPar_9	#c93affff
16397254	R	7Networks_RH_SalVentAttn_TempOccPar_10	#c633faff
16462790	R	7Networks_RH_SalVentAttn_TempOccPar_11	#c633fbff
16004294	R	7Networks_RH_SalVentAttn_TempOccPar_12	#c634f4ff
16069830	R	7Networks_RH_SalVentAttn_TempOccPar_13	#c634f5ff
16464841	R	7Networks_RH_SalVentAttn_PrC_1	#c93bfbff
16071625	R	7Networks_RH_SalVentAttn_FrOperIns_1	#c93bf5ff
16137161	R	7Networks_RH_SalVentAttn_FrOperIns_2	#c93bf6ff
16202697	R	7Networks_RH_SalVentAttn_FrOperIns_3	#c93bf7ff
16268233	R	7Networks_RH_SalVentAttn_FrOperIns_4	#c93bf8ff
16333769	R	7Networks_RH_SalVentAttn_FrOperIns_5	#c93bf9ff
16399305	R	7Networks_RH_SalVentAttn_FrOperIns_6	#c93bfaff
16530377	R	7Networks_RH_SalVentAttn_FrOperIns_7	#c93bfcff
16595913	R	7Networks_RH_SalVentAttn_FrOperIns_8	#c93bfdff
16661449	R	7Networks_RH_SalVentAttn_FrOperIns_9	#c93bfeff
16726985	R	7Networks_RH_SalVentAttn_FrOperIns_10	#c93bffff
16397510	R	7Networks_RH_SalVentAttn_FrOperIns_11	#c634faff
16463046	R	7Networks_RH_SalVentAttn_FrOperIns_12	#c634fbff
16004550	R	7Networks_RH_SalVentAttn_FrOperIns_13	#c635f4ff
16070086	R	7Networks_RH_SalVentAttn_FrOperIns_14	#c635f5ff
16135622	R	7Networks_RH_SalVentAttn_FrOperIns_15	#c635f6ff
16399048	R	7Networks_RH_SalVentAttn_PFCv_1	#c83afaff
16464328	R	7Networks_RH_SalVentAttn_PFCl_1	#c839fbff
15940040	R	7Networks_RH_SalVentAttn_Med_1	#c839f3ff
16005576	R	7Networks_RH_SalVentAttn_Med_2	#c839f4ff
16071112	R	7Networks_RH_SalVentAttn_Med_3	#c839f5ff
16136648	R	7Networks_RH_SalVentAttn_Med_4	#c839f6ff
16202184	R	7Networks_RH_SalVentAttn_Med_5	#c839f7ff
16267720	R	7Networks_RH_SalVentAttn_Med_6	#c839f8ff
16398792	R	7Networks_RH_SalVentAttn_Med_7	#c839faff
16529864	R	7Networks_RH_SalVentAttn_Med_8	#c839fcff
16595400	R	7Networks_RH_SalVentAttn_Med_9	#c839fdff
16660936	R	7Networks_RH_SalVentAttn_Med_10	#c839feff
16726472	R	7Networks_RH_SalVentAttn_Med_11	#c839ffff
16333512	R	7Networks_RH_SalVentAttn_Med_12	#c83af9ff
16464584	R	7Networks_RH_SalVentAttn_Med_13	#c83afbff
16530120	R	7Networks_RH_SalVentAttn_Med_14	#c83afcff
16595656	R	7Networks_RH_SalVentAttn_Med_15	#c83afdff
16661192	R	7Networks_RH_SalVentAttn_Med_16	#c83afeff
10615264	R	7Networks_RH_Limbic_OFC_1	#e0f9a1ff
10680800	R	7Networks_RH_Limbic_OFC_2	#e0f9a2ff
10746336	R	7Networks_RH_Limbic_OFC_3	#e0f9a3ff
10877408	R	7Networks_RH_Limbic_OFC_4	#e0f9a5ff
10942944	R	7Networks_RH_Limbic_OFC_5	#e0f9a6ff
11008480	R	7Networks_RH_Limbic_OFC_6	#e0f9a7ff
11074016	R	7Networks_RH_Limbic_OFC_7	#e0f9a8ff
11139552	R	7Networks_RH_Limbic_OFC_8	#e0f9a9ff
11205088	R	7Networks_RH_Limbic_OFC_9	#e0f9aaff
11270624	R	7Networks_RH_Limbic_OFC_10	#e0f9abff
10484192	R	7Networks_RH_Limbic_TempPole_1	#e0f99fff
10549728	R	7Networks_RH_Limbic_TempPole_2	#e0f9a0ff
10811872	R	7Networks_RH_Limbic_TempPole_3	#e0f9a4ff
11336160	R	7Networks_RH_Limbic_TempPole_4	#e0f9acff
10877664	R	7Networks_RH_Limbic_TempPole_5	#e0faa5ff
10943200	R	7Networks_RH_Limbic_TempPole_6	#e0faa6ff
11008736	R	7Networks_RH_Limbic_TempPole_7	#e0faa7ff
11074272	R	7Networks_RH_Limbic_TempPole_8	#e0faa8ff
11139808	R	7Networks_RH_Limbic_TempPole_9	#e0faa9ff
11205344	R	7Networks_RH_Limbic_TempPole_10	#e0faaaff
11270880	R	7Networks_RH_Limbic_TempPole_11	#e0faabff
11336416	R	7Networks_RH_Limbic_TempPole_12	#e0faacff
10877920	R	7Networks_RH_Limbic_TempPole_13	#e0fba5ff
10943456	R	7Networks_RH_Limbic_TempPole_14	#e0fba6ff
11008992	R	7Networks_RH_Limbic_TempPole_15	#e0fba7ff
2003946	R	7Networks_RH_Cont_Par_1	#ea931eff
2069482	R	7Networks_RH_Cont_Par_2	#ea931fff
2135018	R	7Networks_RH_Cont_Par_3	#ea9320ff
2200554	R	7Networks_RH_Cont_Par_4	#ea9321ff
2331626	R	7Networks_RH_Cont_Par_5	#ea9323ff
2397162	R	7Networks_RH_Cont_Par_6	#ea9324ff
2462698	R	7Networks_RH_Cont_Par_7	#ea9325ff
2528234	R	7Networks_RH_Cont_Par_8	#ea9326ff
2593770	R	7Networks_RH_Cont_Par_9	#ea9327ff
2659306	R	7Networks_RH_Cont_Par_10	#ea9328ff
2724842	R	7Networks_RH_Cont_Par_11	#ea9329ff
2266090	R	7Networks_RH_Cont_Temp_1	#ea9322ff
2200810	R	7Networks_RH_Cont_Temp_2	#ea9421ff
2266346	R	7Networks_RH_Cont_Temp_3	#ea9422ff
2331881	R	7Networks_RH_Cont_PFCv_1	#e99423ff
2397417	R	7Networks_RH_Cont_PFCv_2	#e99424ff
1807337	R	7Networks_RH_Cont_PFCl_1	#e9931bff
1872873	R	7Networks_RH_Cont_PFCl_2	#e9931cff
1938409	R	7Networks_RH_Cont_PFCl_3	#e9931dff
2003945	R	7Networks_RH_Cont_PFCl_4	#e9931eff
2069481	R	7Networks_RH_Cont_PFCl_5	#e9931fff
2135017	R	7Networks_RH_Cont_PFCl_6	#e99320ff
2200553	R	7Networks_RH_Cont_PFCl_7	#e99321ff
1742057	R	7Networks_RH_Cont_PFCl_8	#e9941aff
1807593	R	7Networks_RH_Cont_PFCl_9	#e9941bff
1873129	R	7Networks_RH_Cont_PFCl_10	#e9941cff
1938665	R	7Networks_RH_Cont_PFCl_11	#e9941dff
2004201	R	7Networks_RH_Cont_PFCl_12	#e9941eff
2069737	R	7Networks_RH_Cont_PFCl_13	#e9941fff
2135273	R	7Networks_RH_Cont_PFCl_14	#e99420ff
2266345	R	7Networks_RH_Cont_PFCl_15	#e99422ff
2462953	R	7Networks_RH_Cont_PFCl_16	#e99425ff
2528489	R	7Networks_RH_Cont_PFCl_17	#e99426ff
2594025	R	7Networks_RH_Cont_PFCl_18	#e99427ff
2659561	R	7Networks_RH_Cont_PFCl_19	#e99428ff
2201065	R	7Networks_RH_Cont_PFCl_20	#e99521ff
2266601	R	7Networks_RH_Cont_PFCl_21	#e99522ff
2332137	R	7Networks_RH_Cont_PFCl_22	#e99523ff
2397673	R	7Networks_RH_Cont_PFCl_23	#e99524ff
2463209	R	7Networks_RH_Cont_PFCl_24	#e99525ff
2528745	R	7Networks_RH_Cont_PFCl_25	#e99526ff
2594281	R	7Networks_RH_Cont_PFCl_26	#e99527ff
2659817	R	7Networks_RH_Cont_PFCl_27	#e99528ff
2201321	R	7Networks_RH_Cont_PFCl_28	#e99621ff
2266857	R	7Networks_RH_Cont_PFCl_29	#e99622ff
2332393	R	7Networks_RH_Cont_PFCl_30	#e99623ff
2397929	R	7Networks_RH_Cont_PFCl_31	#e99624ff
2463465	R	7Networks_RH_Cont_PFCl_32	#e99625ff
2331625	R	7Networks_RH_Cont_pCun_1	#e99323ff
2397161	R	7Networks_RH_Cont_pCun_2	#e99324ff
2462697	R	7Networks_RH_Cont_pCun_4	#e99325ff
2528233	R	7Networks_RH_Cont_pCun_5	#e99326ff
2593769	R	7Networks_RH_Cont_pCun_6	#e99327ff
2266089	R	7Networks_RH_Cont_Cing_1	#e99322ff
2659305	R	7Networks_RH_Cont_Cing_2	#e99328ff
2200809	R	7Networks_RH_Cont_Cing_3	#e99421ff
2462954	R	7Networks_RH_Cont_PFCmp_1	#ea9425ff
2528490	R	7Networks_RH_Cont_PFCmp_2	#ea9426ff
2594026	R	7Networks_RH_Cont_PFCmp_3	#ea9427ff
4865745	R	7Networks_RH_Default_Par_1	#d13e4aff
4931281	R	7Networks_RH_Default_Par_2	#d13e4bff
4996817	R	7Networks_RH_Default_Par_3	#d13e4cff
5127889	R	7Networks_RH_Default_Par_4	#d13e4eff
5193425	R	7Networks_RH_Default_Par_5	#d13e4fff
5258961	R	7Networks_RH_Default_Par_6	#d13e50ff
5324497	R	7Networks_RH_Default_Par_7	#d13e51ff
5390033	R	7Networks_RH_Default_Par_8	#d13e52ff
5455569	R	7Networks_RH_Default_Par_9	#d13e53ff
5521105	R	7Networks_RH_Default_Par_10	#d13e54ff
4799953	R	7Networks_RH_Default_Temp_1	#d13d49ff
4865489	R	7Networks_RH_Default_Temp_2	#d13d4aff
4931025	R	7Networks_RH_Default_Temp_3	#d13d4bff
4996561	R	7Networks_RH_Default_Temp_4	#d13d4cff
5062097	R	7Networks_RH_Default_Temp_5	#d13d4dff
5193169	R	7Networks_RH_Default_Temp_6	#d13d4fff
5258705	R	7Networks_RH_Default_Temp_7	#d13d50ff
5324241	R	7Networks_RH_Default_Temp_8	#d13d51ff
5389777	R	7Networks_RH_Default_Temp_9	#d13d52ff
5455313	R	7Networks_RH_Default_Temp_10	#d13d53ff
5520849	R	7Networks_RH_Default_Temp_11	#d13d54ff
5586385	R	7Networks_RH_Default_Temp_12	#d13d55ff
5586641	R	7Networks_RH_Default_Temp_13	#d13e55ff
5127633	R	7Networks_RH_Default_PFCv_1	#d13d4eff
5062353	R	7Networks_RH_Default_PFCv_2	#d13e4dff
5062609	R	7Networks_RH_Default_PFCv_3	#d13f4dff
5128145	R	7Networks_RH_Default_PFCv_4	#d13f4eff
5193681	R	7Networks_RH_Default_PFCv_5	#d13f4fff
5259217	R	7Networks_RH_Default_PFCv_6	#d13f50ff
4996560	R	7Networks_RH_Default_PFCdPFCm_1	#d03d4cff
5062096	R	7Networks_RH_Default_PFCdPFCm_2	#d03d4dff
5127632	R	7Networks_RH_Default_PFCdPFCm_3	#d03d4eff
4669136	R	7Networks_RH_Default_PFCdPFCm_4	#d03e47ff
4734672	R	7Networks_RH_Default_PFCdPFCm_5	#d03e48ff
4800208	R	7Networks_RH_Default_PFCdPFCm_6	#d03e49ff
4865744	R	7Networks_RH_Default_PFCdPFCm_7	#d03e4aff
4931280	R	7Networks_RH_Default_PFCdPFCm_8	#d03e4bff
4996816	R	7Networks_RH_Default_PFCdPFCm_9	#d03e4cff
5062352	R	7Networks_RH_Default_PFCdPFCm_10	#d03e4dff
5193424	R	7Networks_RH_Default_PFCdPFCm_11	#d03e4fff
5258960	R	7Networks_RH_Default_PFCdPFCm_12	#d03e50ff
5324496	R	7Networks_RH_Default_PFCdPFCm_13	#d03e51ff
5390032	R	7Networks_RH_Default_PFCdPFCm_14	#d03e52ff
5455568	R	7Networks_RH_Default_PFCdPFCm_15	#d03e53ff
5521104	R	7Networks_RH_Default_PFCdPFCm_16	#d03e54ff
5586640	R	7Networks_RH_Default_PFCdPFCm_17	#d03e55ff
5128144	R	7Networks_RH_Default_PFCdPFCm_18	#d03f4eff
5193680	R	7Networks_RH_Default_PFCdPFCm_19	#d03f4fff
5259216	R	7Networks_RH_Default_PFCdPFCm_20	#d03f50ff
5324752	R	7Networks_RH_Default_PFCdPFCm_21	#d03f51ff
5390288	R	7Networks_RH_Default_PFCdPFCm_22	#d03f52ff
5455824	R	7Networks_RH_Default_PFCdPFCm_23	#d03f53ff
5521360	R	7Networks_RH_Default_PFCdPFCm_24	#d03f54ff
4603600	R	7Networks_RH_Default_pCunPCC_1	#d03e46ff
5127888	R	7Networks_RH_Default_pCunPCC_2	#d03e4eff
5062608	R	7Networks_RH_Default_pCunPCC_3	#d03f4dff
5062864	R	7Networks_RH_Default_pCunPCC_4	#d0404dff
5128400	R	7Networks_RH_Default_pCunPCC_5	#d0404eff
5193936	R	7Networks_RH_Default_pCunPCC_6	#d0404fff
5259472	R	7Networks_RH_Default_pCunPCC_7	#d04050ff
5325008	R	7Networks_RH_Default_pCunPCC_8	#d04051ff
5390544	R	7Networks_RH_Default_pCunPCC_9	#d04052ff
5456080	R	7Networks_RH_Default_pCunPCC_10	#d04053ff
5521616	R	7Networks_RH_Default_pCunPCC_11	#d04054ff
5063120	R	7Networks_RH_Default_pCunPCC_12	#d0414dff
5128656	R	7Networks_RH_Default_pCunPCC_13	#d0414eff
5194192	R	7Networks_RH_Default_pCunPCC_14	#d0414fff
5259728	R	7Networks_RH_Default_pCunPCC_15	#d04150ff
5325264	R	7Networks_RH_Default_pCunPCC_16	#d04151ff
5390800	R	7Networks_RH_Default_pCunPCC_17	#d04152ff
5456336	R	7Networks_RH_Default_pCunPCC_18	#d04153ff
5521872	R	7Networks_RH_Default_pCunPCC_19	#d04154ff
5063376	R	7Networks_RH_Default_pCunPCC_20	#d0424dff
2397675	R	7Networks_RH_Cont_pCun_3	#eb9524ff
