{
  "Authors":
  [
    "Sabuncu MR"
  ],
  "Curators":
  [
    "Aleman-Gomez Y",
    "Esteban O"
  ],
  "Identifier": "Sabuncu2011",
  "License": "See LICENSE file",
  "Name": "'Cortical Hubs' (CHubs) from the OASIS template, distributed by FreeSurfer 7",
  "Provenance": "Converted with `mris_convert` from `$FREESURFER_HOME/subjects/fsaverage{,3,4,5,6}/label/{l,r}h.oasis.chubs.annot`",
  "ReferencesAndLinks":
  [
    "https://doi.org/10.1001/archneurol.2011.167",
    "https://surfer.nmr.mgh.harvard.edu/fswiki/Chubs"
  ]
}