index	name	color
65793	Background+FreeSurfer_Defined_Medial_Wall	#010101ff
8720760	7Networks_RH_Vis_1	#781185ff
8786296	7Networks_RH_Vis_2	#781186ff
8851832	7Networks_RH_Vis_3	#781187ff
8393336	7Networks_RH_Vis_4	#781280ff
8458872	7Networks_RH_Vis_5	#781281ff
8524408	7Networks_RH_Vis_6	#781282ff
8589944	7Networks_RH_Vis_7	#781283ff
8655480	7Networks_RH_Vis_8	#781284ff
8721016	7Networks_RH_Vis_9	#781285ff
8786552	7Networks_RH_Vis_10	#781286ff
8917624	7Networks_RH_Vis_11	#781288ff
8983160	7Networks_RH_Vis_12	#781289ff
9048696	7Networks_RH_Vis_13	#78128aff
9114232	7Networks_RH_Vis_14	#78128bff
9179768	7Networks_RH_Vis_15	#78128cff
9245304	7Networks_RH_Vis_16	#78128dff
9310840	7Networks_RH_Vis_17	#78128eff
8852344	7Networks_RH_Vis_18	#781387ff
8917880	7Networks_RH_Vis_19	#781388ff
8983416	7Networks_RH_Vis_20	#781389ff
9048952	7Networks_RH_Vis_21	#78138aff
9114488	7Networks_RH_Vis_22	#78138bff
9180024	7Networks_RH_Vis_23	#78138cff
11632966	7Networks_RH_SomMot_1	#4681b1ff
11698502	7Networks_RH_SomMot_2	#4681b2ff
11764038	7Networks_RH_SomMot_3	#4681b3ff
11829574	7Networks_RH_SomMot_4	#4681b4ff
11895110	7Networks_RH_SomMot_5	#4681b5ff
11436614	7Networks_RH_SomMot_6	#4682aeff
11502150	7Networks_RH_SomMot_7	#4682afff
11567686	7Networks_RH_SomMot_8	#4682b0ff
11633222	7Networks_RH_SomMot_9	#4682b1ff
11698758	7Networks_RH_SomMot_10	#4682b2ff
11764294	7Networks_RH_SomMot_11	#4682b3ff
11829830	7Networks_RH_SomMot_12	#4682b4ff
11960902	7Networks_RH_SomMot_13	#4682b6ff
12026438	7Networks_RH_SomMot_14	#4682b7ff
12091974	7Networks_RH_SomMot_15	#4682b8ff
12157510	7Networks_RH_SomMot_16	#4682b9ff
12223046	7Networks_RH_SomMot_17	#4682baff
12288582	7Networks_RH_SomMot_18	#4682bbff
12354118	7Networks_RH_SomMot_19	#4682bcff
11895622	7Networks_RH_SomMot_20	#4683b5ff
11961158	7Networks_RH_SomMot_21	#4683b6ff
12026694	7Networks_RH_SomMot_22	#4683b7ff
12092230	7Networks_RH_SomMot_23	#4683b8ff
12157766	7Networks_RH_SomMot_24	#4683b9ff
12223302	7Networks_RH_SomMot_25	#4683baff
12288838	7Networks_RH_SomMot_26	#4683bbff
12354374	7Networks_RH_SomMot_27	#4683bcff
11895878	7Networks_RH_SomMot_28	#4684b5ff
685824	7Networks_RH_DorsAttn_Post_1	#00770aff
751360	7Networks_RH_DorsAttn_Post_2	#00770bff
816896	7Networks_RH_DorsAttn_Post_3	#00770cff
882432	7Networks_RH_DorsAttn_Post_4	#00770dff
947968	7Networks_RH_DorsAttn_Post_5	#00770eff
1079040	7Networks_RH_DorsAttn_Post_6	#007710ff
1144576	7Networks_RH_DorsAttn_Post_7	#007711ff
1210112	7Networks_RH_DorsAttn_Post_8	#007712ff
1275648	7Networks_RH_DorsAttn_Post_9	#007713ff
1341184	7Networks_RH_DorsAttn_Post_10	#007714ff
1406720	7Networks_RH_DorsAttn_Post_11	#007715ff
1472256	7Networks_RH_DorsAttn_Post_12	#007716ff
1013760	7Networks_RH_DorsAttn_Post_13	#00780fff
1079296	7Networks_RH_DorsAttn_Post_14	#007810ff
1013249	7Networks_RH_DorsAttn_FEF_1	#01760fff
1078785	7Networks_RH_DorsAttn_FEF_2	#017610ff
1144321	7Networks_RH_DorsAttn_FEF_3	#017611ff
1209857	7Networks_RH_DorsAttn_PrCv_1	#017612ff
16399045	7Networks_RH_SalVentAttn_TempOccPar_1	#c53afaff
16530117	7Networks_RH_SalVentAttn_TempOccPar_2	#c53afcff
16595653	7Networks_RH_SalVentAttn_TempOccPar_3	#c53afdff
16661189	7Networks_RH_SalVentAttn_TempOccPar_4	#c53afeff
16726725	7Networks_RH_SalVentAttn_TempOccPar_5	#c53affff
16464837	7Networks_RH_SalVentAttn_PrC_1	#c53bfbff
16399301	7Networks_RH_SalVentAttn_FrOperIns_1	#c53bfaff
16530373	7Networks_RH_SalVentAttn_FrOperIns_2	#c53bfcff
16595909	7Networks_RH_SalVentAttn_FrOperIns_3	#c53bfdff
16661445	7Networks_RH_SalVentAttn_FrOperIns_4	#c53bfeff
16726981	7Networks_RH_SalVentAttn_FrOperIns_5	#c53bffff
16397506	7Networks_RH_SalVentAttn_FrOperIns_6	#c234faff
16267716	7Networks_RH_SalVentAttn_Med_1	#c439f8ff
16398788	7Networks_RH_SalVentAttn_Med_2	#c439faff
16464324	7Networks_RH_SalVentAttn_Med_3	#c439fbff
16529860	7Networks_RH_SalVentAttn_Med_4	#c439fcff
16595396	7Networks_RH_SalVentAttn_Med_5	#c439fdff
16660932	7Networks_RH_SalVentAttn_Med_6	#c439feff
10877404	7Networks_RH_Limbic_OFC_1	#dcf9a5ff
10942940	7Networks_RH_Limbic_OFC_2	#dcf9a6ff
11008476	7Networks_RH_Limbic_OFC_3	#dcf9a7ff
11074012	7Networks_RH_Limbic_OFC_4	#dcf9a8ff
10811868	7Networks_RH_Limbic_TempPole_1	#dcf9a4ff
11139548	7Networks_RH_Limbic_TempPole_2	#dcf9a9ff
11205084	7Networks_RH_Limbic_TempPole_3	#dcf9aaff
11270620	7Networks_RH_Limbic_TempPole_4	#dcf9abff
11336156	7Networks_RH_Limbic_TempPole_5	#dcf9acff
10877660	7Networks_RH_Limbic_TempPole_6	#dcfaa5ff
2331622	7Networks_RH_Cont_Par_1	#e69323ff
2397158	7Networks_RH_Cont_Par_2	#e69324ff
2462694	7Networks_RH_Cont_Par_3	#e69325ff
2266086	7Networks_RH_Cont_Temp_1	#e69322ff
2331877	7Networks_RH_Cont_PFCv_1	#e59423ff
1938661	7Networks_RH_Cont_PFCl_1	#e5941dff
2004197	7Networks_RH_Cont_PFCl_2	#e5941eff
2069733	7Networks_RH_Cont_PFCl_3	#e5941fff
2135269	7Networks_RH_Cont_PFCl_4	#e59420ff
2266341	7Networks_RH_Cont_PFCl_5	#e59422ff
2397413	7Networks_RH_Cont_PFCl_6	#e59424ff
2462949	7Networks_RH_Cont_PFCl_7	#e59425ff
2528485	7Networks_RH_Cont_PFCl_8	#e59426ff
2594021	7Networks_RH_Cont_PFCl_9	#e59427ff
2659557	7Networks_RH_Cont_PFCl_10	#e59428ff
2201061	7Networks_RH_Cont_PFCl_11	#e59521ff
2266597	7Networks_RH_Cont_PFCl_12	#e59522ff
2331621	7Networks_RH_Cont_pCun_1	#e59323ff
2397157	7Networks_RH_Cont_pCun_2	#e59324ff
2266085	7Networks_RH_Cont_Cing_1	#e59322ff
2462693	7Networks_RH_Cont_Cing_2	#e59325ff
2462950	7Networks_RH_Cont_PFCmp_1	#e69425ff
2528486	7Networks_RH_Cont_PFCmp_2	#e69426ff
4996813	7Networks_RH_Default_Par_1	#cd3e4cff
5127885	7Networks_RH_Default_Par_2	#cd3e4eff
5193421	7Networks_RH_Default_Par_3	#cd3e4fff
5258957	7Networks_RH_Default_Par_4	#cd3e50ff
5324493	7Networks_RH_Default_Par_5	#cd3e51ff
5062093	7Networks_RH_Default_Temp_1	#cd3d4dff
5193165	7Networks_RH_Default_Temp_2	#cd3d4fff
5258701	7Networks_RH_Default_Temp_3	#cd3d50ff
5324237	7Networks_RH_Default_Temp_4	#cd3d51ff
5389773	7Networks_RH_Default_Temp_5	#cd3d52ff
5455309	7Networks_RH_Default_Temp_6	#cd3d53ff
5127629	7Networks_RH_Default_PFCv_1	#cd3d4eff
5520845	7Networks_RH_Default_PFCv_2	#cd3d54ff
5062349	7Networks_RH_Default_PFCv_3	#cd3e4dff
4931276	7Networks_RH_Default_PFCdPFCm_1	#cc3e4bff
4996812	7Networks_RH_Default_PFCdPFCm_2	#cc3e4cff
5062348	7Networks_RH_Default_PFCdPFCm_3	#cc3e4dff
5193420	7Networks_RH_Default_PFCdPFCm_4	#cc3e4fff
5258956	7Networks_RH_Default_PFCdPFCm_5	#cc3e50ff
5324492	7Networks_RH_Default_PFCdPFCm_6	#cc3e51ff
5390028	7Networks_RH_Default_PFCdPFCm_7	#cc3e52ff
5455564	7Networks_RH_Default_PFCdPFCm_8	#cc3e53ff
5521100	7Networks_RH_Default_PFCdPFCm_9	#cc3e54ff
5586636	7Networks_RH_Default_PFCdPFCm_10	#cc3e55ff
5127884	7Networks_RH_Default_pCunPCC_1	#cc3e4eff
5062604	7Networks_RH_Default_pCunPCC_2	#cc3f4dff
5128140	7Networks_RH_Default_pCunPCC_3	#cc3f4eff
5193676	7Networks_RH_Default_pCunPCC_4	#cc3f4fff
5259212	7Networks_RH_Default_pCunPCC_5	#cc3f50ff
5324748	7Networks_RH_Default_pCunPCC_6	#cc3f51ff
