index	name	color
657930	Background	#0a0a0aff
65535	17networks_RH_DefaultA_IPL_1	#ffff00ff
131071	17networks_RH_DefaultA_PFCd_1	#ffff01ff
196607	17networks_RH_DefaultA_PFCd_2	#ffff02ff
262143	17networks_RH_DefaultA_PFCm_1	#ffff03ff
327679	17networks_RH_DefaultA_Temp_1	#ffff04ff
393215	17networks_RH_DefaultA_TempPole_1	#ffff05ff
458751	17networks_RH_DefaultA_pCunPCC_1	#ffff06ff
4996813	17networks_RH_DefaultB_FPole_2	#cd3e4cff
5062349	17networks_RH_DefaultB_OFC_1	#cd3e4dff
5127885	17networks_RH_DefaultB_PFCd_1	#cd3e4eff
5193421	17networks_RH_DefaultB_PFCd_2	#cd3e4fff
5258957	17networks_RH_DefaultB_Temp_1	#cd3e50ff
5324493	17networks_RH_DefaultB_TempPole_1	#cd3e51ff
8454144	17networks_RH_DefaultC_IPL_1	#000081ff
8519680	17networks_RH_DefaultC_PHC_1	#000082ff
8585216	17networks_RH_DefaultC_RSC_1	#000083ff
8650752	17networks_RH_DefaultC_pCun_1	#000084ff
16658444	17networks_RH_Language_IFG_1	#0c30feff
16723980	17networks_RH_Language_PFCmp_1	#0c30ffff
16394505	17networks_RH_Language_Temp_1	#0929faff
16460041	17networks_RH_Language_Temp_2	#0929fbff
2069734	17networks_RH_ContA_Cingm_1	#e6941fff
2135270	17networks_RH_ContA_IPS_1	#e69420ff
2200806	17networks_RH_ContA_IPS_2	#e69421ff
2266342	17networks_RH_ContA_IPS_3	#e69422ff
2331878	17networks_RH_ContA_PFCd_1	#e69423ff
2397414	17networks_RH_ContA_PFCl_1	#e69424ff
2462950	17networks_RH_ContA_Temp_1	#e69425ff
4731527	17networks_RH_ContB_FPole_1	#873248ff
4797063	17networks_RH_ContB_IPL_1	#873249ff
4862599	17networks_RH_ContB_OFC_1	#87324aff
4928135	17networks_RH_ContB_PFCl_1	#87324bff
4993671	17networks_RH_ContB_Temp_1	#87324cff
11308151	17networks_RH_ContC_Cingp_1	#778cacff
11373687	17networks_RH_ContC_Ins_1	#778cadff
11439223	17networks_RH_ContC_OFC_1	#778caeff
11504759	17networks_RH_ContC_PFCl_1	#778cafff
11570295	17networks_RH_ContC_PFCl_2	#778cb0ff
11635831	17networks_RH_ContC_PFCm_1	#778cb1ff
11701367	17networks_RH_ContC_PFCm_2	#778cb2ff
11766903	17networks_RH_ContC_PFCm_3	#778cb3ff
11832439	17networks_RH_ContC_pCun_1	#778cb4ff
16202436	17networks_RH_SalVenAttnA_FrMed_1	#c43af7ff
16267972	17networks_RH_SalVenAttnA_FrMed_2	#c43af8ff
16333508	17networks_RH_SalVenAttnA_FrOper_1	#c43af9ff
16399044	17networks_RH_SalVenAttnA_IPL_1	#c43afaff
16464580	17networks_RH_SalVenAttnA_Ins_1	#c43afbff
16530116	17networks_RH_SalVenAttnA_Ins_2	#c43afcff
16595652	17networks_RH_SalVenAttnA_SPL_1	#c43afdff
13801727	17networks_RH_SalVenAttnB_IPL_1	#ff98d2ff
13867263	17networks_RH_SalVenAttnB_Ins_1	#ff98d3ff
13932799	17networks_RH_SalVenAttnB_PFCl_1	#ff98d4ff
13998335	17networks_RH_SalVenAttnB_PFCl_2	#ff98d5ff
14063871	17networks_RH_SalVenAttnB_PFCl_3	#ff98d6ff
14129407	17networks_RH_SalVenAttnB_SPL_1	#ff98d7ff
14194943	17networks_RH_SalVenAttnB_Temp_1	#ff98d8ff
14260479	17networks_RH_SalVenAttnB_Temp_2	#ff98d9ff
3840842	17networks_RH_DorsAttnA_ParOcc_1	#4a9b3aff
3906378	17networks_RH_DorsAttnA_SPL_1	#4a9b3bff
3971914	17networks_RH_DorsAttnA_SPL_2	#4a9b3cff
4037450	17networks_RH_DorsAttnA_TempOcc_1	#4a9b3dff
4102986	17networks_RH_DorsAttnA_TempPole_1	#4a9b3eff
816640	17networks_RH_DorsAttnB_IPL_1	#00760cff
882176	17networks_RH_DorsAttnB_PostC_1	#00760dff
947712	17networks_RH_DorsAttnB_PrCd_1	#00760eff
1013248	17networks_RH_DorsAttnB_SPL_1	#00760fff
1078784	17networks_RH_DorsAttnB_SPL_2	#007610ff
10680540	17networks_RH_Aud_Ins_1	#dcf8a2ff
10746076	17networks_RH_Aud_ParOper_1	#dcf8a3ff
10811612	17networks_RH_Aud_ST_1	#dcf8a4ff
10877148	17networks_RH_Aud_ST_2	#dcf8a5ff
10942684	17networks_RH_Aud_ST_3	#dcf8a6ff
11633222	17networks_RH_SomMotA_1	#4682b1ff
11698758	17networks_RH_SomMotA_2	#4682b2ff
11764294	17networks_RH_SomMotA_3	#4682b3ff
11829830	17networks_RH_SomMotA_4	#4682b4ff
11895366	17networks_RH_SomMotA_5	#4682b5ff
11960902	17networks_RH_SomMotA_6	#4682b6ff
12026438	17networks_RH_SomMotA_7	#4682b7ff
10669098	17networks_RH_SomMotB_Ins_1	#2acca2ff
10734634	17networks_RH_SomMotB_1	#2acca3ff
10800170	17networks_RH_SomMotB_2	#2acca4ff
10865706	17networks_RH_SomMotB_3	#2acca5ff
10931242	17networks_RH_SomMotB_4	#2acca6ff
8589944	17networks_RH_VisualA_ExStr_1	#781283ff
8655480	17networks_RH_VisualA_ExStr_2	#781284ff
8721016	17networks_RH_VisualA_ExStr_3	#781285ff
8786552	17networks_RH_VisualA_ExStr_4	#781286ff
8852088	17networks_RH_VisualA_PrC_1	#781287ff
8917624	17networks_RH_VisualA_SPL_1	#781288ff
8983160	17networks_RH_VisualA_SPL_2	#781289ff
255	17networks_RH_VisualB_ExStrInf_1	#ff0000ff
65791	17networks_RH_VisualB_ExStrInf_2	#ff0001ff
131327	17networks_RH_VisualB_ExStrSup_1	#ff0002ff
196863	17networks_RH_VisualB_ExStrSup_2	#ff0003ff
262399	17networks_RH_VisualB_ExStrSup_3	#ff0004ff
327935	17networks_RH_VisualB_Striate_1	#ff0005ff
393471	17networks_RH_VisualB_Striate_2	#ff0006ff
459007	17networks_RH_VisualB_Striate_3	#ff0007ff
3311482	17networks_RH_VisualC_ExStr_1	#7a8732ff
