index	hemi	name	color
65793	L	Background+FreeSurfer_Defined_Medial_Wall	#010101ff
8458872	L	7Networks_LH_Vis_1	#781281ff
8524408	L	7Networks_LH_Vis_2	#781282ff
8589944	L	7Networks_LH_Vis_3	#781283ff
8655480	L	7Networks_LH_Vis_4	#781284ff
8721016	L	7Networks_LH_Vis_5	#781285ff
8852088	L	7Networks_LH_Vis_6	#781287ff
8917624	L	7Networks_LH_Vis_7	#781288ff
8983160	L	7Networks_LH_Vis_8	#781289ff
9048696	L	7Networks_LH_Vis_9	#78128aff
9114232	L	7Networks_LH_Vis_10	#78128bff
9179768	L	7Networks_LH_Vis_11	#78128cff
9245304	L	7Networks_LH_Vis_12	#78128dff
8786808	L	7Networks_LH_Vis_13	#781386ff
8852344	L	7Networks_LH_Vis_14	#781387ff
11436614	L	7Networks_LH_SomMot_1	#4682aeff
11502150	L	7Networks_LH_SomMot_2	#4682afff
11567686	L	7Networks_LH_SomMot_3	#4682b0ff
11633222	L	7Networks_LH_SomMot_4	#4682b1ff
11698758	L	7Networks_LH_SomMot_5	#4682b2ff
11764294	L	7Networks_LH_SomMot_6	#4682b3ff
11895366	L	7Networks_LH_SomMot_7	#4682b5ff
11960902	L	7Networks_LH_SomMot_8	#4682b6ff
12026438	L	7Networks_LH_SomMot_9	#4682b7ff
12091974	L	7Networks_LH_SomMot_10	#4682b8ff
12157510	L	7Networks_LH_SomMot_11	#4682b9ff
12223046	L	7Networks_LH_SomMot_12	#4682baff
12288582	L	7Networks_LH_SomMot_13	#4682bbff
11830086	L	7Networks_LH_SomMot_14	#4683b4ff
11895622	L	7Networks_LH_SomMot_15	#4683b5ff
11961158	L	7Networks_LH_SomMot_16	#4683b6ff
751104	L	7Networks_LH_DorsAttn_Post_1	#00760bff
816640	L	7Networks_LH_DorsAttn_Post_2	#00760cff
882176	L	7Networks_LH_DorsAttn_Post_3	#00760dff
1013248	L	7Networks_LH_DorsAttn_Post_4	#00760fff
1078784	L	7Networks_LH_DorsAttn_Post_5	#007610ff
1144320	L	7Networks_LH_DorsAttn_Post_6	#007611ff
1209856	L	7Networks_LH_DorsAttn_Post_7	#007612ff
1275392	L	7Networks_LH_DorsAttn_Post_8	#007613ff
1340928	L	7Networks_LH_DorsAttn_Post_9	#007614ff
1406464	L	7Networks_LH_DorsAttn_Post_10	#007615ff
1472000	L	7Networks_LH_DorsAttn_FEF_1	#007616ff
1013504	L	7Networks_LH_DorsAttn_FEF_2	#00770fff
1079040	L	7Networks_LH_DorsAttn_PrCv_1	#007710ff
16464580	L	7Networks_LH_SalVentAttn_ParOper_1	#c43afbff
16530116	L	7Networks_LH_SalVentAttn_ParOper_2	#c43afcff
16595652	L	7Networks_LH_SalVentAttn_ParOper_3	#c43afdff
16464836	L	7Networks_LH_SalVentAttn_FrOperIns_1	#c43bfbff
16530372	L	7Networks_LH_SalVentAttn_FrOperIns_2	#c43bfcff
16595908	L	7Networks_LH_SalVentAttn_FrOperIns_3	#c43bfdff
16661444	L	7Networks_LH_SalVentAttn_FrOperIns_4	#c43bfeff
16726980	L	7Networks_LH_SalVentAttn_PFCl_1	#c43bffff
16464581	L	7Networks_LH_SalVentAttn_Med_1	#c53afbff
16530117	L	7Networks_LH_SalVentAttn_Med_2	#c53afcff
16595653	L	7Networks_LH_SalVentAttn_Med_3	#c53afdff
10877148	L	7Networks_LH_Limbic_OFC_1	#dcf8a5ff
10942684	L	7Networks_LH_Limbic_OFC_2	#dcf8a6ff
11008220	L	7Networks_LH_Limbic_TempPole_1	#dcf8a7ff
11073756	L	7Networks_LH_Limbic_TempPole_2	#dcf8a8ff
11139292	L	7Networks_LH_Limbic_TempPole_3	#dcf8a9ff
11204828	L	7Networks_LH_Limbic_TempPole_4	#dcf8aaff
2331878	L	7Networks_LH_Cont_Par_1	#e69423ff
2397414	L	7Networks_LH_Cont_Par_2	#e69424ff
2462950	L	7Networks_LH_Cont_Par_3	#e69425ff
2528486	L	7Networks_LH_Cont_Temp_1	#e69426ff
2266598	L	7Networks_LH_Cont_OFC_1	#e69522ff
2397670	L	7Networks_LH_Cont_PFCl_1	#e69524ff
2463206	L	7Networks_LH_Cont_PFCl_2	#e69525ff
2528742	L	7Networks_LH_Cont_PFCl_3	#e69526ff
2594278	L	7Networks_LH_Cont_PFCl_4	#e69527ff
2659814	L	7Networks_LH_Cont_PFCl_5	#e69528ff
2332135	L	7Networks_LH_Cont_pCun_1	#e79523ff
2397671	L	7Networks_LH_Cont_Cing_1	#e79524ff
2463207	L	7Networks_LH_Cont_Cing_2	#e79525ff
4996813	L	7Networks_LH_Default_Temp_1	#cd3e4cff
5062349	L	7Networks_LH_Default_Temp_2	#cd3e4dff
5127885	L	7Networks_LH_Default_Temp_3	#cd3e4eff
5258957	L	7Networks_LH_Default_Temp_4	#cd3e50ff
5324493	L	7Networks_LH_Default_Temp_5	#cd3e51ff
5390029	L	7Networks_LH_Default_Par_1	#cd3e52ff
5455565	L	7Networks_LH_Default_Par_2	#cd3e53ff
5521101	L	7Networks_LH_Default_Par_3	#cd3e54ff
5586637	L	7Networks_LH_Default_Par_4	#cd3e55ff
4800461	L	7Networks_LH_Default_PFC_1	#cd3f49ff
4865997	L	7Networks_LH_Default_PFC_2	#cd3f4aff
4931533	L	7Networks_LH_Default_PFC_3	#cd3f4bff
4997069	L	7Networks_LH_Default_PFC_4	#cd3f4cff
5062605	L	7Networks_LH_Default_PFC_5	#cd3f4dff
5193677	L	7Networks_LH_Default_PFC_6	#cd3f4fff
5259213	L	7Networks_LH_Default_PFC_7	#cd3f50ff
5324749	L	7Networks_LH_Default_PFC_8	#cd3f51ff
5390285	L	7Networks_LH_Default_PFC_9	#cd3f52ff
5455821	L	7Networks_LH_Default_PFC_10	#cd3f53ff
5521357	L	7Networks_LH_Default_PFC_11	#cd3f54ff
5586893	L	7Networks_LH_Default_PFC_12	#cd3f55ff
5128397	L	7Networks_LH_Default_PFC_13	#cd404eff
5652429	L	7Networks_LH_Default_pCunPCC_1	#cd3f56ff
5193933	L	7Networks_LH_Default_pCunPCC_2	#cd404fff
5259469	L	7Networks_LH_Default_pCunPCC_3	#cd4050ff
5325005	L	7Networks_LH_Default_pCunPCC_4	#cd4051ff
5193422	L	7Networks_LH_Default_PHC_1	#ce3e4fff
65793	R	Background+FreeSurfer_Defined_Medial_Wall	#010101ff
8458876	R	7Networks_RH_Vis_1	#7c1281ff
8524412	R	7Networks_RH_Vis_2	#7c1282ff
8589948	R	7Networks_RH_Vis_3	#7c1283ff
8655484	R	7Networks_RH_Vis_4	#7c1284ff
8721020	R	7Networks_RH_Vis_5	#7c1285ff
8786556	R	7Networks_RH_Vis_6	#7c1286ff
8917628	R	7Networks_RH_Vis_7	#7c1288ff
8983164	R	7Networks_RH_Vis_8	#7c1289ff
9048700	R	7Networks_RH_Vis_9	#7c128aff
9114236	R	7Networks_RH_Vis_10	#7c128bff
9179772	R	7Networks_RH_Vis_11	#7c128cff
9245308	R	7Networks_RH_Vis_12	#7c128dff
9310844	R	7Networks_RH_Vis_13	#7c128eff
8852348	R	7Networks_RH_Vis_14	#7c1387ff
8917884	R	7Networks_RH_Vis_15	#7c1388ff
11895114	R	7Networks_RH_SomMot_1	#4a81b5ff
11436618	R	7Networks_RH_SomMot_2	#4a82aeff
11502154	R	7Networks_RH_SomMot_3	#4a82afff
11567690	R	7Networks_RH_SomMot_4	#4a82b0ff
11633226	R	7Networks_RH_SomMot_5	#4a82b1ff
11698762	R	7Networks_RH_SomMot_6	#4a82b2ff
11764298	R	7Networks_RH_SomMot_7	#4a82b3ff
11829834	R	7Networks_RH_SomMot_8	#4a82b4ff
11960906	R	7Networks_RH_SomMot_9	#4a82b6ff
12026442	R	7Networks_RH_SomMot_10	#4a82b7ff
12091978	R	7Networks_RH_SomMot_11	#4a82b8ff
12157514	R	7Networks_RH_SomMot_12	#4a82b9ff
12223050	R	7Networks_RH_SomMot_13	#4a82baff
12288586	R	7Networks_RH_SomMot_14	#4a82bbff
12354122	R	7Networks_RH_SomMot_15	#4a82bcff
11895626	R	7Networks_RH_SomMot_16	#4a83b5ff
11961162	R	7Networks_RH_SomMot_17	#4a83b6ff
12026698	R	7Networks_RH_SomMot_18	#4a83b7ff
12092234	R	7Networks_RH_SomMot_19	#4a83b8ff
816900	R	7Networks_RH_DorsAttn_Post_1	#04770cff
882436	R	7Networks_RH_DorsAttn_Post_2	#04770dff
947972	R	7Networks_RH_DorsAttn_Post_3	#04770eff
1079044	R	7Networks_RH_DorsAttn_Post_4	#047710ff
1144580	R	7Networks_RH_DorsAttn_Post_5	#047711ff
1210116	R	7Networks_RH_DorsAttn_Post_6	#047712ff
1275652	R	7Networks_RH_DorsAttn_Post_7	#047713ff
1341188	R	7Networks_RH_DorsAttn_Post_8	#047714ff
1406724	R	7Networks_RH_DorsAttn_Post_9	#047715ff
1472260	R	7Networks_RH_DorsAttn_Post_10	#047716ff
1013253	R	7Networks_RH_DorsAttn_FEF_1	#05760fff
1078789	R	7Networks_RH_DorsAttn_FEF_2	#057610ff
1144325	R	7Networks_RH_DorsAttn_PrCv_1	#057611ff
16530121	R	7Networks_RH_SalVentAttn_TempOccPar_1	#c93afcff
16595657	R	7Networks_RH_SalVentAttn_TempOccPar_2	#c93afdff
16661193	R	7Networks_RH_SalVentAttn_TempOccPar_3	#c93afeff
16464841	R	7Networks_RH_SalVentAttn_PrC_1	#c93bfbff
16530377	R	7Networks_RH_SalVentAttn_FrOperIns_1	#c93bfcff
16595913	R	7Networks_RH_SalVentAttn_FrOperIns_2	#c93bfdff
16661449	R	7Networks_RH_SalVentAttn_FrOperIns_3	#c93bfeff
16726985	R	7Networks_RH_SalVentAttn_FrOperIns_4	#c93bffff
16398792	R	7Networks_RH_SalVentAttn_Med_1	#c839faff
16464328	R	7Networks_RH_SalVentAttn_Med_2	#c839fbff
16529864	R	7Networks_RH_SalVentAttn_Med_3	#c839fcff
10877408	R	7Networks_RH_Limbic_OFC_1	#e0f9a5ff
10942944	R	7Networks_RH_Limbic_OFC_2	#e0f9a6ff
11008480	R	7Networks_RH_Limbic_OFC_3	#e0f9a7ff
11074016	R	7Networks_RH_Limbic_TempPole_1	#e0f9a8ff
11139552	R	7Networks_RH_Limbic_TempPole_2	#e0f9a9ff
11205088	R	7Networks_RH_Limbic_TempPole_3	#e0f9aaff
2331626	R	7Networks_RH_Cont_Par_1	#ea9323ff
2397162	R	7Networks_RH_Cont_Par_2	#ea9324ff
2462698	R	7Networks_RH_Cont_Par_3	#ea9325ff
2266090	R	7Networks_RH_Cont_Temp_1	#ea9322ff
2331881	R	7Networks_RH_Cont_PFCv_1	#e99423ff
2069737	R	7Networks_RH_Cont_PFCl_1	#e9941fff
2135273	R	7Networks_RH_Cont_PFCl_2	#e99420ff
2266345	R	7Networks_RH_Cont_PFCl_3	#e99422ff
2397417	R	7Networks_RH_Cont_PFCl_4	#e99424ff
2462953	R	7Networks_RH_Cont_PFCl_5	#e99425ff
2528489	R	7Networks_RH_Cont_PFCl_6	#e99426ff
2594025	R	7Networks_RH_Cont_PFCl_7	#e99427ff
2331625	R	7Networks_RH_Cont_pCun_1	#e99323ff
2462954	R	7Networks_RH_Cont_Cing_1	#ea9425ff
2528490	R	7Networks_RH_Cont_Cing_2	#ea9426ff
2594026	R	7Networks_RH_Cont_PFCmp_1	#ea9427ff
2659562	R	7Networks_RH_Cont_PFCmp_2	#ea9428ff
5127889	R	7Networks_RH_Default_Par_1	#d13e4eff
5193425	R	7Networks_RH_Default_Par_2	#d13e4fff
5258961	R	7Networks_RH_Default_Par_3	#d13e50ff
5062097	R	7Networks_RH_Default_Temp_1	#d13d4dff
5193169	R	7Networks_RH_Default_Temp_2	#d13d4fff
5258705	R	7Networks_RH_Default_Temp_3	#d13d50ff
5324241	R	7Networks_RH_Default_Temp_4	#d13d51ff
5389777	R	7Networks_RH_Default_Temp_5	#d13d52ff
5127633	R	7Networks_RH_Default_PFCv_1	#d13d4eff
4996816	R	7Networks_RH_Default_PFCdPFCm_1	#d03e4cff
5062352	R	7Networks_RH_Default_PFCdPFCm_2	#d03e4dff
5193424	R	7Networks_RH_Default_PFCdPFCm_3	#d03e4fff
5258960	R	7Networks_RH_Default_PFCdPFCm_4	#d03e50ff
5324496	R	7Networks_RH_Default_PFCdPFCm_5	#d03e51ff
5390032	R	7Networks_RH_Default_PFCdPFCm_6	#d03e52ff
5455568	R	7Networks_RH_Default_PFCdPFCm_7	#d03e53ff
5127888	R	7Networks_RH_Default_pCunPCC_1	#d03e4eff
5521104	R	7Networks_RH_Default_pCunPCC_2	#d03e54ff
5062608	R	7Networks_RH_Default_pCunPCC_3	#d03f4dff
