index	name	color
65793	Background+FreeSurfer_Defined_Medial_Wall	#010101ff
8852344	17Networks_RH_VisCent_Striate_1	#781387ff
8917880	17Networks_RH_VisCent_Striate_2	#781388ff
8983416	17Networks_RH_VisCent_Striate_3	#781389ff
9048952	17Networks_RH_VisCent_Striate_4	#78138aff
8851832	17Networks_RH_VisCent_ExStr_1	#781187ff
8393336	17Networks_RH_VisCent_ExStr_2	#781280ff
8458872	17Networks_RH_VisCent_ExStr_3	#781281ff
8524408	17Networks_RH_VisCent_ExStr_4	#781282ff
8589944	17Networks_RH_VisCent_ExStr_5	#781283ff
8655480	17Networks_RH_VisCent_ExStr_6	#781284ff
8721016	17Networks_RH_VisCent_ExStr_7	#781285ff
8786552	17Networks_RH_VisCent_ExStr_8	#781286ff
8852088	17Networks_RH_VisCent_ExStr_9	#781287ff
8393592	17Networks_RH_VisCent_ExStr_10	#781380ff
8459128	17Networks_RH_VisCent_ExStr_11	#781381ff
8524664	17Networks_RH_VisCent_ExStr_12	#781382ff
8590200	17Networks_RH_VisCent_ExStr_13	#781383ff
8655736	17Networks_RH_VisCent_ExStr_14	#781384ff
8721272	17Networks_RH_VisCent_ExStr_15	#781385ff
8786808	17Networks_RH_VisCent_ExStr_16	#781386ff
9114488	17Networks_RH_VisCent_ExStr_17	#78138bff
9180024	17Networks_RH_VisCent_ExStr_18	#78138cff
9245560	17Networks_RH_VisCent_ExStr_19	#78138dff
9311096	17Networks_RH_VisCent_ExStr_20	#78138eff
8852600	17Networks_RH_VisCent_ExStr_21	#781487ff
8918136	17Networks_RH_VisCent_ExStr_22	#781488ff
8983672	17Networks_RH_VisCent_ExStr_23	#781489ff
9049208	17Networks_RH_VisCent_ExStr_24	#78148aff
9114744	17Networks_RH_VisCent_ExStr_25	#78148bff
9180280	17Networks_RH_VisCent_ExStr_26	#78148cff
9245816	17Networks_RH_VisCent_ExStr_27	#78148dff
9311352	17Networks_RH_VisCent_ExStr_28	#78148eff
8852856	17Networks_RH_VisCent_ExStr_29	#781587ff
8918392	17Networks_RH_VisCent_ExStr_30	#781588ff
8983928	17Networks_RH_VisCent_ExStr_31	#781589ff
9049464	17Networks_RH_VisCent_ExStr_32	#78158aff
9115000	17Networks_RH_VisCent_ExStr_33	#78158bff
9180536	17Networks_RH_VisCent_ExStr_34	#78158cff
9246072	17Networks_RH_VisCent_ExStr_35	#78158dff
511	17Networks_RH_VisPeri_StriCal_1	#ff0100ff
131583	17Networks_RH_VisPeri_StriCal_2	#ff0102ff
197119	17Networks_RH_VisPeri_StriCal_3	#ff0103ff
262655	17Networks_RH_VisPeri_StriCal_4	#ff0104ff
328191	17Networks_RH_VisPeri_StriCal_5	#ff0105ff
393727	17Networks_RH_VisPeri_StriCal_6	#ff0106ff
65790	17Networks_RH_VisPeri_ExStrInf_1	#fe0001ff
131326	17Networks_RH_VisPeri_ExStrInf_2	#fe0002ff
196862	17Networks_RH_VisPeri_ExStrInf_3	#fe0003ff
262398	17Networks_RH_VisPeri_ExStrInf_4	#fe0004ff
327934	17Networks_RH_VisPeri_ExStrInf_5	#fe0005ff
393470	17Networks_RH_VisPeri_ExStrInf_6	#fe0006ff
459006	17Networks_RH_VisPeri_ExStrInf_7	#fe0007ff
510	17Networks_RH_VisPeri_ExStrInf_8	#fe0100ff
66046	17Networks_RH_VisPeri_ExStrInf_9	#fe0101ff
131582	17Networks_RH_VisPeri_ExStrInf_10	#fe0102ff
197118	17Networks_RH_VisPeri_ExStrInf_11	#fe0103ff
262654	17Networks_RH_VisPeri_ExStrInf_12	#fe0104ff
254	17Networks_RH_VisPeri_ExStrSup_1	#fe0000ff
524542	17Networks_RH_VisPeri_ExStrSup_2	#fe0008ff
328190	17Networks_RH_VisPeri_ExStrSup_3	#fe0105ff
393726	17Networks_RH_VisPeri_ExStrSup_4	#fe0106ff
459262	17Networks_RH_VisPeri_ExStrSup_5	#fe0107ff
524798	17Networks_RH_VisPeri_ExStrSup_6	#fe0108ff
66302	17Networks_RH_VisPeri_ExStrSup_7	#fe0201ff
131838	17Networks_RH_VisPeri_ExStrSup_8	#fe0202ff
197374	17Networks_RH_VisPeri_ExStrSup_9	#fe0203ff
262910	17Networks_RH_VisPeri_ExStrSup_10	#fe0204ff
328446	17Networks_RH_VisPeri_ExStrSup_11	#fe0205ff
11501894	17Networks_RH_SomMotA_1	#4681afff
11567430	17Networks_RH_SomMotA_2	#4681b0ff
11632966	17Networks_RH_SomMotA_3	#4681b1ff
11698502	17Networks_RH_SomMotA_4	#4681b2ff
11764038	17Networks_RH_SomMotA_5	#4681b3ff
11829574	17Networks_RH_SomMotA_6	#4681b4ff
11895110	17Networks_RH_SomMotA_7	#4681b5ff
11436614	17Networks_RH_SomMotA_8	#4682aeff
11502150	17Networks_RH_SomMotA_9	#4682afff
11567686	17Networks_RH_SomMotA_10	#4682b0ff
11633222	17Networks_RH_SomMotA_11	#4682b1ff
11698758	17Networks_RH_SomMotA_12	#4682b2ff
11764294	17Networks_RH_SomMotA_13	#4682b3ff
11829830	17Networks_RH_SomMotA_14	#4682b4ff
11895366	17Networks_RH_SomMotA_15	#4682b5ff
11436870	17Networks_RH_SomMotA_16	#4683aeff
11502406	17Networks_RH_SomMotA_17	#4683afff
11567942	17Networks_RH_SomMotA_18	#4683b0ff
11633478	17Networks_RH_SomMotA_19	#4683b1ff
11699014	17Networks_RH_SomMotA_20	#4683b2ff
11764550	17Networks_RH_SomMotA_21	#4683b3ff
11830086	17Networks_RH_SomMotA_22	#4683b4ff
11961158	17Networks_RH_SomMotA_23	#4683b6ff
12026694	17Networks_RH_SomMotA_24	#4683b7ff
12092230	17Networks_RH_SomMotA_25	#4683b8ff
12157766	17Networks_RH_SomMotA_26	#4683b9ff
12223302	17Networks_RH_SomMotA_27	#4683baff
12288838	17Networks_RH_SomMotA_28	#4683bbff
12354374	17Networks_RH_SomMotA_29	#4683bcff
11895878	17Networks_RH_SomMotA_30	#4684b5ff
11961414	17Networks_RH_SomMotA_31	#4684b6ff
12026950	17Networks_RH_SomMotA_32	#4684b7ff
12092486	17Networks_RH_SomMotA_33	#4684b8ff
12158022	17Networks_RH_SomMotA_34	#4684b9ff
12223558	17Networks_RH_SomMotA_35	#4684baff
12289094	17Networks_RH_SomMotA_36	#4684bbff
12354630	17Networks_RH_SomMotA_37	#4684bcff
11896134	17Networks_RH_SomMotA_38	#4685b5ff
11961670	17Networks_RH_SomMotA_39	#4685b6ff
12027206	17Networks_RH_SomMotA_40	#4685b7ff
12092742	17Networks_RH_SomMotA_41	#4685b8ff
12158278	17Networks_RH_SomMotA_42	#4685b9ff
12223814	17Networks_RH_SomMotA_43	#4685baff
12289350	17Networks_RH_SomMotA_44	#4685bbff
12354886	17Networks_RH_SomMotA_45	#4685bcff
11896390	17Networks_RH_SomMotA_46	#4686b5ff
11961926	17Networks_RH_SomMotA_47	#4686b6ff
12027462	17Networks_RH_SomMotA_48	#4686b7ff
10603563	17Networks_RH_SomMotB_Cent_1	#2bcca1ff
10669099	17Networks_RH_SomMotB_Cent_2	#2bcca2ff
10734635	17Networks_RH_SomMotB_Cent_3	#2bcca3ff
10800171	17Networks_RH_SomMotB_Cent_4	#2bcca4ff
10931243	17Networks_RH_SomMotB_Cent_5	#2bcca6ff
10996779	17Networks_RH_SomMotB_Cent_6	#2bcca7ff
11062315	17Networks_RH_SomMotB_Cent_7	#2bcca8ff
11127851	17Networks_RH_SomMotB_Cent_8	#2bcca9ff
11193387	17Networks_RH_SomMotB_Cent_9	#2bccaaff
11258923	17Networks_RH_SomMotB_Cent_10	#2bccabff
11324459	17Networks_RH_SomMotB_Cent_11	#2bccacff
10865963	17Networks_RH_SomMotB_Cent_12	#2bcda5ff
10407211	17Networks_RH_SomMotB_S2_1	#2bcd9eff
10472747	17Networks_RH_SomMotB_S2_2	#2bcd9fff
10538283	17Networks_RH_SomMotB_S2_3	#2bcda0ff
10603819	17Networks_RH_SomMotB_S2_4	#2bcda1ff
10669355	17Networks_RH_SomMotB_S2_5	#2bcda2ff
10734891	17Networks_RH_SomMotB_S2_6	#2bcda3ff
10931499	17Networks_RH_SomMotB_S2_7	#2bcda6ff
10997035	17Networks_RH_SomMotB_S2_8	#2bcda7ff
11062571	17Networks_RH_SomMotB_S2_9	#2bcda8ff
11128107	17Networks_RH_SomMotB_S2_10	#2bcda9ff
11193643	17Networks_RH_SomMotB_S2_11	#2bcdaaff
11259179	17Networks_RH_SomMotB_S2_12	#2bcdabff
10800683	17Networks_RH_SomMotB_S2_13	#2bcea4ff
10866219	17Networks_RH_SomMotB_S2_14	#2bcea5ff
10931755	17Networks_RH_SomMotB_S2_15	#2bcea6ff
11324715	17Networks_RH_SomMotB_Ins_1	#2bcdacff
10406954	17Networks_RH_SomMotB_Aud_1	#2acc9eff
10472490	17Networks_RH_SomMotB_Aud_2	#2acc9fff
10538026	17Networks_RH_SomMotB_Aud_3	#2acca0ff
10603562	17Networks_RH_SomMotB_Aud_4	#2acca1ff
10669098	17Networks_RH_SomMotB_Aud_5	#2acca2ff
10800170	17Networks_RH_SomMotB_Aud_6	#2acca4ff
10865706	17Networks_RH_SomMotB_Aud_7	#2acca5ff
10931242	17Networks_RH_SomMotB_Aud_8	#2acca6ff
10996778	17Networks_RH_SomMotB_Aud_9	#2acca7ff
11062314	17Networks_RH_SomMotB_Aud_10	#2acca8ff
11127850	17Networks_RH_SomMotB_Aud_11	#2acca9ff
11193386	17Networks_RH_SomMotB_Aud_12	#2accaaff
10734890	17Networks_RH_SomMotB_Aud_13	#2acda3ff
10800426	17Networks_RH_SomMotB_Aud_14	#2acda4ff
3906634	17Networks_RH_DorsAttnA_TempOcc_1	#4a9c3bff
3972170	17Networks_RH_DorsAttnA_TempOcc_2	#4a9c3cff
4103242	17Networks_RH_DorsAttnA_TempOcc_3	#4a9c3eff
4168778	17Networks_RH_DorsAttnA_TempOcc_4	#4a9c3fff
4234314	17Networks_RH_DorsAttnA_TempOcc_5	#4a9c40ff
4299850	17Networks_RH_DorsAttnA_TempOcc_6	#4a9c41ff
4365386	17Networks_RH_DorsAttnA_TempOcc_7	#4a9c42ff
4430922	17Networks_RH_DorsAttnA_TempOcc_8	#4a9c43ff
3775307	17Networks_RH_DorsAttnA_ParOcc_1	#4b9b39ff
3840843	17Networks_RH_DorsAttnA_ParOcc_2	#4b9b3aff
3906379	17Networks_RH_DorsAttnA_ParOcc_3	#4b9b3bff
4037451	17Networks_RH_DorsAttnA_ParOcc_4	#4b9b3dff
4102987	17Networks_RH_DorsAttnA_ParOcc_5	#4b9b3eff
4168523	17Networks_RH_DorsAttnA_ParOcc_6	#4b9b3fff
4234059	17Networks_RH_DorsAttnA_ParOcc_7	#4b9b40ff
4299595	17Networks_RH_DorsAttnA_ParOcc_8	#4b9b41ff
4365131	17Networks_RH_DorsAttnA_ParOcc_9	#4b9b42ff
3578699	17Networks_RH_DorsAttnA_SPL_1	#4b9b36ff
3644235	17Networks_RH_DorsAttnA_SPL_2	#4b9b37ff
3709771	17Networks_RH_DorsAttnA_SPL_3	#4b9b38ff
3971915	17Networks_RH_DorsAttnA_SPL_4	#4b9b3cff
4430667	17Networks_RH_DorsAttnA_SPL_5	#4b9b43ff
4496203	17Networks_RH_DorsAttnA_SPL_6	#4b9b44ff
4037707	17Networks_RH_DorsAttnA_SPL_7	#4b9c3dff
4103243	17Networks_RH_DorsAttnA_SPL_8	#4b9c3eff
4168779	17Networks_RH_DorsAttnA_SPL_9	#4b9c3fff
4234315	17Networks_RH_DorsAttnA_SPL_10	#4b9c40ff
4299851	17Networks_RH_DorsAttnA_SPL_11	#4b9c41ff
4365387	17Networks_RH_DorsAttnA_SPL_12	#4b9c42ff
4430923	17Networks_RH_DorsAttnA_SPL_13	#4b9c43ff
4496459	17Networks_RH_DorsAttnA_SPL_14	#4b9c44ff
4037963	17Networks_RH_DorsAttnA_SPL_15	#4b9d3dff
4103499	17Networks_RH_DorsAttnA_SPL_16	#4b9d3eff
4169035	17Networks_RH_DorsAttnA_SPL_17	#4b9d3fff
1013249	17Networks_RH_DorsAttnB_TempOcc_1	#01760fff
1012993	17Networks_RH_DorsAttnB_PostC_1	#01750fff
554497	17Networks_RH_DorsAttnB_PostC_2	#017608ff
620033	17Networks_RH_DorsAttnB_PostC_3	#017609ff
685569	17Networks_RH_DorsAttnB_PostC_4	#01760aff
751105	17Networks_RH_DorsAttnB_PostC_5	#01760bff
816641	17Networks_RH_DorsAttnB_PostC_6	#01760cff
882177	17Networks_RH_DorsAttnB_PostC_7	#01760dff
947713	17Networks_RH_DorsAttnB_PostC_8	#01760eff
1078785	17Networks_RH_DorsAttnB_PostC_9	#017610ff
1144321	17Networks_RH_DorsAttnB_PostC_10	#017611ff
1209857	17Networks_RH_DorsAttnB_PostC_11	#017612ff
1275393	17Networks_RH_DorsAttnB_PostC_12	#017613ff
1340929	17Networks_RH_DorsAttnB_PostC_13	#017614ff
1406465	17Networks_RH_DorsAttnB_PostC_14	#017615ff
1472001	17Networks_RH_DorsAttnB_PostC_15	#017616ff
1013505	17Networks_RH_DorsAttnB_PostC_16	#01770fff
1079041	17Networks_RH_DorsAttnB_PostC_17	#017710ff
1144577	17Networks_RH_DorsAttnB_PostC_18	#017711ff
1210113	17Networks_RH_DorsAttnB_PostC_19	#017712ff
1275649	17Networks_RH_DorsAttnB_PostC_20	#017713ff
882433	17Networks_RH_DorsAttnB_FEF_1	#01770dff
1341185	17Networks_RH_DorsAttnB_FEF_2	#017714ff
1406721	17Networks_RH_DorsAttnB_FEF_3	#017715ff
948225	17Networks_RH_DorsAttnB_FEF_4	#01780eff
1013761	17Networks_RH_DorsAttnB_FEF_5	#01780fff
1079297	17Networks_RH_DorsAttnB_FEF_6	#017810ff
1472257	17Networks_RH_DorsAttnB_PrCv_1	#017716ff
16136900	17Networks_RH_SalVentAttnA_ParOper_1	#c43af6ff
16202436	17Networks_RH_SalVentAttnA_ParOper_2	#c43af7ff
16267972	17Networks_RH_SalVentAttnA_ParOper_3	#c43af8ff
16399044	17Networks_RH_SalVentAttnA_ParOper_4	#c43afaff
16464580	17Networks_RH_SalVentAttnA_ParOper_5	#c43afbff
16530116	17Networks_RH_SalVentAttnA_ParOper_6	#c43afcff
16595652	17Networks_RH_SalVentAttnA_ParOper_7	#c43afdff
16661188	17Networks_RH_SalVentAttnA_ParOper_8	#c43afeff
16726724	17Networks_RH_SalVentAttnA_ParOper_9	#c43affff
16333764	17Networks_RH_SalVentAttnA_ParOper_10	#c43bf9ff
16464324	17Networks_RH_SalVentAttnA_PrC_1	#c439fbff
16529860	17Networks_RH_SalVentAttnA_PrC_2	#c439fcff
16202180	17Networks_RH_SalVentAttnA_FrOper_1	#c439f7ff
16267716	17Networks_RH_SalVentAttnA_FrOper_2	#c439f8ff
16398788	17Networks_RH_SalVentAttnA_FrOper_3	#c439faff
16595396	17Networks_RH_SalVentAttnA_FrOper_4	#c439fdff
16660932	17Networks_RH_SalVentAttnA_FrOper_5	#c439feff
16726468	17Networks_RH_SalVentAttnA_FrOper_6	#c439ffff
16333508	17Networks_RH_SalVentAttnA_FrOper_7	#c43af9ff
16331713	17Networks_RH_SalVentAttnA_FrOper_8	#c133f9ff
16202435	17Networks_RH_SalVentAttnA_Ins_1	#c33af7ff
16267971	17Networks_RH_SalVentAttnA_Ins_2	#c33af8ff
16333507	17Networks_RH_SalVentAttnA_Ins_3	#c33af9ff
16464579	17Networks_RH_SalVentAttnA_Ins_4	#c33afbff
16530115	17Networks_RH_SalVentAttnA_Ins_5	#c33afcff
16595651	17Networks_RH_SalVentAttnA_Ins_6	#c33afdff
16661187	17Networks_RH_SalVentAttnA_Ins_7	#c33afeff
16726723	17Networks_RH_SalVentAttnA_Ins_8	#c33affff
16397248	17Networks_RH_SalVentAttnA_Ins_9	#c033faff
16071363	17Networks_RH_SalVentAttnA_ParMed_1	#c33af5ff
16136899	17Networks_RH_SalVentAttnA_ParMed_2	#c33af6ff
16399043	17Networks_RH_SalVentAttnA_ParMed_3	#c33afaff
16331712	17Networks_RH_SalVentAttnA_ParMed_4	#c033f9ff
15873216	17Networks_RH_SalVentAttnA_ParMed_5	#c034f2ff
15938752	17Networks_RH_SalVentAttnA_ParMed_6	#c034f3ff
16004288	17Networks_RH_SalVentAttnA_ParMed_7	#c034f4ff
16069824	17Networks_RH_SalVentAttnA_ParMed_8	#c034f5ff
16135360	17Networks_RH_SalVentAttnA_ParMed_9	#c034f6ff
16200896	17Networks_RH_SalVentAttnA_ParMed_10	#c034f7ff
16266432	17Networks_RH_SalVentAttnA_ParMed_11	#c034f8ff
16202179	17Networks_RH_SalVentAttnA_FrMed_1	#c339f7ff
16267715	17Networks_RH_SalVentAttnA_FrMed_2	#c339f8ff
16333251	17Networks_RH_SalVentAttnA_FrMed_3	#c339f9ff
16464323	17Networks_RH_SalVentAttnA_FrMed_4	#c339fbff
16529859	17Networks_RH_SalVentAttnA_FrMed_5	#c339fcff
16595395	17Networks_RH_SalVentAttnA_FrMed_6	#c339fdff
16660931	17Networks_RH_SalVentAttnA_FrMed_7	#c339feff
16726467	17Networks_RH_SalVentAttnA_FrMed_8	#c339ffff
16396992	17Networks_RH_SalVentAttnA_FrMed_9	#c032faff
15938496	17Networks_RH_SalVentAttnA_FrMed_10	#c033f3ff
14063870	17Networks_RH_SalVentAttnB_IPL_1	#fe98d6ff
14129406	17Networks_RH_SalVentAttnB_IPL_2	#fe98d7ff
14194942	17Networks_RH_SalVentAttnB_IPL_3	#fe98d8ff
14260478	17Networks_RH_SalVentAttnB_IPL_4	#fe98d9ff
13932542	17Networks_RH_SalVentAttnB_PFCl_1	#fe97d4ff
14063614	17Networks_RH_SalVentAttnB_PFCl_2	#fe97d6ff
14129150	17Networks_RH_SalVentAttnB_PFCl_3	#fe97d7ff
14194686	17Networks_RH_SalVentAttnB_PFCl_4	#fe97d8ff
14260222	17Networks_RH_SalVentAttnB_PFCl_5	#fe97d9ff
14325758	17Networks_RH_SalVentAttnB_PFCl_6	#fe97daff
13998078	17Networks_RH_SalVentAttnB_PFClv_1	#fe97d5ff
14391294	17Networks_RH_SalVentAttnB_PFClv_2	#fe97dbff
13867262	17Networks_RH_SalVentAttnB_Ins_1	#fe98d3ff
13932798	17Networks_RH_SalVentAttnB_Ins_2	#fe98d4ff
13998334	17Networks_RH_SalVentAttnB_Ins_3	#fe98d5ff
14326014	17Networks_RH_SalVentAttnB_Ins_4	#fe98daff
14391550	17Networks_RH_SalVentAttnB_Ins_5	#fe98dbff
14457086	17Networks_RH_SalVentAttnB_Ins_6	#fe98dcff
14522622	17Networks_RH_SalVentAttnB_Ins_7	#fe98ddff
14064126	17Networks_RH_SalVentAttnB_Ins_8	#fe99d6ff
14129662	17Networks_RH_SalVentAttnB_Ins_9	#fe99d7ff
13933054	17Networks_RH_SalVentAttnB_PFCmp_1	#fe99d4ff
14195198	17Networks_RH_SalVentAttnB_PFCmp_2	#fe99d8ff
14260734	17Networks_RH_SalVentAttnB_PFCmp_3	#fe99d9ff
14326270	17Networks_RH_SalVentAttnB_PFCmp_4	#fe99daff
14391806	17Networks_RH_SalVentAttnB_PFCmp_5	#fe99dbff
13998079	17Networks_RH_SalVentAttnB_Cinga_1	#ff97d5ff
2983802	17Networks_RH_LimbicB_OFC_1	#7a872dff
3049338	17Networks_RH_LimbicB_OFC_2	#7a872eff
3114874	17Networks_RH_LimbicB_OFC_3	#7a872fff
3180410	17Networks_RH_LimbicB_OFC_4	#7a8730ff
3245946	17Networks_RH_LimbicB_OFC_5	#7a8731ff
3311482	17Networks_RH_LimbicB_OFC_6	#7a8732ff
3442554	17Networks_RH_LimbicB_OFC_7	#7a8734ff
3508090	17Networks_RH_LimbicB_OFC_8	#7a8735ff
3573626	17Networks_RH_LimbicB_OFC_9	#7a8736ff
3639162	17Networks_RH_LimbicB_OFC_10	#7a8737ff
3704698	17Networks_RH_LimbicB_OFC_11	#7a8738ff
3770234	17Networks_RH_LimbicB_OFC_12	#7a8739ff
3835770	17Networks_RH_LimbicB_OFC_13	#7a873aff
3377274	17Networks_RH_LimbicB_OFC_14	#7a8833ff
3442810	17Networks_RH_LimbicB_OFC_15	#7a8834ff
3508346	17Networks_RH_LimbicB_OFC_16	#7a8835ff
10483932	17Networks_RH_LimbicA_TempPole_1	#dcf89fff
10549468	17Networks_RH_LimbicA_TempPole_2	#dcf8a0ff
10615004	17Networks_RH_LimbicA_TempPole_3	#dcf8a1ff
10680540	17Networks_RH_LimbicA_TempPole_4	#dcf8a2ff
10746076	17Networks_RH_LimbicA_TempPole_5	#dcf8a3ff
10811612	17Networks_RH_LimbicA_TempPole_6	#dcf8a4ff
10942684	17Networks_RH_LimbicA_TempPole_7	#dcf8a6ff
11008220	17Networks_RH_LimbicA_TempPole_8	#dcf8a7ff
11073756	17Networks_RH_LimbicA_TempPole_9	#dcf8a8ff
11139292	17Networks_RH_LimbicA_TempPole_10	#dcf8a9ff
11204828	17Networks_RH_LimbicA_TempPole_11	#dcf8aaff
11270364	17Networks_RH_LimbicA_TempPole_12	#dcf8abff
11335900	17Networks_RH_LimbicA_TempPole_13	#dcf8acff
10877404	17Networks_RH_LimbicA_TempPole_14	#dcf9a5ff
10942940	17Networks_RH_LimbicA_TempPole_15	#dcf9a6ff
2266342	17Networks_RH_ContA_Temp_1	#e69422ff
2331878	17Networks_RH_ContA_Temp_2	#e69423ff
2003942	17Networks_RH_ContA_IPS_1	#e6931eff
2069478	17Networks_RH_ContA_IPS_2	#e6931fff
2135014	17Networks_RH_ContA_IPS_3	#e69320ff
2200550	17Networks_RH_ContA_IPS_4	#e69321ff
2331622	17Networks_RH_ContA_IPS_5	#e69323ff
2397158	17Networks_RH_ContA_IPS_6	#e69324ff
2462694	17Networks_RH_ContA_IPS_7	#e69325ff
2528230	17Networks_RH_ContA_IPS_8	#e69326ff
2593766	17Networks_RH_ContA_IPS_9	#e69327ff
2659302	17Networks_RH_ContA_IPS_10	#e69328ff
2724838	17Networks_RH_ContA_IPS_11	#e69329ff
2397414	17Networks_RH_ContA_IPS_12	#e69424ff
2266086	17Networks_RH_ContA_PFCd_1	#e69322ff
2004197	17Networks_RH_ContA_PFCl_1	#e5941eff
2069733	17Networks_RH_ContA_PFCl_2	#e5941fff
2135269	17Networks_RH_ContA_PFCl_3	#e59420ff
2200805	17Networks_RH_ContA_PFCl_4	#e59421ff
2331877	17Networks_RH_ContA_PFCl_5	#e59423ff
2397413	17Networks_RH_ContA_PFCl_6	#e59424ff
2462949	17Networks_RH_ContA_PFCl_7	#e59425ff
2528485	17Networks_RH_ContA_PFCl_8	#e59426ff
2594021	17Networks_RH_ContA_PFCl_9	#e59427ff
2659557	17Networks_RH_ContA_PFCl_10	#e59428ff
2725093	17Networks_RH_ContA_PFCl_11	#e59429ff
2266341	17Networks_RH_ContA_Cingm_1	#e59422ff
2201061	17Networks_RH_ContA_Cingm_2	#e59521ff
4862856	17Networks_RH_ContB_Temp_1	#88334aff
4993928	17Networks_RH_ContB_Temp_2	#88334cff
5059464	17Networks_RH_ContB_Temp_3	#88334dff
5125000	17Networks_RH_ContB_Temp_4	#88334eff
5190536	17Networks_RH_ContB_Temp_5	#88334fff
4534919	17Networks_RH_ContB_IPL_1	#873245ff
4600455	17Networks_RH_ContB_IPL_2	#873246ff
4665991	17Networks_RH_ContB_IPL_3	#873247ff
4731527	17Networks_RH_ContB_IPL_4	#873248ff
4862599	17Networks_RH_ContB_IPL_5	#87324aff
4928135	17Networks_RH_ContB_IPL_6	#87324bff
4993671	17Networks_RH_ContB_IPL_7	#87324cff
5059207	17Networks_RH_ContB_IPL_8	#87324dff
5124743	17Networks_RH_ContB_IPL_9	#87324eff
5190279	17Networks_RH_ContB_IPL_10	#87324fff
5255815	17Networks_RH_ContB_IPL_11	#873250ff
4797319	17Networks_RH_ContB_IPL_12	#873349ff
4600199	17Networks_RH_ContB_PFCld_1	#873146ff
4665735	17Networks_RH_ContB_PFCld_2	#873147ff
4731271	17Networks_RH_ContB_PFCld_3	#873148ff
4796807	17Networks_RH_ContB_PFCld_4	#873149ff
4927879	17Networks_RH_ContB_PFCld_5	#87314bff
4993415	17Networks_RH_ContB_PFCld_6	#87314cff
5058951	17Networks_RH_ContB_PFCld_7	#87314dff
5124487	17Networks_RH_ContB_PFCld_8	#87314eff
5190023	17Networks_RH_ContB_PFCld_9	#87314fff
5255559	17Networks_RH_ContB_PFCld_10	#873150ff
5321095	17Networks_RH_ContB_PFCld_11	#873151ff
4862343	17Networks_RH_ContB_PFClv_1	#87314aff
4797063	17Networks_RH_ContB_PFClv_2	#873249ff
4862855	17Networks_RH_ContB_PFClv_3	#87334aff
4928391	17Networks_RH_ContB_PFClv_4	#87334bff
4993927	17Networks_RH_ContB_PFClv_5	#87334cff
5059463	17Networks_RH_ContB_PFClv_6	#87334dff
5124999	17Networks_RH_ContB_PFClv_7	#87334eff
5190535	17Networks_RH_ContB_PFClv_8	#87334fff
4928134	17Networks_RH_ContB_PFCmp_1	#86324bff
4993670	17Networks_RH_ContB_PFCmp_2	#86324cff
5059206	17Networks_RH_ContB_PFCmp_3	#86324dff
11308407	17Networks_RH_ContC_pCun_1	#778dacff
11373943	17Networks_RH_ContC_pCun_2	#778dadff
11439479	17Networks_RH_ContC_pCun_3	#778daeff
11505015	17Networks_RH_ContC_pCun_4	#778dafff
11636087	17Networks_RH_ContC_pCun_5	#778db1ff
11701623	17Networks_RH_ContC_pCun_6	#778db2ff
11767159	17Networks_RH_ContC_pCun_7	#778db3ff
11832695	17Networks_RH_ContC_pCun_8	#778db4ff
11898231	17Networks_RH_ContC_pCun_9	#778db5ff
11963767	17Networks_RH_ContC_pCun_10	#778db6ff
12029303	17Networks_RH_ContC_pCun_11	#778db7ff
12094839	17Networks_RH_ContC_Cingp_1	#778db8ff
11636343	17Networks_RH_ContC_Cingp_2	#778eb1ff
11701879	17Networks_RH_ContC_Cingp_3	#778eb2ff
11767415	17Networks_RH_ContC_Cingp_4	#778eb3ff
196606	17Networks_RH_DefaultA_Temp_1	#feff02ff
262142	17Networks_RH_DefaultA_Temp_2	#feff03ff
65279	17Networks_RH_DefaultA_IPL_1	#fffe00ff
196351	17Networks_RH_DefaultA_IPL_2	#fffe02ff
261887	17Networks_RH_DefaultA_IPL_3	#fffe03ff
327423	17Networks_RH_DefaultA_IPL_4	#fffe04ff
392959	17Networks_RH_DefaultA_IPL_5	#fffe05ff
458495	17Networks_RH_DefaultA_IPL_6	#fffe06ff
524031	17Networks_RH_DefaultA_IPL_7	#fffe07ff
589567	17Networks_RH_DefaultA_IPL_8	#fffe08ff
131071	17Networks_RH_DefaultA_PFCd_1	#ffff01ff
262143	17Networks_RH_DefaultA_PFCd_2	#ffff03ff
327679	17Networks_RH_DefaultA_PFCd_3	#ffff04ff
393215	17Networks_RH_DefaultA_PFCd_4	#ffff05ff
458751	17Networks_RH_DefaultA_PFCd_5	#ffff06ff
130559	17Networks_RH_DefaultA_pCunPCC_1	#fffd01ff
196095	17Networks_RH_DefaultA_pCunPCC_2	#fffd02ff
261631	17Networks_RH_DefaultA_pCunPCC_3	#fffd03ff
327167	17Networks_RH_DefaultA_pCunPCC_4	#fffd04ff
392703	17Networks_RH_DefaultA_pCunPCC_5	#fffd05ff
458239	17Networks_RH_DefaultA_pCunPCC_6	#fffd06ff
523775	17Networks_RH_DefaultA_pCunPCC_7	#fffd07ff
130815	17Networks_RH_DefaultA_pCunPCC_8	#fffe01ff
65535	17Networks_RH_DefaultA_pCunPCC_9	#ffff00ff
196607	17Networks_RH_DefaultA_pCunPCC_10	#ffff02ff
524287	17Networks_RH_DefaultA_pCunPCC_11	#ffff07ff
63996	17Networks_RH_DefaultA_pCunPCC_12	#fcf900ff
131069	17Networks_RH_DefaultA_PFCm_1	#fdff01ff
196605	17Networks_RH_DefaultA_PFCm_2	#fdff02ff
262141	17Networks_RH_DefaultA_PFCm_3	#fdff03ff
327677	17Networks_RH_DefaultA_PFCm_4	#fdff04ff
393213	17Networks_RH_DefaultA_PFCm_5	#fdff05ff
458749	17Networks_RH_DefaultA_PFCm_6	#fdff06ff
524285	17Networks_RH_DefaultA_PFCm_7	#fdff07ff
63994	17Networks_RH_DefaultA_PFCm_8	#faf900ff
64250	17Networks_RH_DefaultA_PFCm_9	#fafa00ff
64506	17Networks_RH_DefaultA_PFCm_10	#fafb00ff
5258958	17Networks_RH_DefaultB_Temp_1	#ce3e50ff
5324494	17Networks_RH_DefaultB_Temp_2	#ce3e51ff
5390030	17Networks_RH_DefaultB_Temp_3	#ce3e52ff
5193678	17Networks_RH_DefaultB_AntTemp_1	#ce3f4fff
5259214	17Networks_RH_DefaultB_AntTemp_2	#ce3f50ff
5324750	17Networks_RH_DefaultB_AntTemp_3	#ce3f51ff
5390286	17Networks_RH_DefaultB_AntTemp_4	#ce3f52ff
5062606	17Networks_RH_DefaultB_PFCd_1	#ce3f4dff
5128142	17Networks_RH_DefaultB_PFCd_2	#ce3f4eff
5455822	17Networks_RH_DefaultB_PFCd_3	#ce3f53ff
5521358	17Networks_RH_DefaultB_PFCd_4	#ce3f54ff
5586894	17Networks_RH_DefaultB_PFCd_5	#ce3f55ff
5652430	17Networks_RH_DefaultB_PFCd_6	#ce3f56ff
5193934	17Networks_RH_DefaultB_PFCd_7	#ce404fff
5259470	17Networks_RH_DefaultB_PFCd_8	#ce4050ff
4996813	17Networks_RH_DefaultB_PFCv_1	#cd3e4cff
5127885	17Networks_RH_DefaultB_PFCv_2	#cd3e4eff
5193421	17Networks_RH_DefaultB_PFCv_3	#cd3e4fff
5258957	17Networks_RH_DefaultB_PFCv_4	#cd3e50ff
5324493	17Networks_RH_DefaultB_PFCv_5	#cd3e51ff
5390029	17Networks_RH_DefaultB_PFCv_6	#cd3e52ff
8651008	17Networks_RH_DefaultC_IPL_1	#000184ff
8716544	17Networks_RH_DefaultC_IPL_2	#000185ff
8585217	17Networks_RH_DefaultC_Rsp_1	#010083ff
8650753	17Networks_RH_DefaultC_Rsp_2	#010084ff
8716289	17Networks_RH_DefaultC_Rsp_3	#010085ff
8781825	17Networks_RH_DefaultC_Rsp_4	#010086ff
8847361	17Networks_RH_DefaultC_PHC_1	#010087ff
8912897	17Networks_RH_DefaultC_PHC_2	#010088ff
8978433	17Networks_RH_DefaultC_PHC_3	#010089ff
9043969	17Networks_RH_DefaultC_PHC_4	#01008aff
16592652	17Networks_RH_TempPar_1	#0c2ffdff
16658188	17Networks_RH_TempPar_2	#0c2ffeff
16199692	17Networks_RH_TempPar_3	#0c30f7ff
16265228	17Networks_RH_TempPar_4	#0c30f8ff
16330764	17Networks_RH_TempPar_5	#0c30f9ff
16396300	17Networks_RH_TempPar_6	#0c30faff
16461836	17Networks_RH_TempPar_7	#0c30fbff
16527372	17Networks_RH_TempPar_8	#0c30fcff
16592908	17Networks_RH_TempPar_9	#0c30fdff
16723980	17Networks_RH_TempPar_10	#0c30ffff
16394505	17Networks_RH_TempPar_11	#0929faff
16460041	17Networks_RH_TempPar_12	#0929fbff
16525577	17Networks_RH_TempPar_13	#0929fcff
16591113	17Networks_RH_TempPar_14	#0929fdff
16656649	17Networks_RH_TempPar_15	#0929feff
16198153	17Networks_RH_TempPar_16	#092af7ff
16263689	17Networks_RH_TempPar_17	#092af8ff
16329225	17Networks_RH_TempPar_18	#092af9ff
16394761	17Networks_RH_TempPar_19	#092afaff
16460297	17Networks_RH_TempPar_20	#092afbff
16525833	17Networks_RH_TempPar_21	#092afcff
16591369	17Networks_RH_TempPar_22	#092afdff
