index	name	color
0	"Unknown"	#000000
1	"Left-Cerebral-Exterior"	#4682b4
2	"Left-Cerebral-White-Matter"	#f5f5f5
3	"Left-Cerebral-Cortex"	#cd3e4e
4	"Left-Lateral-Ventricle"	#781286
5	"Left-Inf-Lat-Vent"	#c43afa
6	"Left-Cerebellum-Exterior"	#009400
7	"Left-Cerebellum-White-Matter"	#dcf8a4
8	"Left-Cerebellum-Cortex"	#e69422
9	"Left-Thalamus-unused"	#00760e
10	"Left-Thalamus"	#00760e
11	"Left-Caudate"	#7abadc
12	"Left-Putamen"	#ec0db0
13	"Left-Pallidum"	#0c30ff
14	"3rd-Ventricle"	#ccb68e
15	"4th-Ventricle"	#2acca4
16	"Brain-Stem"	#779fb0
17	"Left-Hippocampus"	#dcd814
18	"Left-Amygdala"	#67ffff
19	"Left-Insula"	#50c462
20	"Left-Operculum"	#3c3ad2
21	"Line-1"	#3c3ad2
22	"Line-2"	#3c3ad2
23	"Line-3"	#3c3ad2
24	"CSF"	#3c3c3c
25	"Left-Lesion"	#ffa500
26	"Left-Accumbens-area"	#ffa500
27	"Left-Substancia-Nigra"	#00ff7f
28	"Left-VentralDC"	#a52a2a
29	"Left-undetermined"	#87ceeb
30	"Left-vessel"	#a020f0
31	"Left-choroid-plexus"	#00c8c8
32	"Left-F3orb"	#643264
33	"Left-lOg"	#87324a
34	"Left-aOg"	#7a8732
35	"Left-mOg"	#333287
36	"Left-pOg"	#4a9b3c
37	"Left-Stellate"	#783e2b
38	"Left-Porg"	#4a9b3c
39	"Left-Aorg"	#7a8732
40	"Right-Cerebral-Exterior"	#4682b4
41	"Right-Cerebral-White-Matter"	#f5f5f5
42	"Right-Cerebral-Cortex"	#cd3e4e
43	"Right-Lateral-Ventricle"	#781286
44	"Right-Inf-Lat-Vent"	#c43afa
45	"Right-Cerebellum-Exterior"	#009400
46	"Right-Cerebellum-White-Matter"	#dcf8a4
47	"Right-Cerebellum-Cortex"	#e69422
48	"Right-Thalamus-unused"	#00760e
49	"Right-Thalamus"	#00760e
50	"Right-Caudate"	#7abadc
51	"Right-Putamen"	#ec0db0
52	"Right-Pallidum"	#0d30ff
53	"Right-Hippocampus"	#dcd814
54	"Right-Amygdala"	#67ffff
55	"Right-Insula"	#50c462
56	"Right-Operculum"	#3c3ad2
57	"Right-Lesion"	#ffa500
58	"Right-Accumbens-area"	#ffa500
59	"Right-Substancia-Nigra"	#00ff7f
60	"Right-VentralDC"	#a52a2a
61	"Right-undetermined"	#87ceeb
62	"Right-vessel"	#a020f0
63	"Right-choroid-plexus"	#00c8dd
64	"Right-F3orb"	#643264
65	"Right-lOg"	#87324a
66	"Right-aOg"	#7a8732
67	"Right-mOg"	#333287
68	"Right-pOg"	#4a9b3c
69	"Right-Stellate"	#783e2b
70	"Right-Porg"	#4a9b3c
71	"Right-Aorg"	#7a8732
72	"5th-Ventricle"	#78be96
73	"Left-Interior"	#7a8732
74	"Right-Interior"	#7a8732
77	"WM-hypointensities"	#c846ff
78	"Left-WM-hypointensities"	#ff940a
79	"Right-WM-hypointensities"	#ff940a
80	"non-WM-hypointensities"	#a46ce2
81	"Left-non-WM-hypointensities"	#a46ce2
82	"Right-non-WM-hypointensities"	#a46ce2
83	"Left-F1"	#ffdab9
84	"Right-F1"	#ffdab9
85	"Optic-Chiasm"	#eaa91e
192	"Corpus_Callosum"	#faff32
86	"Left_future_WMSA"	#c878ff
87	"Right_future_WMSA"	#c879ff
88	"future_WMSA"	#c87aff
96	"Left-Amygdala-Anterior"	#cd0a7d
97	"Right-Amygdala-Anterior"	#cd0a7d
98	"Dura"	#a020f0
100	"Left-wm-intensity-abnormality"	#7c8cb2
101	"Left-caudate-intensity-abnormality"	#7d8cb2
102	"Left-putamen-intensity-abnormality"	#7e8cb2
103	"Left-accumbens-intensity-abnormality"	#7f8cb2
104	"Left-pallidum-intensity-abnormality"	#7c8db2
105	"Left-amygdala-intensity-abnormality"	#7c8eb2
106	"Left-hippocampus-intensity-abnormality"	#7c8fb2
107	"Left-thalamus-intensity-abnormality"	#7c90b2
108	"Left-VDC-intensity-abnormality"	#7c8cb3
109	"Right-wm-intensity-abnormality"	#7c8cb2
110	"Right-caudate-intensity-abnormality"	#7d8cb2
111	"Right-putamen-intensity-abnormality"	#7e8cb2
112	"Right-accumbens-intensity-abnormality"	#7f8cb2
113	"Right-pallidum-intensity-abnormality"	#7c8db2
114	"Right-amygdala-intensity-abnormality"	#7c8eb2
115	"Right-hippocampus-intensity-abnormality"	#7c8fb2
116	"Right-thalamus-intensity-abnormality"	#7c90b2
117	"Right-VDC-intensity-abnormality"	#7c8cb3
118	"Epidermis"	#ff1493
119	"Conn-Tissue"	#cdb38b
120	"SC-Fat-Muscle"	#eeeed1
121	"Cranium"	#c8c8c8
122	"CSF-SA"	#4aff4a
123	"Muscle"	#ee0000
124	"Ear"	#00008b
125	"Adipose"	#adff2f
126	"Spinal-Cord"	#85cbe5
127	"Soft-Tissue"	#1aed39
128	"Nerve"	#228b22
129	"Bone"	#1e90ff
130	"AirCavity"	#c4a080
131	"Orbital-Fat"	#ee3b3b
132	"Tongue"	#dd27c8
133	"Nasal-Structures"	#eeaeee
134	"Globe"	#ff0000
135	"Teeth"	#483d8b
136	"Left-Caudate-Putamen"	#152784
137	"Right-Caudate-Putamen"	#152784
138	"Left-Claustrum"	#418714
139	"Right-Claustrum"	#418714
140	"Cornea"	#8604a0
142	"Diploe"	#dde244
143	"Vitreous-Humor"	#fffffe
144	"Lens"	#34d1e2
145	"Aqueous-Humor"	#efa0df
146	"Outer-Table"	#4682b4
147	"Inner-Table"	#4682b5
148	"Periosteum"	#8b795e
149	"Endosteum"	#e0e0e0
150	"R-C-S"	#ff0000
151	"Iris"	#cdcd00
152	"SC-Adipose-Muscle"	#eeeed1
153	"SC-Tissue"	#8b795e
154	"Orbital-Adipose"	#ee3b3b
155	"Left-IntCapsule-Ant"	#ee3b3b
156	"Right-IntCapsule-Ant"	#ee3b3b
157	"Left-IntCapsule-Pos"	#3e0acd
158	"Right-IntCapsule-Pos"	#3e0acd
159	"Left-Cerebral-WM-unmyelinated"	#00760e
160	"Right-Cerebral-WM-unmyelinated"	#00760e
161	"Left-Cerebral-WM-myelinated"	#dcd815
162	"Right-Cerebral-WM-myelinated"	#dcd815
163	"Left-Subcortical-Gray-Matter"	#7abadc
164	"Right-Subcortical-Gray-Matter"	#7abadc
165	"Skull"	#787878
166	"Posterior-fossa"	#0e30ff
167	"Scalp"	#a62a2a
168	"Hematoma"	#791286
169	"Left-Basal-Ganglia"	#ec0d7f
176	"Right-Basal-Ganglia"	#ec0d7e
170	"brainstem"	#779fb0
171	"DCG"	#7700b0
172	"Vermis"	#7764b0
173	"Midbrain"	#f2684c
174	"Pons"	#cec33a
175	"Medulla"	#779fb0
177	"Vermis-White-Matter"	#7732b0
178	"SCP"	#8eb600
179	"Floculus"	#1364b0
180	"Left-Cortical-Dysplasia"	#493d8b
181	"Right-Cortical-Dysplasia"	#493e8b
182	"CblumNodulus"	#0a64b0
193	"Left-hippocampal_fissure"	#00c4ff
194	"Left-CADG-head"	#ffa4a4
195	"Left-subiculum"	#c4c400
196	"Left-fimbria"	#0064ff
197	"Right-hippocampal_fissure"	#80c4a4
198	"Right-CADG-head"	#007e4b
199	"Right-subiculum"	#806040
200	"Right-fimbria"	#003280
201	"alveus"	#ffcc99
202	"perforant_pathway"	#ff8080
203	"parasubiculum"	#afaf4b
204	"presubiculum"	#400040
205	"subiculum"	#0000ff
206	"CA1"	#ff0000
207	"CA2"	#8080ff
208	"CA3"	#008000
209	"CA4"	#c4a080
210	"GC-DG"	#20c8ff
211	"HATA"	#80ff80
212	"fimbria"	#cc99cc
213	"lateral_ventricle"	#791188
214	"molecular_layer_HP"	#800000
215	"hippocampal_fissure"	#8020ff
216	"entorhinal_cortex"	#ffcc66
217	"molecular_layer_subiculum"	#808080
218	"Amygdala"	#68ffff
219	"Cerebral_White_Matter"	#00e200
220	"Cerebral_Cortex"	#cd3f4e
221	"Inf_Lat_Vent"	#c53afa
222	"Perirhinal"	#2196fa
223	"Cerebral_White_Matter_Edge"	#e20000
224	"Background"	#646464
225	"Ectorhinal"	#c596fa
226	"HP_tail"	#aaaaff
231	"HP_body"	#00ff00
232	"HP_head"	#ff0000
233	"presubiculum-head"	#200020
234	"presubiculum-body"	#400040
235	"subiculum-head"	#0000af
236	"subiculum-body"	#0000ff
237	"CA1-head"	#af4b4b
238	"CA1-body"	#ff0000
239	"CA3-head"	#005000
240	"CA3-body"	#008000
241	"CA4-head"	#785a32
242	"CA4-body"	#c4a080
243	"GC-ML-DG-head"	#4b7daf
244	"GC-ML-DG-body"	#20c8ff
245	"molecular_layer_HP-head"	#641919
246	"molecular_layer_HP-body"	#800000
250	"Fornix"	#ff0000
251	"CC_Posterior"	#000040
252	"CC_Mid_Posterior"	#000070
253	"CC_Central"	#0000a0
254	"CC_Mid_Anterior"	#0000d0
255	"CC_Anterior"	#0000ff
256	"Voxel-Unchanged"	#000000
257	"CSF-ExtraCerebral"	#3c3c3c
258	"Head-ExtraCerebral"	#9696c8
259	"SkullApprox"	#787878
260	"BoneOrAir"	#779fb0
261	"PossibleFluid"	#781286
262	"Sinus"	#c4a080
263	"Left-Eustachian"	#779fb0
264	"Right-Eustachian"	#779fb0
265	"Left-Eyeball"	#3c3c3c
266	"Right-Eyeball"	#3c3c3c
331	"Aorta"	#ff0000
332	"Left-Common-IliacA"	#ff5000
333	"Right-Common-IliacA"	#ffa000
334	"Left-External-IliacA"	#ffff00
335	"Right-External-IliacA"	#00ff00
336	"Left-Internal-IliacA"	#ff00a0
337	"Right-Internal-IliacA"	#ff00ff
338	"Left-Lateral-SacralA"	#ff3250
339	"Right-Lateral-SacralA"	#50ff32
340	"Left-ObturatorA"	#a0ff32
341	"Right-ObturatorA"	#a0c8ff
342	"Left-Internal-PudendalA"	#00ffa0
343	"Right-Internal-PudendalA"	#0000ff
344	"Left-UmbilicalA"	#5032ff
345	"Right-UmbilicalA"	#a000ff
346	"Left-Inf-RectalA"	#ffd200
347	"Right-Inf-RectalA"	#00a0ff
348	"Left-Common-IliacV"	#ffc850
349	"Right-Common-IliacV"	#ffc8a0
350	"Left-External-IliacV"	#ff50c8
351	"Right-External-IliacV"	#ffa0c8
352	"Left-Internal-IliacV"	#1eff50
353	"Right-Internal-IliacV"	#50c8ff
354	"Left-ObturatorV"	#50ffc8
355	"Right-ObturatorV"	#c3ffc8
356	"Left-Internal-PudendalV"	#78c814
357	"Right-Internal-PudendalV"	#aa0ac8
358	"Pos-Lymph"	#1482b4
359	"Neg-Lymph"	#14b482
400	"V1"	#ce3e4e
401	"V2"	#791286
402	"BA44"	#c73afa
403	"BA45"	#019400
404	"BA4a"	#ddf8a4
405	"BA4p"	#e79422
406	"BA6"	#01760e
407	"BA2"	#78760e
408	"BA1_old"	#7bbadd
409	"BAun2"	#ee0db1
410	"BA1"	#7bbadc
411	"BA2b"	#8a0dce
412	"BA3a"	#ee82b0
413	"BA3b"	#dae64c
414	"MT"	#26d5b0
415	"AIPS_AIP_l"	#01e1b0
416	"AIPS_AIP_r"	#01e1b0
417	"AIPS_VIP_l"	#c80264
418	"AIPS_VIP_r"	#c80264
419	"IPL_PFcm_l"	#05c85a
420	"IPL_PFcm_r"	#05c85a
421	"IPL_PF_l"	#6405c8
422	"IPL_PFm_l"	#19ff64
423	"IPL_PFm_r"	#19ff64
424	"IPL_PFop_l"	#e60764
425	"IPL_PFop_r"	#e60764
426	"IPL_PF_r"	#6405c8
427	"IPL_PFt_l"	#960ac8
428	"IPL_PFt_r"	#960ac8
429	"IPL_PGa_l"	#af0ab0
430	"IPL_PGa_r"	#af0ab0
431	"IPL_PGp_l"	#0a64ff
432	"IPL_PGp_r"	#0a64ff
433	"Visual_V3d_l"	#962d46
434	"Visual_V3d_r"	#962d46
435	"Visual_V4_l"	#2dc80f
436	"Visual_V4_r"	#2dc80f
437	"Visual_V5_b"	#e32d64
438	"Visual_VP_l"	#e32d64
439	"Visual_VP_r"	#e32d64
498	"wmsa"	#8fbc8f
499	"other_wmsa"	#fff8dc
500	"right_CA2_3"	#115588
501	"right_alveus"	#77bb66
502	"right_CA1"	#cc4422
503	"right_fimbria"	#cc00ff
504	"right_presubiculum"	#ddbb11
505	"right_hippocampal_fissure"	#99ddee
506	"right_CA4_DG"	#331111
507	"right_subiculum"	#007755
508	"right_fornix"	#1464c8
550	"left_CA2_3"	#115589
551	"left_alveus"	#77bb67
552	"left_CA1"	#cc4423
553	"left_fimbria"	#cc00fe
554	"left_presubiculum"	#ddbb10
555	"left_hippocampal_fissure"	#99ddef
556	"left_CA4_DG"	#331112
557	"left_subiculum"	#007756
558	"left_fornix"	#1464c9
600	"Tumor"	#fefefe
601	"Cbm_Left_I_IV"	#4682b4
602	"Cbm_Right_I_IV"	#f5f5f5
603	"Cbm_Left_V"	#cd3e4e
604	"Cbm_Right_V"	#781286
605	"Cbm_Left_VI"	#c43afa
606	"Cbm_Vermis_VI"	#009400
607	"Cbm_Right_VI"	#dcf8a4
608	"Cbm_Left_CrusI"	#e69422
609	"Cbm_Vermis_CrusI"	#00760e
610	"Cbm_Right_CrusI"	#00760e
611	"Cbm_Left_CrusII"	#7abadc
612	"Cbm_Vermis_CrusII"	#ec0db0
613	"Cbm_Right_CrusII"	#0c30ff
614	"Cbm_Left_VIIb"	#ccb68e
615	"Cbm_Vermis_VIIb"	#2acca4
616	"Cbm_Right_VIIb"	#779fb0
617	"Cbm_Left_VIIIa"	#dcd814
618	"Cbm_Vermis_VIIIa"	#67ffff
619	"Cbm_Right_VIIIa"	#50c462
620	"Cbm_Left_VIIIb"	#3c3ad2
621	"Cbm_Vermis_VIIIb"	#3c3ad2
622	"Cbm_Right_VIIIb"	#3c3ad2
623	"Cbm_Left_IX"	#3c3ad2
624	"Cbm_Vermis_IX"	#3c3c3c
625	"Cbm_Right_IX"	#ffa500
626	"Cbm_Left_X"	#ffa500
627	"Cbm_Vermis_X"	#00ff7f
628	"Cbm_Right_X"	#a52a2a
640	"Cbm_Right_I_V_med"	#cc0000
641	"Cbm_Right_I_V_mid"	#ff0000
642	"Cbm_Right_VI_med"	#0000ff
643	"Cbm_Right_VI_mid"	#1e90ff
644	"Cbm_Right_VI_lat"	#64d4ed
645	"Cbm_Right_CrusI_med"	#daa520
646	"Cbm_Right_CrusI_mid"	#ffd700
647	"Cbm_Right_CrusI_lat"	#ffffa6
648	"Cbm_Right_CrusII_med"	#9900cc
649	"Cbm_Right_CrusII_mid"	#998dd1
650	"Cbm_Right_CrusII_lat"	#ccccff
651	"Cbm_Right_7med"	#1fd4c2
652	"Cbm_Right_7mid"	#03ffed
653	"Cbm_Right_7lat"	#ccffff
654	"Cbm_Right_8med"	#564a93
655	"Cbm_Right_8mid"	#7272be
656	"Cbm_Right_8lat"	#b8b2ff
657	"Cbm_Right_PUNs"	#7e8a25
658	"Cbm_Right_TONs"	#bdc575
659	"Cbm_Right_FLOs"	#f0e68c
660	"Cbm_Left_I_V_med"	#cc0000
661	"Cbm_Left_I_V_mid"	#ff0000
662	"Cbm_Left_VI_med"	#0000ff
663	"Cbm_Left_VI_mid"	#1e90ff
664	"Cbm_Left_VI_lat"	#64d4ed
665	"Cbm_Left_CrusI_med"	#daa520
666	"Cbm_Left_CrusI_mid"	#ffd700
667	"Cbm_Left_CrusI_lat"	#ffffa6
668	"Cbm_Left_CrusII_med"	#9900cc
669	"Cbm_Left_CrusII_mid"	#998dd1
670	"Cbm_Left_CrusII_lat"	#ccccff
671	"Cbm_Left_7med"	#1fd4c2
672	"Cbm_Left_7mid"	#03ffed
673	"Cbm_Left_7lat"	#ccffff
674	"Cbm_Left_8med"	#564a93
675	"Cbm_Left_8mid"	#7272be
676	"Cbm_Left_8lat"	#b8b2ff
677	"Cbm_Left_PUNs"	#7e8a25
678	"Cbm_Left_TONs"	#bdc575
679	"Cbm_Left_FLOs"	#f0e68c
690	"CbmWM_Gyri_Left"	#7a8732
691	"CbmWM_Gyri_Right"	#7a8732
701	"CSF-FSL-FAST"	#781286
702	"GrayMatter-FSL-FAST"	#cd3e4e
703	"WhiteMatter-FSL-FAST"	#00e100
999	"SUSPICIOUS"	#ff6464
1000	"ctx-lh-unknown"	#190519
1001	"ctx-lh-bankssts"	#196428
1002	"ctx-lh-caudalanteriorcingulate"	#7d64a0
1003	"ctx-lh-caudalmiddlefrontal"	#641900
1004	"ctx-lh-corpuscallosum"	#784632
1005	"ctx-lh-cuneus"	#dc1464
1006	"ctx-lh-entorhinal"	#dc140a
1007	"ctx-lh-fusiform"	#b4dc8c
1008	"ctx-lh-inferiorparietal"	#dc3cdc
1009	"ctx-lh-inferiortemporal"	#b42878
1010	"ctx-lh-isthmuscingulate"	#8c148c
1011	"ctx-lh-lateraloccipital"	#141e8c
1012	"ctx-lh-lateralorbitofrontal"	#234b32
1013	"ctx-lh-lingual"	#e18c8c
1014	"ctx-lh-medialorbitofrontal"	#c8234b
1015	"ctx-lh-middletemporal"	#a06432
1016	"ctx-lh-parahippocampal"	#14dc3c
1017	"ctx-lh-paracentral"	#3cdc3c
1018	"ctx-lh-parsopercularis"	#dcb48c
1019	"ctx-lh-parsorbitalis"	#146432
1020	"ctx-lh-parstriangularis"	#dc3c14
1021	"ctx-lh-pericalcarine"	#78643c
1022	"ctx-lh-postcentral"	#dc1414
1023	"ctx-lh-posteriorcingulate"	#dcb4dc
1024	"ctx-lh-precentral"	#3c14dc
1025	"ctx-lh-precuneus"	#a08cb4
1026	"ctx-lh-rostralanteriorcingulate"	#50148c
1027	"ctx-lh-rostralmiddlefrontal"	#4b327d
1028	"ctx-lh-superiorfrontal"	#14dca0
1029	"ctx-lh-superiorparietal"	#14b48c
1030	"ctx-lh-superiortemporal"	#8cdcdc
1031	"ctx-lh-supramarginal"	#50a014
1032	"ctx-lh-frontalpole"	#640064
1033	"ctx-lh-temporalpole"	#464646
1034	"ctx-lh-transversetemporal"	#9696c8
1035	"ctx-lh-insula"	#ffc020
2000	"ctx-rh-unknown"	#190519
2001	"ctx-rh-bankssts"	#196428
2002	"ctx-rh-caudalanteriorcingulate"	#7d64a0
2003	"ctx-rh-caudalmiddlefrontal"	#641900
2004	"ctx-rh-corpuscallosum"	#784632
2005	"ctx-rh-cuneus"	#dc1464
2006	"ctx-rh-entorhinal"	#dc140a
2007	"ctx-rh-fusiform"	#b4dc8c
2008	"ctx-rh-inferiorparietal"	#dc3cdc
2009	"ctx-rh-inferiortemporal"	#b42878
2010	"ctx-rh-isthmuscingulate"	#8c148c
2011	"ctx-rh-lateraloccipital"	#141e8c
2012	"ctx-rh-lateralorbitofrontal"	#234b32
2013	"ctx-rh-lingual"	#e18c8c
2014	"ctx-rh-medialorbitofrontal"	#c8234b
2015	"ctx-rh-middletemporal"	#a06432
2016	"ctx-rh-parahippocampal"	#14dc3c
2017	"ctx-rh-paracentral"	#3cdc3c
2018	"ctx-rh-parsopercularis"	#dcb48c
2019	"ctx-rh-parsorbitalis"	#146432
2020	"ctx-rh-parstriangularis"	#dc3c14
2021	"ctx-rh-pericalcarine"	#78643c
2022	"ctx-rh-postcentral"	#dc1414
2023	"ctx-rh-posteriorcingulate"	#dcb4dc
2024	"ctx-rh-precentral"	#3c14dc
2025	"ctx-rh-precuneus"	#a08cb4
2026	"ctx-rh-rostralanteriorcingulate"	#50148c
2027	"ctx-rh-rostralmiddlefrontal"	#4b327d
2028	"ctx-rh-superiorfrontal"	#14dca0
2029	"ctx-rh-superiorparietal"	#14b48c
2030	"ctx-rh-superiortemporal"	#8cdcdc
2031	"ctx-rh-supramarginal"	#50a014
2032	"ctx-rh-frontalpole"	#640064
2033	"ctx-rh-temporalpole"	#464646
2034	"ctx-rh-transversetemporal"	#9696c8
2035	"ctx-rh-insula"	#ffc020
3000	"wm-lh-unknown"	#e6fae6
3001	"wm-lh-bankssts"	#e69bd7
3002	"wm-lh-caudalanteriorcingulate"	#829b5f
3003	"wm-lh-caudalmiddlefrontal"	#9be6ff
3004	"wm-lh-corpuscallosum"	#87b9cd
3005	"wm-lh-cuneus"	#23eb9b
3006	"wm-lh-entorhinal"	#23ebf5
3007	"wm-lh-fusiform"	#4b2373
3008	"wm-lh-inferiorparietal"	#23c323
3009	"wm-lh-inferiortemporal"	#4bd787
3010	"wm-lh-isthmuscingulate"	#73eb73
3011	"wm-lh-lateraloccipital"	#ebe173
3012	"wm-lh-lateralorbitofrontal"	#dcb4cd
3013	"wm-lh-lingual"	#1e7373
3014	"wm-lh-medialorbitofrontal"	#37dcb4
3015	"wm-lh-middletemporal"	#5f9bcd
3016	"wm-lh-parahippocampal"	#eb23c3
3017	"wm-lh-paracentral"	#c323c3
3018	"wm-lh-parsopercularis"	#234b73
3019	"wm-lh-parsorbitalis"	#eb9bcd
3020	"wm-lh-parstriangularis"	#23c3eb
3021	"wm-lh-pericalcarine"	#879bc3
3022	"wm-lh-postcentral"	#23ebeb
3023	"wm-lh-posteriorcingulate"	#234b23
3024	"wm-lh-precentral"	#c3eb23
3025	"wm-lh-precuneus"	#5f734b
3026	"wm-lh-rostralanteriorcingulate"	#afeb73
3027	"wm-lh-rostralmiddlefrontal"	#b4cd82
3028	"wm-lh-superiorfrontal"	#eb235f
3029	"wm-lh-superiorparietal"	#eb4b73
3030	"wm-lh-superiortemporal"	#732323
3031	"wm-lh-supramarginal"	#af5feb
3032	"wm-lh-frontalpole"	#9bff9b
3033	"wm-lh-temporalpole"	#b9b9b9
3034	"wm-lh-transversetemporal"	#696937
3035	"wm-lh-insula"	#14dca0
4000	"wm-rh-unknown"	#e6fae6
4001	"wm-rh-bankssts"	#e69bd7
4002	"wm-rh-caudalanteriorcingulate"	#829b5f
4003	"wm-rh-caudalmiddlefrontal"	#9be6ff
4004	"wm-rh-corpuscallosum"	#87b9cd
4005	"wm-rh-cuneus"	#23eb9b
4006	"wm-rh-entorhinal"	#23ebf5
4007	"wm-rh-fusiform"	#4b2373
4008	"wm-rh-inferiorparietal"	#23c323
4009	"wm-rh-inferiortemporal"	#4bd787
4010	"wm-rh-isthmuscingulate"	#73eb73
4011	"wm-rh-lateraloccipital"	#ebe173
4012	"wm-rh-lateralorbitofrontal"	#dcb4cd
4013	"wm-rh-lingual"	#1e7373
4014	"wm-rh-medialorbitofrontal"	#37dcb4
4015	"wm-rh-middletemporal"	#5f9bcd
4016	"wm-rh-parahippocampal"	#eb23c3
4017	"wm-rh-paracentral"	#c323c3
4018	"wm-rh-parsopercularis"	#234b73
4019	"wm-rh-parsorbitalis"	#eb9bcd
4020	"wm-rh-parstriangularis"	#23c3eb
4021	"wm-rh-pericalcarine"	#879bc3
4022	"wm-rh-postcentral"	#23ebeb
4023	"wm-rh-posteriorcingulate"	#234b23
4024	"wm-rh-precentral"	#c3eb23
4025	"wm-rh-precuneus"	#5f734b
4026	"wm-rh-rostralanteriorcingulate"	#afeb73
4027	"wm-rh-rostralmiddlefrontal"	#b4cd82
4028	"wm-rh-superiorfrontal"	#eb235f
4029	"wm-rh-superiorparietal"	#eb4b73
4030	"wm-rh-superiortemporal"	#732323
4031	"wm-rh-supramarginal"	#af5feb
4032	"wm-rh-frontalpole"	#9bff9b
4033	"wm-rh-temporalpole"	#b9b9b9
4034	"wm-rh-transversetemporal"	#696937
4035	"wm-rh-insula"	#14dca0
1301	"ctx-lh-frontal-lobe"	#196428
1303	"ctx-lh-cingulate-lobe"	#641900
1304	"ctx-lh-occiptal-lobe"	#784632
1305	"ctx-lh-temporal-lobe"	#dc1464
1306	"ctx-lh-parietal-lobe"	#dc140a
1307	"ctx-lh-insula-lobe"	#ffc020
2301	"ctx-rh-frontal-lobe"	#196428
2303	"ctx-rh-cingulate-lobe"	#641900
2304	"ctx-rh-occiptal-lobe"	#784632
2305	"ctx-rh-temporal-lobe"	#dc1464
2306	"ctx-rh-parietal-lobe"	#dc140a
2307	"ctx-rh-insula-lobe"	#ffc020
3201	"wm-lh-frontal-lobe"	#eb235f
3203	"wm-lh-cingulate-lobe"	#234b23
3204	"wm-lh-occiptal-lobe"	#879bc3
3205	"wm-lh-temporal-lobe"	#732323
3206	"wm-lh-parietal-lobe"	#23c323
3207	"wm-lh-insula-lobe"	#14dca0
4201	"wm-rh-frontal-lobe"	#eb235f
4203	"wm-rh-cingulate-lobe"	#234b23
4204	"wm-rh-occiptal-lobe"	#879bc3
4205	"wm-rh-temporal-lobe"	#732323
4206	"wm-rh-parietal-lobe"	#23c323
4207	"wm-rh-insula-lobe"	#14dca0
1100	"ctx-lh-Unknown"	#000000
1101	"ctx-lh-Corpus_callosum"	#323232
1102	"ctx-lh-G_and_S_Insula_ONLY_AVERAGE"	#b4141e
1103	"ctx-lh-G_cingulate-Isthmus"	#3c1919
1104	"ctx-lh-G_cingulate-Main_part"	#193c3c
1200	"ctx-lh-G_cingulate-caudal_ACC"	#193c3d
1201	"ctx-lh-G_cingulate-rostral_ACC"	#195a3c
1202	"ctx-lh-G_cingulate-posterior"	#19783c
1205	"ctx-lh-S_cingulate-caudal_ACC"	#19963c
1206	"ctx-lh-S_cingulate-rostral_ACC"	#19b43c
1207	"ctx-lh-S_cingulate-posterior"	#19d23c
1210	"ctx-lh-S_pericallosal-caudal"	#19965a
1211	"ctx-lh-S_pericallosal-rostral"	#19b45a
1212	"ctx-lh-S_pericallosal-posterior"	#19d25a
1105	"ctx-lh-G_cuneus"	#b41414
1106	"ctx-lh-G_frontal_inf-Opercular_part"	#dc1464
1107	"ctx-lh-G_frontal_inf-Orbital_part"	#8c3c3c
1108	"ctx-lh-G_frontal_inf-Triangular_part"	#b4dc8c
1109	"ctx-lh-G_frontal_middle"	#8c64b4
1110	"ctx-lh-G_frontal_superior"	#b4148c
1111	"ctx-lh-G_frontomarginal"	#8c148c
1112	"ctx-lh-G_insular_long"	#150a0a
1113	"ctx-lh-G_insular_short"	#e18c8c
1114	"ctx-lh-G_and_S_occipital_inferior"	#173cb4
1115	"ctx-lh-G_occipital_middle"	#b43cb4
1116	"ctx-lh-G_occipital_superior"	#14dc3c
1117	"ctx-lh-G_occipit-temp_lat-Or_fusiform"	#3c148c
1118	"ctx-lh-G_occipit-temp_med-Lingual_part"	#dcb48c
1119	"ctx-lh-G_occipit-temp_med-Parahippocampal_part"	#416414
1120	"ctx-lh-G_orbital"	#dc3c14
1121	"ctx-lh-G_paracentral"	#3c643c
1122	"ctx-lh-G_parietal_inferior-Angular_part"	#143cdc
1123	"ctx-lh-G_parietal_inferior-Supramarginal_part"	#64643c
1124	"ctx-lh-G_parietal_superior"	#dcb4dc
1125	"ctx-lh-G_postcentral"	#14b48c
1126	"ctx-lh-G_precentral"	#3c8cb4
1127	"ctx-lh-G_precuneus"	#19148c
1128	"ctx-lh-G_rectus"	#143c64
1129	"ctx-lh-G_subcallosal"	#3cdc14
1130	"ctx-lh-G_subcentral"	#3c14dc
1131	"ctx-lh-G_temporal_inferior"	#dcdc64
1132	"ctx-lh-G_temporal_middle"	#b43c3c
1133	"ctx-lh-G_temp_sup-G_temp_transv_and_interm_S"	#3c3cdc
1134	"ctx-lh-G_temp_sup-Lateral_aspect"	#dc3cdc
1135	"ctx-lh-G_temp_sup-Planum_polare"	#41dc3c
1136	"ctx-lh-G_temp_sup-Planum_tempolare"	#198c14
1137	"ctx-lh-G_and_S_transverse_frontopolar"	#0d00fa
1138	"ctx-lh-Lat_Fissure-ant_sgt-ramus_horizontal"	#3d14dc
1139	"ctx-lh-Lat_Fissure-ant_sgt-ramus_vertical"	#3d143c
1140	"ctx-lh-Lat_Fissure-post_sgt"	#3d3c64
1141	"ctx-lh-Medial_wall"	#191919
1142	"ctx-lh-Pole_occipital"	#8c143c
1143	"ctx-lh-Pole_temporal"	#dcb414
1144	"ctx-lh-S_calcarine"	#3fb4b4
1145	"ctx-lh-S_central"	#dd140a
1146	"ctx-lh-S_central_insula"	#15dc14
1147	"ctx-lh-S_cingulate-Main_part_and_Intracingulate"	#b76414
1148	"ctx-lh-S_cingulate-Marginalis_part"	#dd1464
1149	"ctx-lh-S_circular_insula_anterior"	#dd3c8c
1150	"ctx-lh-S_circular_insula_inferior"	#dd14dc
1151	"ctx-lh-S_circular_insula_superior"	#3ddcdc
1152	"ctx-lh-S_collateral_transverse_ant"	#64c8c8
1153	"ctx-lh-S_collateral_transverse_post"	#0ac8c8
1154	"ctx-lh-S_frontal_inferior"	#dddc14
1155	"ctx-lh-S_frontal_middle"	#8d1464
1156	"ctx-lh-S_frontal_superior"	#3ddc64
1157	"ctx-lh-S_frontomarginal"	#15dc3c
1158	"ctx-lh-S_intermedius_primus-Jensen"	#8d3c14
1159	"ctx-lh-S_intraparietal-and_Parietal_transverse"	#8f14dc
1160	"ctx-lh-S_occipital_anterior"	#3d14b4
1161	"ctx-lh-S_occipital_middle_and_Lunatus"	#653cdc
1162	"ctx-lh-S_occipital_superior_and_transversalis"	#15148c
1163	"ctx-lh-S_occipito-temporal_lateral"	#dd8c14
1164	"ctx-lh-S_occipito-temporal_medial_and_S_Lingual"	#8d64dc
1165	"ctx-lh-S_orbital-H_shapped"	#651414
1166	"ctx-lh-S_orbital_lateral"	#dd6414
1167	"ctx-lh-S_orbital_medial-Or_olfactory"	#b5c814
1168	"ctx-lh-S_paracentral"	#15b48c
1169	"ctx-lh-S_parieto_occipital"	#6564b4
1170	"ctx-lh-S_pericallosal"	#b5dc14
1171	"ctx-lh-S_postcentral"	#158cc8
1172	"ctx-lh-S_precentral-Inferior-part"	#1514f0
1173	"ctx-lh-S_precentral-Superior-part"	#1514c8
1174	"ctx-lh-S_subcentral_ant"	#3db43c
1175	"ctx-lh-S_subcentral_post"	#3db4fa
1176	"ctx-lh-S_suborbital"	#15143c
1177	"ctx-lh-S_subparietal"	#653c3c
1178	"ctx-lh-S_supracingulate"	#15dcdc
1179	"ctx-lh-S_temporal_inferior"	#15b4b4
1180	"ctx-lh-S_temporal_superior"	#dfdc3c
1181	"ctx-lh-S_temporal_transverse"	#dd3c3c
2100	"ctx-rh-Unknown"	#000000
2101	"ctx-rh-Corpus_callosum"	#323232
2102	"ctx-rh-G_and_S_Insula_ONLY_AVERAGE"	#b4141e
2103	"ctx-rh-G_cingulate-Isthmus"	#3c1919
2104	"ctx-rh-G_cingulate-Main_part"	#193c3c
2105	"ctx-rh-G_cuneus"	#b41414
2106	"ctx-rh-G_frontal_inf-Opercular_part"	#dc1464
2107	"ctx-rh-G_frontal_inf-Orbital_part"	#8c3c3c
2108	"ctx-rh-G_frontal_inf-Triangular_part"	#b4dc8c
2109	"ctx-rh-G_frontal_middle"	#8c64b4
2110	"ctx-rh-G_frontal_superior"	#b4148c
2111	"ctx-rh-G_frontomarginal"	#8c148c
2112	"ctx-rh-G_insular_long"	#150a0a
2113	"ctx-rh-G_insular_short"	#e18c8c
2114	"ctx-rh-G_and_S_occipital_inferior"	#173cb4
2115	"ctx-rh-G_occipital_middle"	#b43cb4
2116	"ctx-rh-G_occipital_superior"	#14dc3c
2117	"ctx-rh-G_occipit-temp_lat-Or_fusiform"	#3c148c
2118	"ctx-rh-G_occipit-temp_med-Lingual_part"	#dcb48c
2119	"ctx-rh-G_occipit-temp_med-Parahippocampal_part"	#416414
2120	"ctx-rh-G_orbital"	#dc3c14
2121	"ctx-rh-G_paracentral"	#3c643c
2122	"ctx-rh-G_parietal_inferior-Angular_part"	#143cdc
2123	"ctx-rh-G_parietal_inferior-Supramarginal_part"	#64643c
2124	"ctx-rh-G_parietal_superior"	#dcb4dc
2125	"ctx-rh-G_postcentral"	#14b48c
2126	"ctx-rh-G_precentral"	#3c8cb4
2127	"ctx-rh-G_precuneus"	#19148c
2128	"ctx-rh-G_rectus"	#143c64
2129	"ctx-rh-G_subcallosal"	#3cdc14
2130	"ctx-rh-G_subcentral"	#3c14dc
2131	"ctx-rh-G_temporal_inferior"	#dcdc64
2132	"ctx-rh-G_temporal_middle"	#b43c3c
2133	"ctx-rh-G_temp_sup-G_temp_transv_and_interm_S"	#3c3cdc
2134	"ctx-rh-G_temp_sup-Lateral_aspect"	#dc3cdc
2135	"ctx-rh-G_temp_sup-Planum_polare"	#41dc3c
2136	"ctx-rh-G_temp_sup-Planum_tempolare"	#198c14
2137	"ctx-rh-G_and_S_transverse_frontopolar"	#0d00fa
2138	"ctx-rh-Lat_Fissure-ant_sgt-ramus_horizontal"	#3d14dc
2139	"ctx-rh-Lat_Fissure-ant_sgt-ramus_vertical"	#3d143c
2140	"ctx-rh-Lat_Fissure-post_sgt"	#3d3c64
2141	"ctx-rh-Medial_wall"	#191919
2142	"ctx-rh-Pole_occipital"	#8c143c
2143	"ctx-rh-Pole_temporal"	#dcb414
2144	"ctx-rh-S_calcarine"	#3fb4b4
2145	"ctx-rh-S_central"	#dd140a
2146	"ctx-rh-S_central_insula"	#15dc14
2147	"ctx-rh-S_cingulate-Main_part_and_Intracingulate"	#b76414
2148	"ctx-rh-S_cingulate-Marginalis_part"	#dd1464
2149	"ctx-rh-S_circular_insula_anterior"	#dd3c8c
2150	"ctx-rh-S_circular_insula_inferior"	#dd14dc
2151	"ctx-rh-S_circular_insula_superior"	#3ddcdc
2152	"ctx-rh-S_collateral_transverse_ant"	#64c8c8
2153	"ctx-rh-S_collateral_transverse_post"	#0ac8c8
2154	"ctx-rh-S_frontal_inferior"	#dddc14
2155	"ctx-rh-S_frontal_middle"	#8d1464
2156	"ctx-rh-S_frontal_superior"	#3ddc64
2157	"ctx-rh-S_frontomarginal"	#15dc3c
2158	"ctx-rh-S_intermedius_primus-Jensen"	#8d3c14
2159	"ctx-rh-S_intraparietal-and_Parietal_transverse"	#8f14dc
2160	"ctx-rh-S_occipital_anterior"	#3d14b4
2161	"ctx-rh-S_occipital_middle_and_Lunatus"	#653cdc
2162	"ctx-rh-S_occipital_superior_and_transversalis"	#15148c
2163	"ctx-rh-S_occipito-temporal_lateral"	#dd8c14
2164	"ctx-rh-S_occipito-temporal_medial_and_S_Lingual"	#8d64dc
2165	"ctx-rh-S_orbital-H_shapped"	#651414
2166	"ctx-rh-S_orbital_lateral"	#dd6414
2167	"ctx-rh-S_orbital_medial-Or_olfactory"	#b5c814
2168	"ctx-rh-S_paracentral"	#15b48c
2169	"ctx-rh-S_parieto_occipital"	#6564b4
2170	"ctx-rh-S_pericallosal"	#b5dc14
2171	"ctx-rh-S_postcentral"	#158cc8
2172	"ctx-rh-S_precentral-Inferior-part"	#1514f0
2173	"ctx-rh-S_precentral-Superior-part"	#1514c8
2174	"ctx-rh-S_subcentral_ant"	#3db43c
2175	"ctx-rh-S_subcentral_post"	#3db4fa
2176	"ctx-rh-S_suborbital"	#15143c
2177	"ctx-rh-S_subparietal"	#653c3c
2178	"ctx-rh-S_supracingulate"	#15dcdc
2179	"ctx-rh-S_temporal_inferior"	#15b4b4
2180	"ctx-rh-S_temporal_superior"	#dfdc3c
2181	"ctx-rh-S_temporal_transverse"	#dd3c3c
2200	"ctx-rh-G_cingulate-caudal_ACC"	#193c3d
2201	"ctx-rh-G_cingulate-rostral_ACC"	#195a3c
2202	"ctx-rh-G_cingulate-posterior"	#19783c
2205	"ctx-rh-S_cingulate-caudal_ACC"	#19963c
2206	"ctx-rh-S_cingulate-rostral_ACC"	#19b43c
2207	"ctx-rh-S_cingulate-posterior"	#19d23c
2210	"ctx-rh-S_pericallosal-caudal"	#19965a
2211	"ctx-rh-S_pericallosal-rostral"	#19b45a
2212	"ctx-rh-S_pericallosal-posterior"	#19d25a
3100	"wm-lh-Unknown"	#000000
3101	"wm-lh-Corpus_callosum"	#323232
3102	"wm-lh-G_and_S_Insula_ONLY_AVERAGE"	#b4141e
3103	"wm-lh-G_cingulate-Isthmus"	#3c1919
3104	"wm-lh-G_cingulate-Main_part"	#193c3c
3105	"wm-lh-G_cuneus"	#b41414
3106	"wm-lh-G_frontal_inf-Opercular_part"	#dc1464
3107	"wm-lh-G_frontal_inf-Orbital_part"	#8c3c3c
3108	"wm-lh-G_frontal_inf-Triangular_part"	#b4dc8c
3109	"wm-lh-G_frontal_middle"	#8c64b4
3110	"wm-lh-G_frontal_superior"	#b4148c
3111	"wm-lh-G_frontomarginal"	#8c148c
3112	"wm-lh-G_insular_long"	#150a0a
3113	"wm-lh-G_insular_short"	#e18c8c
3114	"wm-lh-G_and_S_occipital_inferior"	#173cb4
3115	"wm-lh-G_occipital_middle"	#b43cb4
3116	"wm-lh-G_occipital_superior"	#14dc3c
3117	"wm-lh-G_occipit-temp_lat-Or_fusiform"	#3c148c
3118	"wm-lh-G_occipit-temp_med-Lingual_part"	#dcb48c
3119	"wm-lh-G_occipit-temp_med-Parahippocampal_part"	#416414
3120	"wm-lh-G_orbital"	#dc3c14
3121	"wm-lh-G_paracentral"	#3c643c
3122	"wm-lh-G_parietal_inferior-Angular_part"	#143cdc
3123	"wm-lh-G_parietal_inferior-Supramarginal_part"	#64643c
3124	"wm-lh-G_parietal_superior"	#dcb4dc
3125	"wm-lh-G_postcentral"	#14b48c
3126	"wm-lh-G_precentral"	#3c8cb4
3127	"wm-lh-G_precuneus"	#19148c
3128	"wm-lh-G_rectus"	#143c64
3129	"wm-lh-G_subcallosal"	#3cdc14
3130	"wm-lh-G_subcentral"	#3c14dc
3131	"wm-lh-G_temporal_inferior"	#dcdc64
3132	"wm-lh-G_temporal_middle"	#b43c3c
3133	"wm-lh-G_temp_sup-G_temp_transv_and_interm_S"	#3c3cdc
3134	"wm-lh-G_temp_sup-Lateral_aspect"	#dc3cdc
3135	"wm-lh-G_temp_sup-Planum_polare"	#41dc3c
3136	"wm-lh-G_temp_sup-Planum_tempolare"	#198c14
3137	"wm-lh-G_and_S_transverse_frontopolar"	#0d00fa
3138	"wm-lh-Lat_Fissure-ant_sgt-ramus_horizontal"	#3d14dc
3139	"wm-lh-Lat_Fissure-ant_sgt-ramus_vertical"	#3d143c
3140	"wm-lh-Lat_Fissure-post_sgt"	#3d3c64
3141	"wm-lh-Medial_wall"	#191919
3142	"wm-lh-Pole_occipital"	#8c143c
3143	"wm-lh-Pole_temporal"	#dcb414
3144	"wm-lh-S_calcarine"	#3fb4b4
3145	"wm-lh-S_central"	#dd140a
3146	"wm-lh-S_central_insula"	#15dc14
3147	"wm-lh-S_cingulate-Main_part_and_Intracingulate"	#b76414
3148	"wm-lh-S_cingulate-Marginalis_part"	#dd1464
3149	"wm-lh-S_circular_insula_anterior"	#dd3c8c
3150	"wm-lh-S_circular_insula_inferior"	#dd14dc
3151	"wm-lh-S_circular_insula_superior"	#3ddcdc
3152	"wm-lh-S_collateral_transverse_ant"	#64c8c8
3153	"wm-lh-S_collateral_transverse_post"	#0ac8c8
3154	"wm-lh-S_frontal_inferior"	#dddc14
3155	"wm-lh-S_frontal_middle"	#8d1464
3156	"wm-lh-S_frontal_superior"	#3ddc64
3157	"wm-lh-S_frontomarginal"	#15dc3c
3158	"wm-lh-S_intermedius_primus-Jensen"	#8d3c14
3159	"wm-lh-S_intraparietal-and_Parietal_transverse"	#8f14dc
3160	"wm-lh-S_occipital_anterior"	#3d14b4
3161	"wm-lh-S_occipital_middle_and_Lunatus"	#653cdc
3162	"wm-lh-S_occipital_superior_and_transversalis"	#15148c
3163	"wm-lh-S_occipito-temporal_lateral"	#dd8c14
3164	"wm-lh-S_occipito-temporal_medial_and_S_Lingual"	#8d64dc
3165	"wm-lh-S_orbital-H_shapped"	#651414
3166	"wm-lh-S_orbital_lateral"	#dd6414
3167	"wm-lh-S_orbital_medial-Or_olfactory"	#b5c814
3168	"wm-lh-S_paracentral"	#15b48c
3169	"wm-lh-S_parieto_occipital"	#6564b4
3170	"wm-lh-S_pericallosal"	#b5dc14
3171	"wm-lh-S_postcentral"	#158cc8
3172	"wm-lh-S_precentral-Inferior-part"	#1514f0
3173	"wm-lh-S_precentral-Superior-part"	#1514c8
3174	"wm-lh-S_subcentral_ant"	#3db43c
3175	"wm-lh-S_subcentral_post"	#3db4fa
3176	"wm-lh-S_suborbital"	#15143c
3177	"wm-lh-S_subparietal"	#653c3c
3178	"wm-lh-S_supracingulate"	#15dcdc
3179	"wm-lh-S_temporal_inferior"	#15b4b4
3180	"wm-lh-S_temporal_superior"	#dfdc3c
3181	"wm-lh-S_temporal_transverse"	#dd3c3c
4100	"wm-rh-Unknown"	#000000
4101	"wm-rh-Corpus_callosum"	#323232
4102	"wm-rh-G_and_S_Insula_ONLY_AVERAGE"	#b4141e
4103	"wm-rh-G_cingulate-Isthmus"	#3c1919
4104	"wm-rh-G_cingulate-Main_part"	#193c3c
4105	"wm-rh-G_cuneus"	#b41414
4106	"wm-rh-G_frontal_inf-Opercular_part"	#dc1464
4107	"wm-rh-G_frontal_inf-Orbital_part"	#8c3c3c
4108	"wm-rh-G_frontal_inf-Triangular_part"	#b4dc8c
4109	"wm-rh-G_frontal_middle"	#8c64b4
4110	"wm-rh-G_frontal_superior"	#b4148c
4111	"wm-rh-G_frontomarginal"	#8c148c
4112	"wm-rh-G_insular_long"	#150a0a
4113	"wm-rh-G_insular_short"	#e18c8c
4114	"wm-rh-G_and_S_occipital_inferior"	#173cb4
4115	"wm-rh-G_occipital_middle"	#b43cb4
4116	"wm-rh-G_occipital_superior"	#14dc3c
4117	"wm-rh-G_occipit-temp_lat-Or_fusiform"	#3c148c
4118	"wm-rh-G_occipit-temp_med-Lingual_part"	#dcb48c
4119	"wm-rh-G_occipit-temp_med-Parahippocampal_part"	#416414
4120	"wm-rh-G_orbital"	#dc3c14
4121	"wm-rh-G_paracentral"	#3c643c
4122	"wm-rh-G_parietal_inferior-Angular_part"	#143cdc
4123	"wm-rh-G_parietal_inferior-Supramarginal_part"	#64643c
4124	"wm-rh-G_parietal_superior"	#dcb4dc
4125	"wm-rh-G_postcentral"	#14b48c
4126	"wm-rh-G_precentral"	#3c8cb4
4127	"wm-rh-G_precuneus"	#19148c
4128	"wm-rh-G_rectus"	#143c64
4129	"wm-rh-G_subcallosal"	#3cdc14
4130	"wm-rh-G_subcentral"	#3c14dc
4131	"wm-rh-G_temporal_inferior"	#dcdc64
4132	"wm-rh-G_temporal_middle"	#b43c3c
4133	"wm-rh-G_temp_sup-G_temp_transv_and_interm_S"	#3c3cdc
4134	"wm-rh-G_temp_sup-Lateral_aspect"	#dc3cdc
4135	"wm-rh-G_temp_sup-Planum_polare"	#41dc3c
4136	"wm-rh-G_temp_sup-Planum_tempolare"	#198c14
4137	"wm-rh-G_and_S_transverse_frontopolar"	#0d00fa
4138	"wm-rh-Lat_Fissure-ant_sgt-ramus_horizontal"	#3d14dc
4139	"wm-rh-Lat_Fissure-ant_sgt-ramus_vertical"	#3d143c
4140	"wm-rh-Lat_Fissure-post_sgt"	#3d3c64
4141	"wm-rh-Medial_wall"	#191919
4142	"wm-rh-Pole_occipital"	#8c143c
4143	"wm-rh-Pole_temporal"	#dcb414
4144	"wm-rh-S_calcarine"	#3fb4b4
4145	"wm-rh-S_central"	#dd140a
4146	"wm-rh-S_central_insula"	#15dc14
4147	"wm-rh-S_cingulate-Main_part_and_Intracingulate"	#b76414
4148	"wm-rh-S_cingulate-Marginalis_part"	#dd1464
4149	"wm-rh-S_circular_insula_anterior"	#dd3c8c
4150	"wm-rh-S_circular_insula_inferior"	#dd14dc
4151	"wm-rh-S_circular_insula_superior"	#3ddcdc
4152	"wm-rh-S_collateral_transverse_ant"	#64c8c8
4153	"wm-rh-S_collateral_transverse_post"	#0ac8c8
4154	"wm-rh-S_frontal_inferior"	#dddc14
4155	"wm-rh-S_frontal_middle"	#8d1464
4156	"wm-rh-S_frontal_superior"	#3ddc64
4157	"wm-rh-S_frontomarginal"	#15dc3c
4158	"wm-rh-S_intermedius_primus-Jensen"	#8d3c14
4159	"wm-rh-S_intraparietal-and_Parietal_transverse"	#8f14dc
4160	"wm-rh-S_occipital_anterior"	#3d14b4
4161	"wm-rh-S_occipital_middle_and_Lunatus"	#653cdc
4162	"wm-rh-S_occipital_superior_and_transversalis"	#15148c
4163	"wm-rh-S_occipito-temporal_lateral"	#dd8c14
4164	"wm-rh-S_occipito-temporal_medial_and_S_Lingual"	#8d64dc
4165	"wm-rh-S_orbital-H_shapped"	#651414
4166	"wm-rh-S_orbital_lateral"	#dd6414
4167	"wm-rh-S_orbital_medial-Or_olfactory"	#b5c814
4168	"wm-rh-S_paracentral"	#15b48c
4169	"wm-rh-S_parieto_occipital"	#6564b4
4170	"wm-rh-S_pericallosal"	#b5dc14
4171	"wm-rh-S_postcentral"	#158cc8
4172	"wm-rh-S_precentral-Inferior-part"	#1514f0
4173	"wm-rh-S_precentral-Superior-part"	#1514c8
4174	"wm-rh-S_subcentral_ant"	#3db43c
4175	"wm-rh-S_subcentral_post"	#3db4fa
4176	"wm-rh-S_suborbital"	#15143c
4177	"wm-rh-S_subparietal"	#653c3c
4178	"wm-rh-S_supracingulate"	#15dcdc
4179	"wm-rh-S_temporal_inferior"	#15b4b4
4180	"wm-rh-S_temporal_superior"	#dfdc3c
4181	"wm-rh-S_temporal_transverse"	#dd3c3c
5001	"Left-UnsegmentedWhiteMatter"	#141e28
5002	"Right-UnsegmentedWhiteMatter"	#141e28
5100	"fmajor"	#cc6666
5101	"fminor"	#cc6666
5102	"lh.atr"	#ffff66
5103	"lh.cab"	#99cc00
5104	"lh.ccg"	#009999
5105	"lh.cst"	#cc99ff
5106	"lh.ilf"	#ff9933
5107	"lh.slfp"	#cccccc
5108	"lh.slft"	#99ffff
5109	"lh.unc"	#6699ff
5110	"rh.atr"	#ffff66
5111	"rh.cab"	#99cc00
5112	"rh.ccg"	#009999
5113	"rh.cst"	#cc99ff
5114	"rh.ilf"	#ff9933
5115	"rh.slfp"	#cccccc
5116	"rh.slft"	#99ffff
5117	"rh.unc"	#6699ff
5200	"CC-ForcepsMajor"	#cc6666
5201	"CC-ForcepsMinor"	#cc6666
5202	"LAntThalRadiation"	#ffff66
5203	"LCingulumAngBundle"	#99cc00
5204	"LCingulumCingGyrus"	#009999
5205	"LCorticospinalTract"	#cc99ff
5206	"LInfLongFas"	#ff9933
5207	"LSupLongFasParietal"	#cccccc
5208	"LSupLongFasTemporal"	#99ffff
5209	"LUncinateFas"	#6699ff
5210	"RAntThalRadiation"	#ffff66
5211	"RCingulumAngBundle"	#99cc00
5212	"RCingulumCingGyrus"	#009999
5213	"RCorticospinalTract"	#cc99ff
5214	"RInfLongFas"	#ff9933
5215	"RSupLongFasParietal"	#cccccc
5216	"RSupLongFasTemporal"	#99ffff
5217	"RUncinateFas"	#6699ff
6000	"CST-orig"	#00ff00
6001	"CST-hammer"	#ffff00
6002	"CST-CVS"	#00ffff
6003	"CST-flirt"	#0000ff
6010	"Left-SLF1"	#ec10e7
6020	"Right-SLF1"	#ed12e8
6030	"Left-SLF3"	#ec0de3
6040	"Right-SLF3"	#ec11e4
6050	"Left-CST"	#01ff01
6060	"Right-CST"	#02ff01
6070	"Left-SLF2"	#ec0ee6
6080	"Right-SLF2"	#ed0ee6
7001	"Lateral-nucleus"	#4884b5
7002	"Basolateral-nucleus"	#f3f3f3
7003	"Basal-nucleus"	#cf3f4f
7004	"Centromedial-nucleus"	#791487
7005	"Central-nucleus"	#c53cf8
7006	"Medial-nucleus"	#029502
7007	"Cortical-nucleus"	#ddf9a6
7008	"Accessory-Basal-nucleus"	#e89223
7009	"Corticoamygdaloid-transitio"	#143c78
7010	"Anterior-amygdaloid-area-AAA"	#fafa00
7011	"Fusion-amygdala-HP-FAH"	#7abbde
7012	"Hippocampal-amygdala-transition-HATA"	#ed0cb1
7013	"Endopiriform-nucleus"	#0a31ff
7014	"Lateral-nucleus-olfactory-tract"	#cdb890
7015	"Paralaminar-nucleus"	#2dcda5
7016	"Intercalated-nucleus"	#75a0af
7017	"Prepiriform-cortex"	#ddd915
7018	"Periamygdaloid-cortex"	#143c78
7019	"Envelope-Amygdala"	#8d1564
7020	"Extranuclear-Amydala"	#e18c8d
7100	"Brainstem-inferior-colliculus"	#2ac9a8
7101	"Brainstem-cochlear-nucleus"	#a868a2
8001	"Thalamus-Anterior"	#4a82b5
8002	"Thalamus-Ventral-anterior"	#f2f1f0
8003	"Thalamus-Lateral-dorsal"	#ce414e
8004	"Thalamus-Lateral-posterior"	#781585
8005	"Thalamus-Ventral-lateral"	#c33df6
8006	"Thalamus-Ventral-posterior-medial"	#039306
8007	"Thalamus-Ventral-posterior-lateral"	#dcfba3
8008	"Thalamus-intralaminar"	#e89221
8009	"Thalamus-centromedian"	#04720e
8010	"Thalamus-mediodorsal"	#79b8dc
8011	"Thalamus-medial"	#eb0baf
8012	"Thalamus-pulvinar"	#0c2efa
8013	"Thalamus-lateral-geniculate"	#cbb68f
8014	"Thalamus-medial-geniculate"	#2acca7
8103	"Left-AV"	#005500
8104	"Left-CeM"	#aa5500
8105	"Left-CL"	#00aa00
8106	"Left-CM"	#aaaa00
8108	"Left-LD"	#aaff00
8109	"Left-LGN"	#00007f
8110	"Left-LP"	#00557f
8111	"Left-L-Sg"	#aa557f
8112	"Left-MDl"	#00aa7f
8113	"Left-MDm"	#aaaa7f
8115	"Left-MGN"	#aaff7f
8116	"Left-MV(Re)"	#0000ff
8117	"Left-Pc"	#aa00ff
8118	"Left-Pf"	#0055ff
8119	"Left-Pt"	#aa55ff
8120	"Left-PuA"	#00aaff
8121	"Left-PuI"	#aaaaff
8122	"Left-PuL"	#00ffff
8123	"Left-PuM"	#aaffff
8125	"Left-R"	#ff0000
8126	"Left-VA"	#555500
8127	"Left-VAmc"	#ff5500
8128	"Left-VLa"	#55aa00
8129	"Left-VLp"	#ffaa00
8130	"Left-VM"	#55ff00
8133	"Left-VPL"	#ff00ff
8203	"Right-AV"	#005500
8204	"Right-CeM"	#aa5500
8205	"Right-CL"	#00aa00
8206	"Right-CM"	#aaaa00
8208	"Right-LD"	#aaff00
8209	"Right-LGN"	#00007f
8210	"Right-LP"	#00557f
8211	"Right-L-Sg"	#aa557f
8212	"Right-MDl"	#00aa7f
8213	"Right-MDm"	#aaaa7f
8215	"Right-MGN"	#aaff7f
8216	"Right-MV(Re)"	#0000ff
8217	"Right-Pc"	#aa00ff
8218	"Right-Pf"	#0055ff
8219	"Right-Pt"	#aa55ff
8220	"Right-PuA"	#00aaff
8221	"Right-PuI"	#aaaaff
8222	"Right-PuL"	#00ffff
8223	"Right-PuM"	#aaffff
8225	"Right-R"	#ff0000
8226	"Right-VA"	#555500
8227	"Right-VAmc"	#ff5500
8228	"Right-VLa"	#55aa00
8229	"Right-VLp"	#ffaa00
8230	"Right-VM"	#55ff00
8233	"Right-VPL"	#ff00ff
9000	"ctx-lh-prefrontal"	#32641e
9001	"ctx-lh-primary-motor"	#1e642d
9002	"ctx-lh-premotor"	#8264a5
9003	"ctx-lh-temporal"	#691905
9004	"ctx-lh-posterior-parietal"	#7d4637
9005	"ctx-lh-prim-sec-somatosensory"	#e11469
9006	"ctx-lh-occipital"	#e1140f
9500	"ctx-rh-prefrontal"	#32c81e
9501	"ctx-rh-primary-motor"	#1e962d
9502	"ctx-rh-premotor"	#8296a5
9503	"ctx-rh-temporal"	#694b05
9504	"ctx-rh-posterior-parietal"	#7d7837
9505	"ctx-rh-prim-sec-somatosensory"	#e14669
9506	"ctx-rh-occipital"	#e1460f
11100	"ctx_lh_Unknown"	#000000
11101	"ctx_lh_G_and_S_frontomargin"	#17dc3c
11102	"ctx_lh_G_and_S_occipital_inf"	#173cb4
11103	"ctx_lh_G_and_S_paracentral"	#3f643c
11104	"ctx_lh_G_and_S_subcentral"	#3f14dc
11105	"ctx_lh_G_and_S_transv_frontopol"	#0d00fa
11106	"ctx_lh_G_and_S_cingul-Ant"	#1a3c00
11107	"ctx_lh_G_and_S_cingul-Mid-Ant"	#1a3c4b
11108	"ctx_lh_G_and_S_cingul-Mid-Post"	#1a3c96
11109	"ctx_lh_G_cingul-Post-dorsal"	#193cfa
11110	"ctx_lh_G_cingul-Post-ventral"	#3c1919
11111	"ctx_lh_G_cuneus"	#b41414
11112	"ctx_lh_G_front_inf-Opercular"	#dc1464
11113	"ctx_lh_G_front_inf-Orbital"	#8c3c3c
11114	"ctx_lh_G_front_inf-Triangul"	#b4dc8c
11115	"ctx_lh_G_front_middle"	#8c64b4
11116	"ctx_lh_G_front_sup"	#b4148c
11117	"ctx_lh_G_Ins_lg_and_S_cent_ins"	#170a0a
11118	"ctx_lh_G_insular_short"	#e18c8c
11119	"ctx_lh_G_occipital_middle"	#b43cb4
11120	"ctx_lh_G_occipital_sup"	#14dc3c
11121	"ctx_lh_G_oc-temp_lat-fusifor"	#3c148c
11122	"ctx_lh_G_oc-temp_med-Lingual"	#dcb48c
11123	"ctx_lh_G_oc-temp_med-Parahip"	#416414
11124	"ctx_lh_G_orbital"	#dc3c14
11125	"ctx_lh_G_pariet_inf-Angular"	#143cdc
11126	"ctx_lh_G_pariet_inf-Supramar"	#64643c
11127	"ctx_lh_G_parietal_sup"	#dcb4dc
11128	"ctx_lh_G_postcentral"	#14b48c
11129	"ctx_lh_G_precentral"	#3c8cb4
11130	"ctx_lh_G_precuneus"	#19148c
11131	"ctx_lh_G_rectus"	#143c64
11132	"ctx_lh_G_subcallosal"	#3cdc14
11133	"ctx_lh_G_temp_sup-G_T_transv"	#3c3cdc
11134	"ctx_lh_G_temp_sup-Lateral"	#dc3cdc
11135	"ctx_lh_G_temp_sup-Plan_polar"	#41dc3c
11136	"ctx_lh_G_temp_sup-Plan_tempo"	#198c14
11137	"ctx_lh_G_temporal_inf"	#dcdc64
11138	"ctx_lh_G_temporal_middle"	#b43c3c
11139	"ctx_lh_Lat_Fis-ant-Horizont"	#3d14dc
11140	"ctx_lh_Lat_Fis-ant-Vertical"	#3d143c
11141	"ctx_lh_Lat_Fis-post"	#3d3c64
11142	"ctx_lh_Medial_wall"	#191919
11143	"ctx_lh_Pole_occipital"	#8c143c
11144	"ctx_lh_Pole_temporal"	#dcb414
11145	"ctx_lh_S_calcarine"	#3fb4b4
11146	"ctx_lh_S_central"	#dd140a
11147	"ctx_lh_S_cingul-Marginalis"	#dd1464
11148	"ctx_lh_S_circular_insula_ant"	#dd3c8c
11149	"ctx_lh_S_circular_insula_inf"	#dd14dc
11150	"ctx_lh_S_circular_insula_sup"	#3ddcdc
11151	"ctx_lh_S_collat_transv_ant"	#64c8c8
11152	"ctx_lh_S_collat_transv_post"	#0ac8c8
11153	"ctx_lh_S_front_inf"	#dddc14
11154	"ctx_lh_S_front_middle"	#8d1464
11155	"ctx_lh_S_front_sup"	#3ddc64
11156	"ctx_lh_S_interm_prim-Jensen"	#8d3c14
11157	"ctx_lh_S_intrapariet_and_P_trans"	#8f14dc
11158	"ctx_lh_S_oc_middle_and_Lunatus"	#653cdc
11159	"ctx_lh_S_oc_sup_and_transversal"	#15148c
11160	"ctx_lh_S_occipital_ant"	#3d14b4
11161	"ctx_lh_S_oc-temp_lat"	#dd8c14
11162	"ctx_lh_S_oc-temp_med_and_Lingual"	#8d64dc
11163	"ctx_lh_S_orbital_lateral"	#dd6414
11164	"ctx_lh_S_orbital_med-olfact"	#b5c814
11165	"ctx_lh_S_orbital-H_Shaped"	#651414
11166	"ctx_lh_S_parieto_occipital"	#6564b4
11167	"ctx_lh_S_pericallosal"	#b5dc14
11168	"ctx_lh_S_postcentral"	#158cc8
11169	"ctx_lh_S_precentral-inf-part"	#1514f0
11170	"ctx_lh_S_precentral-sup-part"	#1514c8
11171	"ctx_lh_S_suborbital"	#15143c
11172	"ctx_lh_S_subparietal"	#653c3c
11173	"ctx_lh_S_temporal_inf"	#15b4b4
11174	"ctx_lh_S_temporal_sup"	#dfdc3c
11175	"ctx_lh_S_temporal_transverse"	#dd3c3c
12100	"ctx_rh_Unknown"	#000000
12101	"ctx_rh_G_and_S_frontomargin"	#17dc3c
12102	"ctx_rh_G_and_S_occipital_inf"	#173cb4
12103	"ctx_rh_G_and_S_paracentral"	#3f643c
12104	"ctx_rh_G_and_S_subcentral"	#3f14dc
12105	"ctx_rh_G_and_S_transv_frontopol"	#0d00fa
12106	"ctx_rh_G_and_S_cingul-Ant"	#1a3c00
12107	"ctx_rh_G_and_S_cingul-Mid-Ant"	#1a3c4b
12108	"ctx_rh_G_and_S_cingul-Mid-Post"	#1a3c96
12109	"ctx_rh_G_cingul-Post-dorsal"	#193cfa
12110	"ctx_rh_G_cingul-Post-ventral"	#3c1919
12111	"ctx_rh_G_cuneus"	#b41414
12112	"ctx_rh_G_front_inf-Opercular"	#dc1464
12113	"ctx_rh_G_front_inf-Orbital"	#8c3c3c
12114	"ctx_rh_G_front_inf-Triangul"	#b4dc8c
12115	"ctx_rh_G_front_middle"	#8c64b4
12116	"ctx_rh_G_front_sup"	#b4148c
12117	"ctx_rh_G_Ins_lg_and_S_cent_ins"	#170a0a
12118	"ctx_rh_G_insular_short"	#e18c8c
12119	"ctx_rh_G_occipital_middle"	#b43cb4
12120	"ctx_rh_G_occipital_sup"	#14dc3c
12121	"ctx_rh_G_oc-temp_lat-fusifor"	#3c148c
12122	"ctx_rh_G_oc-temp_med-Lingual"	#dcb48c
12123	"ctx_rh_G_oc-temp_med-Parahip"	#416414
12124	"ctx_rh_G_orbital"	#dc3c14
12125	"ctx_rh_G_pariet_inf-Angular"	#143cdc
12126	"ctx_rh_G_pariet_inf-Supramar"	#64643c
12127	"ctx_rh_G_parietal_sup"	#dcb4dc
12128	"ctx_rh_G_postcentral"	#14b48c
12129	"ctx_rh_G_precentral"	#3c8cb4
12130	"ctx_rh_G_precuneus"	#19148c
12131	"ctx_rh_G_rectus"	#143c64
12132	"ctx_rh_G_subcallosal"	#3cdc14
12133	"ctx_rh_G_temp_sup-G_T_transv"	#3c3cdc
12134	"ctx_rh_G_temp_sup-Lateral"	#dc3cdc
12135	"ctx_rh_G_temp_sup-Plan_polar"	#41dc3c
12136	"ctx_rh_G_temp_sup-Plan_tempo"	#198c14
12137	"ctx_rh_G_temporal_inf"	#dcdc64
12138	"ctx_rh_G_temporal_middle"	#b43c3c
12139	"ctx_rh_Lat_Fis-ant-Horizont"	#3d14dc
12140	"ctx_rh_Lat_Fis-ant-Vertical"	#3d143c
12141	"ctx_rh_Lat_Fis-post"	#3d3c64
12142	"ctx_rh_Medial_wall"	#191919
12143	"ctx_rh_Pole_occipital"	#8c143c
12144	"ctx_rh_Pole_temporal"	#dcb414
12145	"ctx_rh_S_calcarine"	#3fb4b4
12146	"ctx_rh_S_central"	#dd140a
12147	"ctx_rh_S_cingul-Marginalis"	#dd1464
12148	"ctx_rh_S_circular_insula_ant"	#dd3c8c
12149	"ctx_rh_S_circular_insula_inf"	#dd14dc
12150	"ctx_rh_S_circular_insula_sup"	#3ddcdc
12151	"ctx_rh_S_collat_transv_ant"	#64c8c8
12152	"ctx_rh_S_collat_transv_post"	#0ac8c8
12153	"ctx_rh_S_front_inf"	#dddc14
12154	"ctx_rh_S_front_middle"	#8d1464
12155	"ctx_rh_S_front_sup"	#3ddc64
12156	"ctx_rh_S_interm_prim-Jensen"	#8d3c14
12157	"ctx_rh_S_intrapariet_and_P_trans"	#8f14dc
12158	"ctx_rh_S_oc_middle_and_Lunatus"	#653cdc
12159	"ctx_rh_S_oc_sup_and_transversal"	#15148c
12160	"ctx_rh_S_occipital_ant"	#3d14b4
12161	"ctx_rh_S_oc-temp_lat"	#dd8c14
12162	"ctx_rh_S_oc-temp_med_and_Lingual"	#8d64dc
12163	"ctx_rh_S_orbital_lateral"	#dd6414
12164	"ctx_rh_S_orbital_med-olfact"	#b5c814
12165	"ctx_rh_S_orbital-H_Shaped"	#651414
12166	"ctx_rh_S_parieto_occipital"	#6564b4
12167	"ctx_rh_S_pericallosal"	#b5dc14
12168	"ctx_rh_S_postcentral"	#158cc8
12169	"ctx_rh_S_precentral-inf-part"	#1514f0
12170	"ctx_rh_S_precentral-sup-part"	#1514c8
12171	"ctx_rh_S_suborbital"	#15143c
12172	"ctx_rh_S_subparietal"	#653c3c
12173	"ctx_rh_S_temporal_inf"	#15b4b4
12174	"ctx_rh_S_temporal_sup"	#dfdc3c
12175	"ctx_rh_S_temporal_transverse"	#dd3c3c
13100	"wm_lh_Unknown"	#000000
13101	"wm_lh_G_and_S_frontomargin"	#17dc3c
13102	"wm_lh_G_and_S_occipital_inf"	#173cb4
13103	"wm_lh_G_and_S_paracentral"	#3f643c
13104	"wm_lh_G_and_S_subcentral"	#3f14dc
13105	"wm_lh_G_and_S_transv_frontopol"	#0d00fa
13106	"wm_lh_G_and_S_cingul-Ant"	#1a3c00
13107	"wm_lh_G_and_S_cingul-Mid-Ant"	#1a3c4b
13108	"wm_lh_G_and_S_cingul-Mid-Post"	#1a3c96
13109	"wm_lh_G_cingul-Post-dorsal"	#193cfa
13110	"wm_lh_G_cingul-Post-ventral"	#3c1919
13111	"wm_lh_G_cuneus"	#b41414
13112	"wm_lh_G_front_inf-Opercular"	#dc1464
13113	"wm_lh_G_front_inf-Orbital"	#8c3c3c
13114	"wm_lh_G_front_inf-Triangul"	#b4dc8c
13115	"wm_lh_G_front_middle"	#8c64b4
13116	"wm_lh_G_front_sup"	#b4148c
13117	"wm_lh_G_Ins_lg_and_S_cent_ins"	#170a0a
13118	"wm_lh_G_insular_short"	#e18c8c
13119	"wm_lh_G_occipital_middle"	#b43cb4
13120	"wm_lh_G_occipital_sup"	#14dc3c
13121	"wm_lh_G_oc-temp_lat-fusifor"	#3c148c
13122	"wm_lh_G_oc-temp_med-Lingual"	#dcb48c
13123	"wm_lh_G_oc-temp_med-Parahip"	#416414
13124	"wm_lh_G_orbital"	#dc3c14
13125	"wm_lh_G_pariet_inf-Angular"	#143cdc
13126	"wm_lh_G_pariet_inf-Supramar"	#64643c
13127	"wm_lh_G_parietal_sup"	#dcb4dc
13128	"wm_lh_G_postcentral"	#14b48c
13129	"wm_lh_G_precentral"	#3c8cb4
13130	"wm_lh_G_precuneus"	#19148c
13131	"wm_lh_G_rectus"	#143c64
13132	"wm_lh_G_subcallosal"	#3cdc14
13133	"wm_lh_G_temp_sup-G_T_transv"	#3c3cdc
13134	"wm_lh_G_temp_sup-Lateral"	#dc3cdc
13135	"wm_lh_G_temp_sup-Plan_polar"	#41dc3c
13136	"wm_lh_G_temp_sup-Plan_tempo"	#198c14
13137	"wm_lh_G_temporal_inf"	#dcdc64
13138	"wm_lh_G_temporal_middle"	#b43c3c
13139	"wm_lh_Lat_Fis-ant-Horizont"	#3d14dc
13140	"wm_lh_Lat_Fis-ant-Vertical"	#3d143c
13141	"wm_lh_Lat_Fis-post"	#3d3c64
13142	"wm_lh_Medial_wall"	#191919
13143	"wm_lh_Pole_occipital"	#8c143c
13144	"wm_lh_Pole_temporal"	#dcb414
13145	"wm_lh_S_calcarine"	#3fb4b4
13146	"wm_lh_S_central"	#dd140a
13147	"wm_lh_S_cingul-Marginalis"	#dd1464
13148	"wm_lh_S_circular_insula_ant"	#dd3c8c
13149	"wm_lh_S_circular_insula_inf"	#dd14dc
13150	"wm_lh_S_circular_insula_sup"	#3ddcdc
13151	"wm_lh_S_collat_transv_ant"	#64c8c8
13152	"wm_lh_S_collat_transv_post"	#0ac8c8
13153	"wm_lh_S_front_inf"	#dddc14
13154	"wm_lh_S_front_middle"	#8d1464
13155	"wm_lh_S_front_sup"	#3ddc64
13156	"wm_lh_S_interm_prim-Jensen"	#8d3c14
13157	"wm_lh_S_intrapariet_and_P_trans"	#8f14dc
13158	"wm_lh_S_oc_middle_and_Lunatus"	#653cdc
13159	"wm_lh_S_oc_sup_and_transversal"	#15148c
13160	"wm_lh_S_occipital_ant"	#3d14b4
13161	"wm_lh_S_oc-temp_lat"	#dd8c14
13162	"wm_lh_S_oc-temp_med_and_Lingual"	#8d64dc
13163	"wm_lh_S_orbital_lateral"	#dd6414
13164	"wm_lh_S_orbital_med-olfact"	#b5c814
13165	"wm_lh_S_orbital-H_Shaped"	#651414
13166	"wm_lh_S_parieto_occipital"	#6564b4
13167	"wm_lh_S_pericallosal"	#b5dc14
13168	"wm_lh_S_postcentral"	#158cc8
13169	"wm_lh_S_precentral-inf-part"	#1514f0
13170	"wm_lh_S_precentral-sup-part"	#1514c8
13171	"wm_lh_S_suborbital"	#15143c
13172	"wm_lh_S_subparietal"	#653c3c
13173	"wm_lh_S_temporal_inf"	#15b4b4
13174	"wm_lh_S_temporal_sup"	#dfdc3c
13175	"wm_lh_S_temporal_transverse"	#dd3c3c
14100	"wm_rh_Unknown"	#000000
14101	"wm_rh_G_and_S_frontomargin"	#17dc3c
14102	"wm_rh_G_and_S_occipital_inf"	#173cb4
14103	"wm_rh_G_and_S_paracentral"	#3f643c
14104	"wm_rh_G_and_S_subcentral"	#3f14dc
14105	"wm_rh_G_and_S_transv_frontopol"	#0d00fa
14106	"wm_rh_G_and_S_cingul-Ant"	#1a3c00
14107	"wm_rh_G_and_S_cingul-Mid-Ant"	#1a3c4b
14108	"wm_rh_G_and_S_cingul-Mid-Post"	#1a3c96
14109	"wm_rh_G_cingul-Post-dorsal"	#193cfa
14110	"wm_rh_G_cingul-Post-ventral"	#3c1919
14111	"wm_rh_G_cuneus"	#b41414
14112	"wm_rh_G_front_inf-Opercular"	#dc1464
14113	"wm_rh_G_front_inf-Orbital"	#8c3c3c
14114	"wm_rh_G_front_inf-Triangul"	#b4dc8c
14115	"wm_rh_G_front_middle"	#8c64b4
14116	"wm_rh_G_front_sup"	#b4148c
14117	"wm_rh_G_Ins_lg_and_S_cent_ins"	#170a0a
14118	"wm_rh_G_insular_short"	#e18c8c
14119	"wm_rh_G_occipital_middle"	#b43cb4
14120	"wm_rh_G_occipital_sup"	#14dc3c
14121	"wm_rh_G_oc-temp_lat-fusifor"	#3c148c
14122	"wm_rh_G_oc-temp_med-Lingual"	#dcb48c
14123	"wm_rh_G_oc-temp_med-Parahip"	#416414
14124	"wm_rh_G_orbital"	#dc3c14
14125	"wm_rh_G_pariet_inf-Angular"	#143cdc
14126	"wm_rh_G_pariet_inf-Supramar"	#64643c
14127	"wm_rh_G_parietal_sup"	#dcb4dc
14128	"wm_rh_G_postcentral"	#14b48c
14129	"wm_rh_G_precentral"	#3c8cb4
14130	"wm_rh_G_precuneus"	#19148c
14131	"wm_rh_G_rectus"	#143c64
14132	"wm_rh_G_subcallosal"	#3cdc14
14133	"wm_rh_G_temp_sup-G_T_transv"	#3c3cdc
14134	"wm_rh_G_temp_sup-Lateral"	#dc3cdc
14135	"wm_rh_G_temp_sup-Plan_polar"	#41dc3c
14136	"wm_rh_G_temp_sup-Plan_tempo"	#198c14
14137	"wm_rh_G_temporal_inf"	#dcdc64
14138	"wm_rh_G_temporal_middle"	#b43c3c
14139	"wm_rh_Lat_Fis-ant-Horizont"	#3d14dc
14140	"wm_rh_Lat_Fis-ant-Vertical"	#3d143c
14141	"wm_rh_Lat_Fis-post"	#3d3c64
14142	"wm_rh_Medial_wall"	#191919
14143	"wm_rh_Pole_occipital"	#8c143c
14144	"wm_rh_Pole_temporal"	#dcb414
14145	"wm_rh_S_calcarine"	#3fb4b4
14146	"wm_rh_S_central"	#dd140a
14147	"wm_rh_S_cingul-Marginalis"	#dd1464
14148	"wm_rh_S_circular_insula_ant"	#dd3c8c
14149	"wm_rh_S_circular_insula_inf"	#dd14dc
14150	"wm_rh_S_circular_insula_sup"	#3ddcdc
14151	"wm_rh_S_collat_transv_ant"	#64c8c8
14152	"wm_rh_S_collat_transv_post"	#0ac8c8
14153	"wm_rh_S_front_inf"	#dddc14
14154	"wm_rh_S_front_middle"	#8d1464
14155	"wm_rh_S_front_sup"	#3ddc64
14156	"wm_rh_S_interm_prim-Jensen"	#8d3c14
14157	"wm_rh_S_intrapariet_and_P_trans"	#8f14dc
14158	"wm_rh_S_oc_middle_and_Lunatus"	#653cdc
14159	"wm_rh_S_oc_sup_and_transversal"	#15148c
14160	"wm_rh_S_occipital_ant"	#3d14b4
14161	"wm_rh_S_oc-temp_lat"	#dd8c14
14162	"wm_rh_S_oc-temp_med_and_Lingual"	#8d64dc
14163	"wm_rh_S_orbital_lateral"	#dd6414
14164	"wm_rh_S_orbital_med-olfact"	#b5c814
14165	"wm_rh_S_orbital-H_Shaped"	#651414
14166	"wm_rh_S_parieto_occipital"	#6564b4
14167	"wm_rh_S_pericallosal"	#b5dc14
14168	"wm_rh_S_postcentral"	#158cc8
14169	"wm_rh_S_precentral-inf-part"	#1514f0
14170	"wm_rh_S_precentral-sup-part"	#1514c8
14171	"wm_rh_S_suborbital"	#15143c
14172	"wm_rh_S_subparietal"	#653c3c
14173	"wm_rh_S_temporal_inf"	#15b4b4
14174	"wm_rh_S_temporal_sup"	#dfdc3c
14175	"wm_rh_S_temporal_transverse"	#dd3c3c
