index	hemi	name	color
65793	L	Background+FreeSurfer_Defined_Medial_Wall	#010101ff
8589944	L	7Networks_LH_Vis_1	#781283ff
8655480	L	7Networks_LH_Vis_2	#781284ff
8721016	L	7Networks_LH_Vis_3	#781285ff
8852088	L	7Networks_LH_Vis_4	#781287ff
8917624	L	7Networks_LH_Vis_5	#781288ff
8983160	L	7Networks_LH_Vis_6	#781289ff
9048696	L	7Networks_LH_Vis_7	#78128aff
9114232	L	7Networks_LH_Vis_8	#78128bff
9179768	L	7Networks_LH_Vis_9	#78128cff
11764294	L	7Networks_LH_SomMot_1	#4682b3ff
11895366	L	7Networks_LH_SomMot_2	#4682b5ff
11960902	L	7Networks_LH_SomMot_3	#4682b6ff
12026438	L	7Networks_LH_SomMot_4	#4682b7ff
12091974	L	7Networks_LH_SomMot_5	#4682b8ff
12157510	L	7Networks_LH_SomMot_6	#4682b9ff
882176	L	7Networks_LH_DorsAttn_Post_1	#00760dff
1013248	L	7Networks_LH_DorsAttn_Post_2	#00760fff
1078784	L	7Networks_LH_DorsAttn_Post_3	#007610ff
1144320	L	7Networks_LH_DorsAttn_Post_4	#007611ff
1209856	L	7Networks_LH_DorsAttn_Post_5	#007612ff
1275392	L	7Networks_LH_DorsAttn_Post_6	#007613ff
1340928	L	7Networks_LH_DorsAttn_PrCv_1	#007614ff
1406464	L	7Networks_LH_DorsAttn_FEF_1	#007615ff
16464580	L	7Networks_LH_SalVentAttn_ParOper_1	#c43afbff
16464836	L	7Networks_LH_SalVentAttn_FrOperIns_1	#c43bfbff
16530372	L	7Networks_LH_SalVentAttn_FrOperIns_2	#c43bfcff
16595908	L	7Networks_LH_SalVentAttn_PFCl_1	#c43bfdff
16464581	L	7Networks_LH_SalVentAttn_Med_1	#c53afbff
16530117	L	7Networks_LH_SalVentAttn_Med_2	#c53afcff
16595653	L	7Networks_LH_SalVentAttn_Med_3	#c53afdff
10877148	L	7Networks_LH_Limbic_OFC_1	#dcf8a5ff
10942684	L	7Networks_LH_Limbic_TempPole_1	#dcf8a6ff
11008220	L	7Networks_LH_Limbic_TempPole_2	#dcf8a7ff
2331878	L	7Networks_LH_Cont_Par_1	#e69423ff
2397670	L	7Networks_LH_Cont_PFCl_1	#e69524ff
2332135	L	7Networks_LH_Cont_pCun_1	#e79523ff
2397671	L	7Networks_LH_Cont_Cing_1	#e79524ff
5258957	L	7Networks_LH_Default_Temp_1	#cd3e50ff
5324493	L	7Networks_LH_Default_Temp_2	#cd3e51ff
5390029	L	7Networks_LH_Default_Par_1	#cd3e52ff
5455565	L	7Networks_LH_Default_Par_2	#cd3e53ff
4997069	L	7Networks_LH_Default_PFC_1	#cd3f4cff
5062605	L	7Networks_LH_Default_PFC_2	#cd3f4dff
5193677	L	7Networks_LH_Default_PFC_3	#cd3f4fff
5259213	L	7Networks_LH_Default_PFC_4	#cd3f50ff
5324749	L	7Networks_LH_Default_PFC_5	#cd3f51ff
5390285	L	7Networks_LH_Default_PFC_6	#cd3f52ff
5455821	L	7Networks_LH_Default_PFC_7	#cd3f53ff
5521357	L	7Networks_LH_Default_pCunPCC_1	#cd3f54ff
5586893	L	7Networks_LH_Default_pCunPCC_2	#cd3f55ff
65793	R	Background+FreeSurfer_Defined_Medial_Wall	#010101ff
8721020	R	7Networks_RH_Vis_1	#7c1285ff
8786556	R	7Networks_RH_Vis_2	#7c1286ff
8917628	R	7Networks_RH_Vis_3	#7c1288ff
8983164	R	7Networks_RH_Vis_4	#7c1289ff
9048700	R	7Networks_RH_Vis_5	#7c128aff
9114236	R	7Networks_RH_Vis_6	#7c128bff
9179772	R	7Networks_RH_Vis_7	#7c128cff
9245308	R	7Networks_RH_Vis_8	#7c128dff
11764298	R	7Networks_RH_SomMot_1	#4a82b3ff
11829834	R	7Networks_RH_SomMot_2	#4a82b4ff
11960906	R	7Networks_RH_SomMot_3	#4a82b6ff
12026442	R	7Networks_RH_SomMot_4	#4a82b7ff
12091978	R	7Networks_RH_SomMot_5	#4a82b8ff
12157514	R	7Networks_RH_SomMot_6	#4a82b9ff
12223050	R	7Networks_RH_SomMot_7	#4a82baff
12288586	R	7Networks_RH_SomMot_8	#4a82bbff
947972	R	7Networks_RH_DorsAttn_Post_1	#04770eff
1079044	R	7Networks_RH_DorsAttn_Post_2	#047710ff
1144580	R	7Networks_RH_DorsAttn_Post_3	#047711ff
1210116	R	7Networks_RH_DorsAttn_Post_4	#047712ff
1275652	R	7Networks_RH_DorsAttn_Post_5	#047713ff
1013253	R	7Networks_RH_DorsAttn_PrCv_1	#05760fff
1078789	R	7Networks_RH_DorsAttn_FEF_1	#057610ff
16530121	R	7Networks_RH_SalVentAttn_TempOccPar_1	#c93afcff
16595657	R	7Networks_RH_SalVentAttn_TempOccPar_2	#c93afdff
16530377	R	7Networks_RH_SalVentAttn_FrOperIns_1	#c93bfcff
16398792	R	7Networks_RH_SalVentAttn_Med_1	#c839faff
16464328	R	7Networks_RH_SalVentAttn_Med_2	#c839fbff
10877408	R	7Networks_RH_Limbic_OFC_1	#e0f9a5ff
10942944	R	7Networks_RH_Limbic_TempPole_1	#e0f9a6ff
2331626	R	7Networks_RH_Cont_Par_1	#ea9323ff
2397162	R	7Networks_RH_Cont_Par_2	#ea9324ff
2266345	R	7Networks_RH_Cont_PFCl_1	#e99422ff
2331881	R	7Networks_RH_Cont_PFCl_2	#e99423ff
2397417	R	7Networks_RH_Cont_PFCl_3	#e99424ff
2462953	R	7Networks_RH_Cont_PFCl_4	#e99425ff
2462954	R	7Networks_RH_Cont_Cing_1	#ea9425ff
2528490	R	7Networks_RH_Cont_PFCmp_1	#ea9426ff
2594026	R	7Networks_RH_Cont_pCun_1	#ea9427ff
5127889	R	7Networks_RH_Default_Par_1	#d13e4eff
5193169	R	7Networks_RH_Default_Temp_1	#d13d4fff
5258705	R	7Networks_RH_Default_Temp_2	#d13d50ff
5324241	R	7Networks_RH_Default_Temp_3	#d13d51ff
5127633	R	7Networks_RH_Default_PFCv_1	#d13d4eff
5389777	R	7Networks_RH_Default_PFCv_2	#d13d52ff
5193424	R	7Networks_RH_Default_PFCdPFCm_1	#d03e4fff
5258960	R	7Networks_RH_Default_PFCdPFCm_2	#d03e50ff
5324496	R	7Networks_RH_Default_PFCdPFCm_3	#d03e51ff
5127888	R	7Networks_RH_Default_pCunPCC_1	#d03e4eff
5390032	R	7Networks_RH_Default_pCunPCC_2	#d03e52ff
