{
  "Authors":
  [
    "Yeo BT",
    "Buckner RL"
  ],
  "Curators":
  [
    "Aleman-Gomez Y",
    "Esteban O"
  ],
  "Identifier": "Yeo2011",
  "License": "See LICENSE file",
  "Name": "Cortical Parcellation Estimated by Intrinsic Functional Connectivity, distributed by FreeSurfer 7",
  "Provenance": "Converted with `mris_convert` from `$FREESURFER_HOME/subjects/fsaverage{,3,4,5,6}/label/{l,r}h.Yeo2011_{,1}7Networks_N1000.annot`",
  "ReferencesAndLinks":
  [
    "https://doi.org/10.1152/jn.00338.2011",
    "https://surfer.nmr.mgh.harvard.edu/fswiki/CorticalParcellation_Yeo2011"
  ]
}