index	name	color
65793	Background+FreeSurfer_Defined_Medial_Wall	#010101ff
8851068	7Networks_RH_Vis_1	#7c0e87ff
8392572	7Networks_RH_Vis_2	#7c0f80ff
8458108	7Networks_RH_Vis_3	#7c0f81ff
8523644	7Networks_RH_Vis_4	#7c0f82ff
8589180	7Networks_RH_Vis_5	#7c0f83ff
8654716	7Networks_RH_Vis_6	#7c0f84ff
8720252	7Networks_RH_Vis_7	#7c0f85ff
8785788	7Networks_RH_Vis_8	#7c0f86ff
8851324	7Networks_RH_Vis_9	#7c0f87ff
8392828	7Networks_RH_Vis_10	#7c1080ff
8458364	7Networks_RH_Vis_11	#7c1081ff
8523900	7Networks_RH_Vis_12	#7c1082ff
8589436	7Networks_RH_Vis_13	#7c1083ff
8654972	7Networks_RH_Vis_14	#7c1084ff
8720508	7Networks_RH_Vis_15	#7c1085ff
8786044	7Networks_RH_Vis_16	#7c1086ff
8851580	7Networks_RH_Vis_17	#7c1087ff
8393084	7Networks_RH_Vis_18	#7c1180ff
8458620	7Networks_RH_Vis_19	#7c1181ff
8524156	7Networks_RH_Vis_20	#7c1182ff
8589692	7Networks_RH_Vis_21	#7c1183ff
8655228	7Networks_RH_Vis_22	#7c1184ff
8720764	7Networks_RH_Vis_23	#7c1185ff
8786300	7Networks_RH_Vis_24	#7c1186ff
8851836	7Networks_RH_Vis_25	#7c1187ff
8393340	7Networks_RH_Vis_26	#7c1280ff
8458876	7Networks_RH_Vis_27	#7c1281ff
8524412	7Networks_RH_Vis_28	#7c1282ff
8589948	7Networks_RH_Vis_29	#7c1283ff
8655484	7Networks_RH_Vis_30	#7c1284ff
8721020	7Networks_RH_Vis_31	#7c1285ff
8786556	7Networks_RH_Vis_32	#7c1286ff
8917628	7Networks_RH_Vis_33	#7c1288ff
8983164	7Networks_RH_Vis_34	#7c1289ff
9048700	7Networks_RH_Vis_35	#7c128aff
9114236	7Networks_RH_Vis_36	#7c128bff
9179772	7Networks_RH_Vis_37	#7c128cff
9245308	7Networks_RH_Vis_38	#7c128dff
9310844	7Networks_RH_Vis_39	#7c128eff
8852348	7Networks_RH_Vis_40	#7c1387ff
8917884	7Networks_RH_Vis_41	#7c1388ff
8983420	7Networks_RH_Vis_42	#7c1389ff
9048956	7Networks_RH_Vis_43	#7c138aff
9114492	7Networks_RH_Vis_44	#7c138bff
9180028	7Networks_RH_Vis_45	#7c138cff
9245564	7Networks_RH_Vis_46	#7c138dff
9311100	7Networks_RH_Vis_47	#7c138eff
8852604	7Networks_RH_Vis_48	#7c1487ff
8918140	7Networks_RH_Vis_49	#7c1488ff
8983676	7Networks_RH_Vis_50	#7c1489ff
9049212	7Networks_RH_Vis_51	#7c148aff
9114748	7Networks_RH_Vis_52	#7c148bff
9180284	7Networks_RH_Vis_53	#7c148cff
9245820	7Networks_RH_Vis_54	#7c148dff
9311356	7Networks_RH_Vis_55	#7c148eff
8852860	7Networks_RH_Vis_56	#7c1587ff
8918396	7Networks_RH_Vis_57	#7c1588ff
8983932	7Networks_RH_Vis_58	#7c1589ff
9049468	7Networks_RH_Vis_59	#7c158aff
9115004	7Networks_RH_Vis_60	#7c158bff
9180540	7Networks_RH_Vis_61	#7c158cff
9246076	7Networks_RH_Vis_62	#7c158dff
9311612	7Networks_RH_Vis_63	#7c158eff
8853116	7Networks_RH_Vis_64	#7c1687ff
8918652	7Networks_RH_Vis_65	#7c1688ff
8984188	7Networks_RH_Vis_66	#7c1689ff
9049724	7Networks_RH_Vis_67	#7c168aff
11632202	7Networks_RH_SomMot_1	#4a7eb1ff
11697738	7Networks_RH_SomMot_2	#4a7eb2ff
11763274	7Networks_RH_SomMot_3	#4a7eb3ff
11828810	7Networks_RH_SomMot_4	#4a7eb4ff
11894346	7Networks_RH_SomMot_5	#4a7eb5ff
11435850	7Networks_RH_SomMot_6	#4a7faeff
11501386	7Networks_RH_SomMot_7	#4a7fafff
11566922	7Networks_RH_SomMot_8	#4a7fb0ff
11632458	7Networks_RH_SomMot_9	#4a7fb1ff
11697994	7Networks_RH_SomMot_10	#4a7fb2ff
11763530	7Networks_RH_SomMot_11	#4a7fb3ff
11829066	7Networks_RH_SomMot_12	#4a7fb4ff
11894602	7Networks_RH_SomMot_13	#4a7fb5ff
11436106	7Networks_RH_SomMot_14	#4a80aeff
11501642	7Networks_RH_SomMot_15	#4a80afff
11567178	7Networks_RH_SomMot_16	#4a80b0ff
11632714	7Networks_RH_SomMot_17	#4a80b1ff
11698250	7Networks_RH_SomMot_18	#4a80b2ff
11763786	7Networks_RH_SomMot_19	#4a80b3ff
11829322	7Networks_RH_SomMot_20	#4a80b4ff
11894858	7Networks_RH_SomMot_21	#4a80b5ff
11436362	7Networks_RH_SomMot_22	#4a81aeff
11501898	7Networks_RH_SomMot_23	#4a81afff
11567434	7Networks_RH_SomMot_24	#4a81b0ff
11632970	7Networks_RH_SomMot_25	#4a81b1ff
11698506	7Networks_RH_SomMot_26	#4a81b2ff
11764042	7Networks_RH_SomMot_27	#4a81b3ff
11829578	7Networks_RH_SomMot_28	#4a81b4ff
11895114	7Networks_RH_SomMot_29	#4a81b5ff
11436618	7Networks_RH_SomMot_30	#4a82aeff
11502154	7Networks_RH_SomMot_31	#4a82afff
11567690	7Networks_RH_SomMot_32	#4a82b0ff
11633226	7Networks_RH_SomMot_33	#4a82b1ff
11698762	7Networks_RH_SomMot_34	#4a82b2ff
11764298	7Networks_RH_SomMot_35	#4a82b3ff
11829834	7Networks_RH_SomMot_36	#4a82b4ff
11960906	7Networks_RH_SomMot_37	#4a82b6ff
12026442	7Networks_RH_SomMot_38	#4a82b7ff
12091978	7Networks_RH_SomMot_39	#4a82b8ff
12157514	7Networks_RH_SomMot_40	#4a82b9ff
12223050	7Networks_RH_SomMot_41	#4a82baff
12288586	7Networks_RH_SomMot_42	#4a82bbff
12354122	7Networks_RH_SomMot_43	#4a82bcff
11895626	7Networks_RH_SomMot_44	#4a83b5ff
11961162	7Networks_RH_SomMot_45	#4a83b6ff
12026698	7Networks_RH_SomMot_46	#4a83b7ff
12092234	7Networks_RH_SomMot_47	#4a83b8ff
12157770	7Networks_RH_SomMot_48	#4a83b9ff
12223306	7Networks_RH_SomMot_49	#4a83baff
12288842	7Networks_RH_SomMot_50	#4a83bbff
12354378	7Networks_RH_SomMot_51	#4a83bcff
11895882	7Networks_RH_SomMot_52	#4a84b5ff
11961418	7Networks_RH_SomMot_53	#4a84b6ff
12026954	7Networks_RH_SomMot_54	#4a84b7ff
12092490	7Networks_RH_SomMot_55	#4a84b8ff
12158026	7Networks_RH_SomMot_56	#4a84b9ff
12223562	7Networks_RH_SomMot_57	#4a84baff
12289098	7Networks_RH_SomMot_58	#4a84bbff
12354634	7Networks_RH_SomMot_59	#4a84bcff
11896138	7Networks_RH_SomMot_60	#4a85b5ff
11961674	7Networks_RH_SomMot_61	#4a85b6ff
12027210	7Networks_RH_SomMot_62	#4a85b7ff
12092746	7Networks_RH_SomMot_63	#4a85b8ff
12158282	7Networks_RH_SomMot_64	#4a85b9ff
12223818	7Networks_RH_SomMot_65	#4a85baff
12289354	7Networks_RH_SomMot_66	#4a85bbff
12354890	7Networks_RH_SomMot_67	#4a85bcff
11896394	7Networks_RH_SomMot_68	#4a86b5ff
11961930	7Networks_RH_SomMot_69	#4a86b6ff
12027466	7Networks_RH_SomMot_70	#4a86b7ff
12093002	7Networks_RH_SomMot_71	#4a86b8ff
12158538	7Networks_RH_SomMot_72	#4a86b9ff
12224074	7Networks_RH_SomMot_73	#4a86baff
12289610	7Networks_RH_SomMot_74	#4a86bbff
12355146	7Networks_RH_SomMot_75	#4a86bcff
11896650	7Networks_RH_SomMot_76	#4a87b5ff
816388	7Networks_RH_DorsAttn_Post_1	#04750cff
881924	7Networks_RH_DorsAttn_Post_2	#04750dff
947460	7Networks_RH_DorsAttn_Post_3	#04750eff
1012996	7Networks_RH_DorsAttn_Post_4	#04750fff
554500	7Networks_RH_DorsAttn_Post_5	#047608ff
620036	7Networks_RH_DorsAttn_Post_6	#047609ff
685572	7Networks_RH_DorsAttn_Post_7	#04760aff
751108	7Networks_RH_DorsAttn_Post_8	#04760bff
816644	7Networks_RH_DorsAttn_Post_9	#04760cff
882180	7Networks_RH_DorsAttn_Post_10	#04760dff
947716	7Networks_RH_DorsAttn_Post_11	#04760eff
1013252	7Networks_RH_DorsAttn_Post_12	#04760fff
554756	7Networks_RH_DorsAttn_Post_13	#047708ff
620292	7Networks_RH_DorsAttn_Post_14	#047709ff
685828	7Networks_RH_DorsAttn_Post_15	#04770aff
751364	7Networks_RH_DorsAttn_Post_16	#04770bff
816900	7Networks_RH_DorsAttn_Post_17	#04770cff
882436	7Networks_RH_DorsAttn_Post_18	#04770dff
947972	7Networks_RH_DorsAttn_Post_19	#04770eff
1079044	7Networks_RH_DorsAttn_Post_20	#047710ff
1144580	7Networks_RH_DorsAttn_Post_21	#047711ff
1210116	7Networks_RH_DorsAttn_Post_22	#047712ff
1275652	7Networks_RH_DorsAttn_Post_23	#047713ff
1341188	7Networks_RH_DorsAttn_Post_24	#047714ff
1406724	7Networks_RH_DorsAttn_Post_25	#047715ff
1472260	7Networks_RH_DorsAttn_Post_26	#047716ff
1013764	7Networks_RH_DorsAttn_Post_27	#04780fff
1079300	7Networks_RH_DorsAttn_Post_28	#047810ff
1144836	7Networks_RH_DorsAttn_Post_29	#047811ff
1210372	7Networks_RH_DorsAttn_Post_30	#047812ff
1275908	7Networks_RH_DorsAttn_Post_31	#047813ff
1341444	7Networks_RH_DorsAttn_Post_32	#047814ff
1406980	7Networks_RH_DorsAttn_Post_33	#047815ff
1472516	7Networks_RH_DorsAttn_Post_34	#047816ff
1014020	7Networks_RH_DorsAttn_Post_35	#04790fff
1079556	7Networks_RH_DorsAttn_Post_36	#047910ff
1145092	7Networks_RH_DorsAttn_Post_37	#047911ff
1210628	7Networks_RH_DorsAttn_Post_38	#047912ff
1276164	7Networks_RH_DorsAttn_Post_39	#047913ff
1341700	7Networks_RH_DorsAttn_Post_40	#047914ff
1407236	7Networks_RH_DorsAttn_Post_41	#047915ff
1472772	7Networks_RH_DorsAttn_Post_42	#047916ff
882181	7Networks_RH_DorsAttn_FEF_1	#05760dff
1013253	7Networks_RH_DorsAttn_FEF_2	#05760fff
1078789	7Networks_RH_DorsAttn_FEF_3	#057610ff
1144325	7Networks_RH_DorsAttn_FEF_4	#057611ff
1209861	7Networks_RH_DorsAttn_FEF_5	#057612ff
1275397	7Networks_RH_DorsAttn_FEF_6	#057613ff
1340933	7Networks_RH_DorsAttn_PrCv_1	#057614ff
1406469	7Networks_RH_DorsAttn_PrCv_2	#057615ff
1472005	7Networks_RH_DorsAttn_PrCv_3	#057616ff
1013509	7Networks_RH_DorsAttn_PrCv_4	#05770fff
16136905	7Networks_RH_SalVentAttn_TempOccPar_1	#c93af6ff
16202441	7Networks_RH_SalVentAttn_TempOccPar_2	#c93af7ff
16267977	7Networks_RH_SalVentAttn_TempOccPar_3	#c93af8ff
16333513	7Networks_RH_SalVentAttn_TempOccPar_4	#c93af9ff
16399049	7Networks_RH_SalVentAttn_TempOccPar_5	#c93afaff
16530121	7Networks_RH_SalVentAttn_TempOccPar_6	#c93afcff
16595657	7Networks_RH_SalVentAttn_TempOccPar_7	#c93afdff
16661193	7Networks_RH_SalVentAttn_TempOccPar_8	#c93afeff
16726729	7Networks_RH_SalVentAttn_TempOccPar_9	#c93affff
16397254	7Networks_RH_SalVentAttn_TempOccPar_10	#c633faff
16462790	7Networks_RH_SalVentAttn_TempOccPar_11	#c633fbff
16004294	7Networks_RH_SalVentAttn_TempOccPar_12	#c634f4ff
16069830	7Networks_RH_SalVentAttn_TempOccPar_13	#c634f5ff
16464841	7Networks_RH_SalVentAttn_PrC_1	#c93bfbff
16071625	7Networks_RH_SalVentAttn_FrOperIns_1	#c93bf5ff
16137161	7Networks_RH_SalVentAttn_FrOperIns_2	#c93bf6ff
16202697	7Networks_RH_SalVentAttn_FrOperIns_3	#c93bf7ff
16268233	7Networks_RH_SalVentAttn_FrOperIns_4	#c93bf8ff
16333769	7Networks_RH_SalVentAttn_FrOperIns_5	#c93bf9ff
16399305	7Networks_RH_SalVentAttn_FrOperIns_6	#c93bfaff
16530377	7Networks_RH_SalVentAttn_FrOperIns_7	#c93bfcff
16595913	7Networks_RH_SalVentAttn_FrOperIns_8	#c93bfdff
16661449	7Networks_RH_SalVentAttn_FrOperIns_9	#c93bfeff
16726985	7Networks_RH_SalVentAttn_FrOperIns_10	#c93bffff
16397510	7Networks_RH_SalVentAttn_FrOperIns_11	#c634faff
16463046	7Networks_RH_SalVentAttn_FrOperIns_12	#c634fbff
16004550	7Networks_RH_SalVentAttn_FrOperIns_13	#c635f4ff
16070086	7Networks_RH_SalVentAttn_FrOperIns_14	#c635f5ff
16135622	7Networks_RH_SalVentAttn_FrOperIns_15	#c635f6ff
16399048	7Networks_RH_SalVentAttn_PFCv_1	#c83afaff
16464328	7Networks_RH_SalVentAttn_PFCl_1	#c839fbff
15940040	7Networks_RH_SalVentAttn_Med_1	#c839f3ff
16005576	7Networks_RH_SalVentAttn_Med_2	#c839f4ff
16071112	7Networks_RH_SalVentAttn_Med_3	#c839f5ff
16136648	7Networks_RH_SalVentAttn_Med_4	#c839f6ff
16202184	7Networks_RH_SalVentAttn_Med_5	#c839f7ff
16267720	7Networks_RH_SalVentAttn_Med_6	#c839f8ff
16398792	7Networks_RH_SalVentAttn_Med_7	#c839faff
16529864	7Networks_RH_SalVentAttn_Med_8	#c839fcff
16595400	7Networks_RH_SalVentAttn_Med_9	#c839fdff
16660936	7Networks_RH_SalVentAttn_Med_10	#c839feff
16726472	7Networks_RH_SalVentAttn_Med_11	#c839ffff
16333512	7Networks_RH_SalVentAttn_Med_12	#c83af9ff
16464584	7Networks_RH_SalVentAttn_Med_13	#c83afbff
16530120	7Networks_RH_SalVentAttn_Med_14	#c83afcff
16595656	7Networks_RH_SalVentAttn_Med_15	#c83afdff
16661192	7Networks_RH_SalVentAttn_Med_16	#c83afeff
10615264	7Networks_RH_Limbic_OFC_1	#e0f9a1ff
10680800	7Networks_RH_Limbic_OFC_2	#e0f9a2ff
10746336	7Networks_RH_Limbic_OFC_3	#e0f9a3ff
10877408	7Networks_RH_Limbic_OFC_4	#e0f9a5ff
10942944	7Networks_RH_Limbic_OFC_5	#e0f9a6ff
11008480	7Networks_RH_Limbic_OFC_6	#e0f9a7ff
11074016	7Networks_RH_Limbic_OFC_7	#e0f9a8ff
11139552	7Networks_RH_Limbic_OFC_8	#e0f9a9ff
11205088	7Networks_RH_Limbic_OFC_9	#e0f9aaff
11270624	7Networks_RH_Limbic_OFC_10	#e0f9abff
10484192	7Networks_RH_Limbic_TempPole_1	#e0f99fff
10549728	7Networks_RH_Limbic_TempPole_2	#e0f9a0ff
10811872	7Networks_RH_Limbic_TempPole_3	#e0f9a4ff
11336160	7Networks_RH_Limbic_TempPole_4	#e0f9acff
10877664	7Networks_RH_Limbic_TempPole_5	#e0faa5ff
10943200	7Networks_RH_Limbic_TempPole_6	#e0faa6ff
11008736	7Networks_RH_Limbic_TempPole_7	#e0faa7ff
11074272	7Networks_RH_Limbic_TempPole_8	#e0faa8ff
11139808	7Networks_RH_Limbic_TempPole_9	#e0faa9ff
11205344	7Networks_RH_Limbic_TempPole_10	#e0faaaff
11270880	7Networks_RH_Limbic_TempPole_11	#e0faabff
11336416	7Networks_RH_Limbic_TempPole_12	#e0faacff
10877920	7Networks_RH_Limbic_TempPole_13	#e0fba5ff
10943456	7Networks_RH_Limbic_TempPole_14	#e0fba6ff
11008992	7Networks_RH_Limbic_TempPole_15	#e0fba7ff
2003946	7Networks_RH_Cont_Par_1	#ea931eff
2069482	7Networks_RH_Cont_Par_2	#ea931fff
2135018	7Networks_RH_Cont_Par_3	#ea9320ff
2200554	7Networks_RH_Cont_Par_4	#ea9321ff
2331626	7Networks_RH_Cont_Par_5	#ea9323ff
2397162	7Networks_RH_Cont_Par_6	#ea9324ff
2462698	7Networks_RH_Cont_Par_7	#ea9325ff
2528234	7Networks_RH_Cont_Par_8	#ea9326ff
2593770	7Networks_RH_Cont_Par_9	#ea9327ff
2659306	7Networks_RH_Cont_Par_10	#ea9328ff
2724842	7Networks_RH_Cont_Par_11	#ea9329ff
2266090	7Networks_RH_Cont_Temp_1	#ea9322ff
2200810	7Networks_RH_Cont_Temp_2	#ea9421ff
2266346	7Networks_RH_Cont_Temp_3	#ea9422ff
2331881	7Networks_RH_Cont_PFCv_1	#e99423ff
2397417	7Networks_RH_Cont_PFCv_2	#e99424ff
1807337	7Networks_RH_Cont_PFCl_1	#e9931bff
1872873	7Networks_RH_Cont_PFCl_2	#e9931cff
1938409	7Networks_RH_Cont_PFCl_3	#e9931dff
2003945	7Networks_RH_Cont_PFCl_4	#e9931eff
2069481	7Networks_RH_Cont_PFCl_5	#e9931fff
2135017	7Networks_RH_Cont_PFCl_6	#e99320ff
2200553	7Networks_RH_Cont_PFCl_7	#e99321ff
1742057	7Networks_RH_Cont_PFCl_8	#e9941aff
1807593	7Networks_RH_Cont_PFCl_9	#e9941bff
1873129	7Networks_RH_Cont_PFCl_10	#e9941cff
1938665	7Networks_RH_Cont_PFCl_11	#e9941dff
2004201	7Networks_RH_Cont_PFCl_12	#e9941eff
2069737	7Networks_RH_Cont_PFCl_13	#e9941fff
2135273	7Networks_RH_Cont_PFCl_14	#e99420ff
2266345	7Networks_RH_Cont_PFCl_15	#e99422ff
2462953	7Networks_RH_Cont_PFCl_16	#e99425ff
2528489	7Networks_RH_Cont_PFCl_17	#e99426ff
2594025	7Networks_RH_Cont_PFCl_18	#e99427ff
2659561	7Networks_RH_Cont_PFCl_19	#e99428ff
2201065	7Networks_RH_Cont_PFCl_20	#e99521ff
2266601	7Networks_RH_Cont_PFCl_21	#e99522ff
2332137	7Networks_RH_Cont_PFCl_22	#e99523ff
2397673	7Networks_RH_Cont_PFCl_23	#e99524ff
2463209	7Networks_RH_Cont_PFCl_24	#e99525ff
2528745	7Networks_RH_Cont_PFCl_25	#e99526ff
2594281	7Networks_RH_Cont_PFCl_26	#e99527ff
2659817	7Networks_RH_Cont_PFCl_27	#e99528ff
2201321	7Networks_RH_Cont_PFCl_28	#e99621ff
2266857	7Networks_RH_Cont_PFCl_29	#e99622ff
2332393	7Networks_RH_Cont_PFCl_30	#e99623ff
2397929	7Networks_RH_Cont_PFCl_31	#e99624ff
2463465	7Networks_RH_Cont_PFCl_32	#e99625ff
2331625	7Networks_RH_Cont_pCun_1	#e99323ff
2397161	7Networks_RH_Cont_pCun_2	#e99324ff
2462697	7Networks_RH_Cont_pCun_4	#e99325ff
2528233	7Networks_RH_Cont_pCun_5	#e99326ff
2593769	7Networks_RH_Cont_pCun_6	#e99327ff
2266089	7Networks_RH_Cont_Cing_1	#e99322ff
2659305	7Networks_RH_Cont_Cing_2	#e99328ff
2200809	7Networks_RH_Cont_Cing_3	#e99421ff
2462954	7Networks_RH_Cont_PFCmp_1	#ea9425ff
2528490	7Networks_RH_Cont_PFCmp_2	#ea9426ff
2594026	7Networks_RH_Cont_PFCmp_3	#ea9427ff
4865745	7Networks_RH_Default_Par_1	#d13e4aff
4931281	7Networks_RH_Default_Par_2	#d13e4bff
4996817	7Networks_RH_Default_Par_3	#d13e4cff
5127889	7Networks_RH_Default_Par_4	#d13e4eff
5193425	7Networks_RH_Default_Par_5	#d13e4fff
5258961	7Networks_RH_Default_Par_6	#d13e50ff
5324497	7Networks_RH_Default_Par_7	#d13e51ff
5390033	7Networks_RH_Default_Par_8	#d13e52ff
5455569	7Networks_RH_Default_Par_9	#d13e53ff
5521105	7Networks_RH_Default_Par_10	#d13e54ff
4799953	7Networks_RH_Default_Temp_1	#d13d49ff
4865489	7Networks_RH_Default_Temp_2	#d13d4aff
4931025	7Networks_RH_Default_Temp_3	#d13d4bff
4996561	7Networks_RH_Default_Temp_4	#d13d4cff
5062097	7Networks_RH_Default_Temp_5	#d13d4dff
5193169	7Networks_RH_Default_Temp_6	#d13d4fff
5258705	7Networks_RH_Default_Temp_7	#d13d50ff
5324241	7Networks_RH_Default_Temp_8	#d13d51ff
5389777	7Networks_RH_Default_Temp_9	#d13d52ff
5455313	7Networks_RH_Default_Temp_10	#d13d53ff
5520849	7Networks_RH_Default_Temp_11	#d13d54ff
5586385	7Networks_RH_Default_Temp_12	#d13d55ff
5586641	7Networks_RH_Default_Temp_13	#d13e55ff
5127633	7Networks_RH_Default_PFCv_1	#d13d4eff
5062353	7Networks_RH_Default_PFCv_2	#d13e4dff
5062609	7Networks_RH_Default_PFCv_3	#d13f4dff
5128145	7Networks_RH_Default_PFCv_4	#d13f4eff
5193681	7Networks_RH_Default_PFCv_5	#d13f4fff
5259217	7Networks_RH_Default_PFCv_6	#d13f50ff
4996560	7Networks_RH_Default_PFCdPFCm_1	#d03d4cff
5062096	7Networks_RH_Default_PFCdPFCm_2	#d03d4dff
5127632	7Networks_RH_Default_PFCdPFCm_3	#d03d4eff
4669136	7Networks_RH_Default_PFCdPFCm_4	#d03e47ff
4734672	7Networks_RH_Default_PFCdPFCm_5	#d03e48ff
4800208	7Networks_RH_Default_PFCdPFCm_6	#d03e49ff
4865744	7Networks_RH_Default_PFCdPFCm_7	#d03e4aff
4931280	7Networks_RH_Default_PFCdPFCm_8	#d03e4bff
4996816	7Networks_RH_Default_PFCdPFCm_9	#d03e4cff
5062352	7Networks_RH_Default_PFCdPFCm_10	#d03e4dff
5193424	7Networks_RH_Default_PFCdPFCm_11	#d03e4fff
5258960	7Networks_RH_Default_PFCdPFCm_12	#d03e50ff
5324496	7Networks_RH_Default_PFCdPFCm_13	#d03e51ff
5390032	7Networks_RH_Default_PFCdPFCm_14	#d03e52ff
5455568	7Networks_RH_Default_PFCdPFCm_15	#d03e53ff
5521104	7Networks_RH_Default_PFCdPFCm_16	#d03e54ff
5586640	7Networks_RH_Default_PFCdPFCm_17	#d03e55ff
5128144	7Networks_RH_Default_PFCdPFCm_18	#d03f4eff
5193680	7Networks_RH_Default_PFCdPFCm_19	#d03f4fff
5259216	7Networks_RH_Default_PFCdPFCm_20	#d03f50ff
5324752	7Networks_RH_Default_PFCdPFCm_21	#d03f51ff
5390288	7Networks_RH_Default_PFCdPFCm_22	#d03f52ff
5455824	7Networks_RH_Default_PFCdPFCm_23	#d03f53ff
5521360	7Networks_RH_Default_PFCdPFCm_24	#d03f54ff
4603600	7Networks_RH_Default_pCunPCC_1	#d03e46ff
5127888	7Networks_RH_Default_pCunPCC_2	#d03e4eff
5062608	7Networks_RH_Default_pCunPCC_3	#d03f4dff
5062864	7Networks_RH_Default_pCunPCC_4	#d0404dff
5128400	7Networks_RH_Default_pCunPCC_5	#d0404eff
5193936	7Networks_RH_Default_pCunPCC_6	#d0404fff
5259472	7Networks_RH_Default_pCunPCC_7	#d04050ff
5325008	7Networks_RH_Default_pCunPCC_8	#d04051ff
5390544	7Networks_RH_Default_pCunPCC_9	#d04052ff
5456080	7Networks_RH_Default_pCunPCC_10	#d04053ff
5521616	7Networks_RH_Default_pCunPCC_11	#d04054ff
5063120	7Networks_RH_Default_pCunPCC_12	#d0414dff
5128656	7Networks_RH_Default_pCunPCC_13	#d0414eff
5194192	7Networks_RH_Default_pCunPCC_14	#d0414fff
5259728	7Networks_RH_Default_pCunPCC_15	#d04150ff
5325264	7Networks_RH_Default_pCunPCC_16	#d04151ff
5390800	7Networks_RH_Default_pCunPCC_17	#d04152ff
5456336	7Networks_RH_Default_pCunPCC_18	#d04153ff
5521872	7Networks_RH_Default_pCunPCC_19	#d04154ff
5063376	7Networks_RH_Default_pCunPCC_20	#d0424dff
2397675	7Networks_RH_Cont_pCun_3	#eb9524ff
