index	name	color
65793	Background+FreeSurfer_Defined_Medial_Wall	#010101ff
8851576	7Networks_RH_Vis_1	#781087ff
8393080	7Networks_RH_Vis_2	#781180ff
8458616	7Networks_RH_Vis_3	#781181ff
8524152	7Networks_RH_Vis_4	#781182ff
8589688	7Networks_RH_Vis_5	#781183ff
8655224	7Networks_RH_Vis_6	#781184ff
8720760	7Networks_RH_Vis_7	#781185ff
8786296	7Networks_RH_Vis_8	#781186ff
8851832	7Networks_RH_Vis_9	#781187ff
8393336	7Networks_RH_Vis_10	#781280ff
8458872	7Networks_RH_Vis_11	#781281ff
8524408	7Networks_RH_Vis_12	#781282ff
8589944	7Networks_RH_Vis_13	#781283ff
8655480	7Networks_RH_Vis_14	#781284ff
8721016	7Networks_RH_Vis_15	#781285ff
8786552	7Networks_RH_Vis_16	#781286ff
8917624	7Networks_RH_Vis_17	#781288ff
8983160	7Networks_RH_Vis_18	#781289ff
9048696	7Networks_RH_Vis_19	#78128aff
9114232	7Networks_RH_Vis_20	#78128bff
9179768	7Networks_RH_Vis_21	#78128cff
9245304	7Networks_RH_Vis_22	#78128dff
9310840	7Networks_RH_Vis_23	#78128eff
8852344	7Networks_RH_Vis_24	#781387ff
8917880	7Networks_RH_Vis_25	#781388ff
8983416	7Networks_RH_Vis_26	#781389ff
9048952	7Networks_RH_Vis_27	#78138aff
9114488	7Networks_RH_Vis_28	#78138bff
9180024	7Networks_RH_Vis_29	#78138cff
9245560	7Networks_RH_Vis_30	#78138dff
9311096	7Networks_RH_Vis_31	#78138eff
8852600	7Networks_RH_Vis_32	#781487ff
8918136	7Networks_RH_Vis_33	#781488ff
8983672	7Networks_RH_Vis_34	#781489ff
9049208	7Networks_RH_Vis_35	#78148aff
11436102	7Networks_RH_SomMot_1	#4680aeff
11501638	7Networks_RH_SomMot_2	#4680afff
11567174	7Networks_RH_SomMot_3	#4680b0ff
11632710	7Networks_RH_SomMot_4	#4680b1ff
11698246	7Networks_RH_SomMot_5	#4680b2ff
11763782	7Networks_RH_SomMot_6	#4680b3ff
11829318	7Networks_RH_SomMot_7	#4680b4ff
11894854	7Networks_RH_SomMot_8	#4680b5ff
11436358	7Networks_RH_SomMot_9	#4681aeff
11501894	7Networks_RH_SomMot_10	#4681afff
11567430	7Networks_RH_SomMot_11	#4681b0ff
11632966	7Networks_RH_SomMot_12	#4681b1ff
11698502	7Networks_RH_SomMot_13	#4681b2ff
11764038	7Networks_RH_SomMot_14	#4681b3ff
11829574	7Networks_RH_SomMot_15	#4681b4ff
11895110	7Networks_RH_SomMot_16	#4681b5ff
11436614	7Networks_RH_SomMot_17	#4682aeff
11502150	7Networks_RH_SomMot_18	#4682afff
11567686	7Networks_RH_SomMot_19	#4682b0ff
11633222	7Networks_RH_SomMot_20	#4682b1ff
11698758	7Networks_RH_SomMot_21	#4682b2ff
11764294	7Networks_RH_SomMot_22	#4682b3ff
11829830	7Networks_RH_SomMot_23	#4682b4ff
11960902	7Networks_RH_SomMot_24	#4682b6ff
12026438	7Networks_RH_SomMot_25	#4682b7ff
12091974	7Networks_RH_SomMot_26	#4682b8ff
12157510	7Networks_RH_SomMot_27	#4682b9ff
12223046	7Networks_RH_SomMot_28	#4682baff
12288582	7Networks_RH_SomMot_29	#4682bbff
12354118	7Networks_RH_SomMot_30	#4682bcff
11895622	7Networks_RH_SomMot_31	#4683b5ff
11961158	7Networks_RH_SomMot_32	#4683b6ff
12026694	7Networks_RH_SomMot_33	#4683b7ff
12092230	7Networks_RH_SomMot_34	#4683b8ff
12157766	7Networks_RH_SomMot_35	#4683b9ff
12223302	7Networks_RH_SomMot_36	#4683baff
12288838	7Networks_RH_SomMot_37	#4683bbff
12354374	7Networks_RH_SomMot_38	#4683bcff
11895878	7Networks_RH_SomMot_39	#4684b5ff
11961414	7Networks_RH_SomMot_40	#4684b6ff
12026950	7Networks_RH_SomMot_41	#4684b7ff
12092486	7Networks_RH_SomMot_42	#4684b8ff
12158022	7Networks_RH_SomMot_43	#4684b9ff
12223558	7Networks_RH_SomMot_44	#4684baff
12289094	7Networks_RH_SomMot_45	#4684bbff
12354630	7Networks_RH_SomMot_46	#4684bcff
11896134	7Networks_RH_SomMot_47	#4685b5ff
11961670	7Networks_RH_SomMot_48	#4685b6ff
12027206	7Networks_RH_SomMot_49	#4685b7ff
882176	7Networks_RH_DorsAttn_Post_1	#00760dff
947712	7Networks_RH_DorsAttn_Post_2	#00760eff
1013248	7Networks_RH_DorsAttn_Post_3	#00760fff
554752	7Networks_RH_DorsAttn_Post_4	#007708ff
620288	7Networks_RH_DorsAttn_Post_5	#007709ff
685824	7Networks_RH_DorsAttn_Post_6	#00770aff
751360	7Networks_RH_DorsAttn_Post_7	#00770bff
816896	7Networks_RH_DorsAttn_Post_8	#00770cff
882432	7Networks_RH_DorsAttn_Post_9	#00770dff
947968	7Networks_RH_DorsAttn_Post_10	#00770eff
1079040	7Networks_RH_DorsAttn_Post_11	#007710ff
1144576	7Networks_RH_DorsAttn_Post_12	#007711ff
1210112	7Networks_RH_DorsAttn_Post_13	#007712ff
1275648	7Networks_RH_DorsAttn_Post_14	#007713ff
1341184	7Networks_RH_DorsAttn_Post_15	#007714ff
1406720	7Networks_RH_DorsAttn_Post_16	#007715ff
1472256	7Networks_RH_DorsAttn_Post_17	#007716ff
1013760	7Networks_RH_DorsAttn_Post_18	#00780fff
1079296	7Networks_RH_DorsAttn_Post_19	#007810ff
1144832	7Networks_RH_DorsAttn_Post_20	#007811ff
1210368	7Networks_RH_DorsAttn_Post_21	#007812ff
1275904	7Networks_RH_DorsAttn_Post_22	#007813ff
1341440	7Networks_RH_DorsAttn_Post_23	#007814ff
1406976	7Networks_RH_DorsAttn_Post_24	#007815ff
1013249	7Networks_RH_DorsAttn_FEF_1	#01760fff
1078785	7Networks_RH_DorsAttn_FEF_2	#017610ff
1144321	7Networks_RH_DorsAttn_FEF_3	#017611ff
1209857	7Networks_RH_DorsAttn_FEF_4	#017612ff
1275393	7Networks_RH_DorsAttn_PrCv_1	#017613ff
1340929	7Networks_RH_DorsAttn_PrCv_2	#017614ff
1406465	7Networks_RH_DorsAttn_PrCv_3	#017615ff
16333509	7Networks_RH_SalVentAttn_TempOccPar_1	#c53af9ff
16399045	7Networks_RH_SalVentAttn_TempOccPar_2	#c53afaff
16530117	7Networks_RH_SalVentAttn_TempOccPar_3	#c53afcff
16595653	7Networks_RH_SalVentAttn_TempOccPar_4	#c53afdff
16661189	7Networks_RH_SalVentAttn_TempOccPar_5	#c53afeff
16726725	7Networks_RH_SalVentAttn_TempOccPar_6	#c53affff
16397250	7Networks_RH_SalVentAttn_TempOccPar_7	#c233faff
16462786	7Networks_RH_SalVentAttn_TempOccPar_8	#c233fbff
16464837	7Networks_RH_SalVentAttn_PrC_1	#c53bfbff
16268229	7Networks_RH_SalVentAttn_FrOperIns_1	#c53bf8ff
16333765	7Networks_RH_SalVentAttn_FrOperIns_2	#c53bf9ff
16399301	7Networks_RH_SalVentAttn_FrOperIns_3	#c53bfaff
16530373	7Networks_RH_SalVentAttn_FrOperIns_4	#c53bfcff
16595909	7Networks_RH_SalVentAttn_FrOperIns_5	#c53bfdff
16661445	7Networks_RH_SalVentAttn_FrOperIns_6	#c53bfeff
16726981	7Networks_RH_SalVentAttn_FrOperIns_7	#c53bffff
16397506	7Networks_RH_SalVentAttn_FrOperIns_8	#c234faff
16463042	7Networks_RH_SalVentAttn_FrOperIns_9	#c234fbff
16464324	7Networks_RH_SalVentAttn_PFCl_1	#c439fbff
16005572	7Networks_RH_SalVentAttn_Med_1	#c439f4ff
16071108	7Networks_RH_SalVentAttn_Med_2	#c439f5ff
16136644	7Networks_RH_SalVentAttn_Med_3	#c439f6ff
16202180	7Networks_RH_SalVentAttn_Med_4	#c439f7ff
16267716	7Networks_RH_SalVentAttn_Med_5	#c439f8ff
16398788	7Networks_RH_SalVentAttn_Med_6	#c439faff
16529860	7Networks_RH_SalVentAttn_Med_7	#c439fcff
16595396	7Networks_RH_SalVentAttn_Med_8	#c439fdff
16660932	7Networks_RH_SalVentAttn_Med_9	#c439feff
16726468	7Networks_RH_SalVentAttn_Med_10	#c439ffff
16333508	7Networks_RH_SalVentAttn_Med_11	#c43af9ff
16399044	7Networks_RH_SalVentAttn_Med_12	#c43afaff
16464580	7Networks_RH_SalVentAttn_Med_13	#c43afbff
10680796	7Networks_RH_Limbic_OFC_1	#dcf9a2ff
10746332	7Networks_RH_Limbic_OFC_2	#dcf9a3ff
10877404	7Networks_RH_Limbic_OFC_3	#dcf9a5ff
10942940	7Networks_RH_Limbic_OFC_4	#dcf9a6ff
11008476	7Networks_RH_Limbic_OFC_5	#dcf9a7ff
11074012	7Networks_RH_Limbic_OFC_6	#dcf9a8ff
11139548	7Networks_RH_Limbic_OFC_7	#dcf9a9ff
10811868	7Networks_RH_Limbic_TempPole_1	#dcf9a4ff
11205084	7Networks_RH_Limbic_TempPole_2	#dcf9aaff
11270620	7Networks_RH_Limbic_TempPole_3	#dcf9abff
11336156	7Networks_RH_Limbic_TempPole_4	#dcf9acff
10877660	7Networks_RH_Limbic_TempPole_5	#dcfaa5ff
10943196	7Networks_RH_Limbic_TempPole_6	#dcfaa6ff
11008732	7Networks_RH_Limbic_TempPole_7	#dcfaa7ff
11074268	7Networks_RH_Limbic_TempPole_8	#dcfaa8ff
11139804	7Networks_RH_Limbic_TempPole_9	#dcfaa9ff
11205340	7Networks_RH_Limbic_TempPole_10	#dcfaaaff
2200550	7Networks_RH_Cont_Par_1	#e69321ff
2331622	7Networks_RH_Cont_Par_2	#e69323ff
2397158	7Networks_RH_Cont_Par_3	#e69324ff
2462694	7Networks_RH_Cont_Par_4	#e69325ff
2528230	7Networks_RH_Cont_Par_5	#e69326ff
2593766	7Networks_RH_Cont_Par_6	#e69327ff
2266086	7Networks_RH_Cont_Temp_1	#e69322ff
2659302	7Networks_RH_Cont_Temp_2	#e69328ff
2331877	7Networks_RH_Cont_PFCv_1	#e59423ff
2200549	7Networks_RH_Cont_PFCl_1	#e59321ff
1742053	7Networks_RH_Cont_PFCl_2	#e5941aff
1807589	7Networks_RH_Cont_PFCl_3	#e5941bff
1873125	7Networks_RH_Cont_PFCl_4	#e5941cff
1938661	7Networks_RH_Cont_PFCl_5	#e5941dff
2004197	7Networks_RH_Cont_PFCl_6	#e5941eff
2069733	7Networks_RH_Cont_PFCl_7	#e5941fff
2135269	7Networks_RH_Cont_PFCl_8	#e59420ff
2266341	7Networks_RH_Cont_PFCl_9	#e59422ff
2397413	7Networks_RH_Cont_PFCl_10	#e59424ff
2462949	7Networks_RH_Cont_PFCl_11	#e59425ff
2528485	7Networks_RH_Cont_PFCl_12	#e59426ff
2594021	7Networks_RH_Cont_PFCl_13	#e59427ff
2659557	7Networks_RH_Cont_PFCl_14	#e59428ff
2201061	7Networks_RH_Cont_PFCl_15	#e59521ff
2266597	7Networks_RH_Cont_PFCl_16	#e59522ff
2332133	7Networks_RH_Cont_PFCl_17	#e59523ff
2397669	7Networks_RH_Cont_PFCl_18	#e59524ff
2463205	7Networks_RH_Cont_PFCl_19	#e59525ff
2528741	7Networks_RH_Cont_PFCl_20	#e59526ff
2331621	7Networks_RH_Cont_pCun_1	#e59323ff
2397157	7Networks_RH_Cont_pCun_2	#e59324ff
2462693	7Networks_RH_Cont_pCun_3	#e59325ff
2266085	7Networks_RH_Cont_Cing_1	#e59322ff
2528229	7Networks_RH_Cont_Cing_2	#e59326ff
2593765	7Networks_RH_Cont_Cing_3	#e59327ff
2462950	7Networks_RH_Cont_PFCmp_1	#e69425ff
2528486	7Networks_RH_Cont_PFCmp_2	#e69426ff
2594022	7Networks_RH_Cont_PFCmp_3	#e69427ff
4931277	7Networks_RH_Default_Par_1	#cd3e4bff
4996813	7Networks_RH_Default_Par_2	#cd3e4cff
5127885	7Networks_RH_Default_Par_3	#cd3e4eff
5193421	7Networks_RH_Default_Par_4	#cd3e4fff
5258957	7Networks_RH_Default_Par_5	#cd3e50ff
5324493	7Networks_RH_Default_Par_6	#cd3e51ff
5390029	7Networks_RH_Default_Par_7	#cd3e52ff
5455565	7Networks_RH_Default_Par_8	#cd3e53ff
4931021	7Networks_RH_Default_Temp_1	#cd3d4bff
4996557	7Networks_RH_Default_Temp_2	#cd3d4cff
5062093	7Networks_RH_Default_Temp_3	#cd3d4dff
5193165	7Networks_RH_Default_Temp_4	#cd3d4fff
5258701	7Networks_RH_Default_Temp_5	#cd3d50ff
5324237	7Networks_RH_Default_Temp_6	#cd3d51ff
5389773	7Networks_RH_Default_Temp_7	#cd3d52ff
5455309	7Networks_RH_Default_Temp_8	#cd3d53ff
5520845	7Networks_RH_Default_Temp_9	#cd3d54ff
5586381	7Networks_RH_Default_Temp_10	#cd3d55ff
5127629	7Networks_RH_Default_PFCv_1	#cd3d4eff
5062349	7Networks_RH_Default_PFCv_2	#cd3e4dff
5521101	7Networks_RH_Default_PFCv_3	#cd3e54ff
5062605	7Networks_RH_Default_PFCv_4	#cd3f4dff
4734668	7Networks_RH_Default_PFCdPFCm_1	#cc3e48ff
4800204	7Networks_RH_Default_PFCdPFCm_2	#cc3e49ff
4865740	7Networks_RH_Default_PFCdPFCm_3	#cc3e4aff
4931276	7Networks_RH_Default_PFCdPFCm_4	#cc3e4bff
4996812	7Networks_RH_Default_PFCdPFCm_5	#cc3e4cff
5062348	7Networks_RH_Default_PFCdPFCm_6	#cc3e4dff
5193420	7Networks_RH_Default_PFCdPFCm_7	#cc3e4fff
5258956	7Networks_RH_Default_PFCdPFCm_8	#cc3e50ff
5324492	7Networks_RH_Default_PFCdPFCm_9	#cc3e51ff
5390028	7Networks_RH_Default_PFCdPFCm_10	#cc3e52ff
5455564	7Networks_RH_Default_PFCdPFCm_11	#cc3e53ff
5521100	7Networks_RH_Default_PFCdPFCm_12	#cc3e54ff
5586636	7Networks_RH_Default_PFCdPFCm_13	#cc3e55ff
5128140	7Networks_RH_Default_PFCdPFCm_14	#cc3f4eff
5193676	7Networks_RH_Default_PFCdPFCm_15	#cc3f4fff
5127884	7Networks_RH_Default_pCunPCC_1	#cc3e4eff
5062604	7Networks_RH_Default_pCunPCC_2	#cc3f4dff
5259212	7Networks_RH_Default_pCunPCC_3	#cc3f50ff
5324748	7Networks_RH_Default_pCunPCC_4	#cc3f51ff
5390284	7Networks_RH_Default_pCunPCC_5	#cc3f52ff
5455820	7Networks_RH_Default_pCunPCC_6	#cc3f53ff
5521356	7Networks_RH_Default_pCunPCC_7	#cc3f54ff
5062860	7Networks_RH_Default_pCunPCC_8	#cc404dff
5128396	7Networks_RH_Default_pCunPCC_9	#cc404eff
5193932	7Networks_RH_Default_pCunPCC_10	#cc404fff
5259468	7Networks_RH_Default_pCunPCC_11	#cc4050ff
