index	name	color
657930	Background	#0a0a0aff
65279	17networks_RH_DefaultA_IPL_1	#fffe00ff
65535	17networks_RH_DefaultA_IPL_2	#ffff00ff
131071	17networks_RH_DefaultA_PCC_1	#ffff01ff
196607	17networks_RH_DefaultA_PFCd_1	#ffff02ff
262143	17networks_RH_DefaultA_PFCd_2	#ffff03ff
327679	17networks_RH_DefaultA_PFCm_1	#ffff04ff
393215	17networks_RH_DefaultA_PFCm_2	#ffff05ff
458751	17networks_RH_DefaultA_PFCm_3	#ffff06ff
524287	17networks_RH_DefaultA_PFCm_4	#ffff07ff
63996	17networks_RH_DefaultA_PFCm_5	#fcf900ff
64252	17networks_RH_DefaultA_PFCm_6	#fcfa00ff
64508	17networks_RH_DefaultA_PHC_1	#fcfb00ff
64764	17networks_RH_DefaultA_Temp_1	#fcfc00ff
65020	17networks_RH_DefaultA_Temp_2	#fcfd00ff
65276	17networks_RH_DefaultA_Temp_3	#fcfe00ff
65532	17networks_RH_DefaultA_Temp_4	#fcff00ff
63741	17networks_RH_DefaultA_TempPole_1	#fdf800ff
63997	17networks_RH_DefaultA_TempPole_2	#fdf900ff
64253	17networks_RH_DefaultA_pCun_1	#fdfa00ff
64509	17networks_RH_DefaultA_pCun_2	#fdfb00ff
4800205	17networks_RH_DefaultB_FPole_1	#cd3e49ff
4865741	17networks_RH_DefaultB_IPL_1	#cd3e4aff
4931277	17networks_RH_DefaultB_PFCd_1	#cd3e4bff
4996813	17networks_RH_DefaultB_PFCd_2	#cd3e4cff
5062349	17networks_RH_DefaultB_PFCd_3	#cd3e4dff
5127885	17networks_RH_DefaultB_PFCd_4	#cd3e4eff
5193421	17networks_RH_DefaultB_PFCv_1	#cd3e4fff
5258957	17networks_RH_DefaultB_Temp_1	#cd3e50ff
5324493	17networks_RH_DefaultB_Temp_2	#cd3e51ff
5390029	17networks_RH_DefaultB_TempPole_1	#cd3e52ff
5455565	17networks_RH_DefaultB_pCun_1	#cd3e53ff
8126464	17networks_RH_DefaultC_IPL_1	#00007cff
8192000	17networks_RH_DefaultC_IPL_2	#00007dff
8257536	17networks_RH_DefaultC_IPL_3	#00007eff
8323072	17networks_RH_DefaultC_PFCd_1	#00007fff
8388608	17networks_RH_DefaultC_PFCd_2	#000080ff
8454144	17networks_RH_DefaultC_PHC_1	#000081ff
8519680	17networks_RH_DefaultC_PHC_2	#000082ff
8585216	17networks_RH_DefaultC_PHC_3	#000083ff
8650752	17networks_RH_DefaultC_RSC_1	#000084ff
8716288	17networks_RH_DefaultC_RSC_2	#000085ff
8781824	17networks_RH_DefaultC_RSC_3	#000086ff
8847360	17networks_RH_DefaultC_RSC_4	#000087ff
8912896	17networks_RH_DefaultC_pCun_1	#000088ff
8978432	17networks_RH_DefaultC_pCun_2	#000089ff
16461836	17networks_RH_Language_IFG_1	#0c30fbff
16527372	17networks_RH_Language_IFG_2	#0c30fcff
16592908	17networks_RH_Language_PFCd_1	#0c30fdff
16658444	17networks_RH_Language_PFCl_1	#0c30feff
16723980	17networks_RH_Language_PFCl_2	#0c30ffff
16394505	17networks_RH_Language_Temp_1	#0929faff
16460041	17networks_RH_Language_Temp_2	#0929fbff
16525577	17networks_RH_Language_TempPole_1	#0929fcff
16591113	17networks_RH_Language_TempPole_2	#0929fdff
1873126	17networks_RH_ContA_Cingm_1	#e6941cff
1938662	17networks_RH_ContA_IPS_1	#e6941dff
2004198	17networks_RH_ContA_IPS_2	#e6941eff
2069734	17networks_RH_ContA_IPS_3	#e6941fff
2135270	17networks_RH_ContA_PFCd_1	#e69420ff
2200806	17networks_RH_ContA_PFCd_2	#e69421ff
2266342	17networks_RH_ContA_PFCl_1	#e69422ff
2331878	17networks_RH_ContA_PFCl_2	#e69423ff
2397414	17networks_RH_ContA_PFCl_3	#e69424ff
2462950	17networks_RH_ContA_PFCmp_1	#e69425ff
2528486	17networks_RH_ContA_PFCmp_2	#e69426ff
2594022	17networks_RH_ContA_SPL_1	#e69427ff
2659558	17networks_RH_ContA_SPL_2	#e69428ff
2725094	17networks_RH_ContA_Temp_1	#e69429ff
4862343	17networks_RH_ContB_FPole_1	#87314aff
4403847	17networks_RH_ContB_FPole_2	#873243ff
4469383	17networks_RH_ContB_IFG_1	#873244ff
4534919	17networks_RH_ContB_IPL_1	#873245ff
4600455	17networks_RH_ContB_IPL_2	#873246ff
4665991	17networks_RH_ContB_IPL_3	#873247ff
4731527	17networks_RH_ContB_IPL_4	#873248ff
4797063	17networks_RH_ContB_IPS_1	#873249ff
4862599	17networks_RH_ContB_OFC_1	#87324aff
4928135	17networks_RH_ContB_OFC_2	#87324bff
4993671	17networks_RH_ContB_OFC_3	#87324cff
5059207	17networks_RH_ContB_PCC_1	#87324dff
5124743	17networks_RH_ContB_PCC_2	#87324eff
5190279	17networks_RH_ContB_PFCd_1	#87324fff
5255815	17networks_RH_ContB_PFCl_1	#873250ff
5321351	17networks_RH_ContB_Temp_1	#873251ff
4862855	17networks_RH_ContB_Temp_2	#87334aff
11570039	17networks_RH_ContC_Cingp_1	#778bb0ff
11111543	17networks_RH_ContC_Cingp_2	#778ca9ff
11177079	17networks_RH_ContC_Cingp_3	#778caaff
11242615	17networks_RH_ContC_IPL_1	#778cabff
11308151	17networks_RH_ContC_Ins_1	#778cacff
11373687	17networks_RH_ContC_OFC_1	#778cadff
11439223	17networks_RH_ContC_OFC_2	#778caeff
11504759	17networks_RH_ContC_PCC_1	#778cafff
11570295	17networks_RH_ContC_PFCl_1	#778cb0ff
11635831	17networks_RH_ContC_PFCl_2	#778cb1ff
11701367	17networks_RH_ContC_PFCl_3	#778cb2ff
11766903	17networks_RH_ContC_PFCl_4	#778cb3ff
11832439	17networks_RH_ContC_PFCm_1	#778cb4ff
11897975	17networks_RH_ContC_PFCm_2	#778cb5ff
11963511	17networks_RH_ContC_PFCm_3	#778cb6ff
12029047	17networks_RH_ContC_PFCm_4	#778cb7ff
11570551	17networks_RH_ContC_pCun_1	#778db0ff
16398788	17networks_RH_SalVenAttnA_FrMed_1	#c439faff
15940292	17networks_RH_SalVenAttnA_FrMed_2	#c43af3ff
16005828	17networks_RH_SalVenAttnA_FrMed_3	#c43af4ff
16071364	17networks_RH_SalVenAttnA_FrMed_4	#c43af5ff
16136900	17networks_RH_SalVenAttnA_FrOper_1	#c43af6ff
16202436	17networks_RH_SalVenAttnA_FrOper_2	#c43af7ff
16267972	17networks_RH_SalVenAttnA_FrOper_3	#c43af8ff
16333508	17networks_RH_SalVenAttnA_IPL_1	#c43af9ff
16399044	17networks_RH_SalVenAttnA_IPL_2	#c43afaff
16464580	17networks_RH_SalVenAttnA_IPL_3	#c43afbff
16530116	17networks_RH_SalVenAttnA_Ins_1	#c43afcff
16595652	17networks_RH_SalVenAttnA_Ins_2	#c43afdff
16661188	17networks_RH_SalVenAttnA_Ins_3	#c43afeff
16726724	17networks_RH_SalVenAttnA_PFCmp_1	#c43affff
16397249	17networks_RH_SalVenAttnA_PFCmp_2	#c133faff
15938753	17networks_RH_SalVenAttnA_SPL_1	#c134f3ff
16004289	17networks_RH_SalVenAttnA_SPL_2	#c134f4ff
13801471	17networks_RH_SalVenAttnB_IFG_1	#ff97d2ff
13867007	17networks_RH_SalVenAttnB_IPL_1	#ff97d3ff
13932543	17networks_RH_SalVenAttnB_IPL_2	#ff97d4ff
13998079	17networks_RH_SalVenAttnB_IPL_3	#ff97d5ff
13539583	17networks_RH_SalVenAttnB_IPL_4	#ff98ceff
13605119	17networks_RH_SalVenAttnB_Ins_1	#ff98cfff
13670655	17networks_RH_SalVenAttnB_Ins_2	#ff98d0ff
13736191	17networks_RH_SalVenAttnB_Ins_3	#ff98d1ff
13801727	17networks_RH_SalVenAttnB_Ins_4	#ff98d2ff
13867263	17networks_RH_SalVenAttnB_OFC_1	#ff98d3ff
13932799	17networks_RH_SalVenAttnB_OFC_2	#ff98d4ff
13998335	17networks_RH_SalVenAttnB_PFCd_1	#ff98d5ff
14063871	17networks_RH_SalVenAttnB_PFCl_1	#ff98d6ff
14129407	17networks_RH_SalVenAttnB_PFCl_2	#ff98d7ff
14194943	17networks_RH_SalVenAttnB_PFCl_3	#ff98d8ff
14260479	17networks_RH_SalVenAttnB_PFCl_4	#ff98d9ff
14326015	17networks_RH_SalVenAttnB_PFCl_5	#ff98daff
14391551	17networks_RH_SalVenAttnB_SPL_1	#ff98dbff
14457087	17networks_RH_SalVenAttnB_SPL_2	#ff98dcff
13998591	17networks_RH_SalVenAttnB_SPL_3	#ff99d5ff
14064127	17networks_RH_SalVenAttnB_Temp_1	#ff99d6ff
14129663	17networks_RH_SalVenAttnB_Temp_2	#ff99d7ff
14195199	17networks_RH_SalVenAttnB_Temp_3	#ff99d8ff
3578698	17networks_RH_DorsAttnA_IPS_1	#4a9b36ff
3644234	17networks_RH_DorsAttnA_IPS_2	#4a9b37ff
3709770	17networks_RH_DorsAttnA_PrCd_1	#4a9b38ff
3775306	17networks_RH_DorsAttnA_PrCv_1	#4a9b39ff
3840842	17networks_RH_DorsAttnA_PrCv_2	#4a9b3aff
3906378	17networks_RH_DorsAttnA_SPL_1	#4a9b3bff
3971914	17networks_RH_DorsAttnA_SPL_2	#4a9b3cff
4037450	17networks_RH_DorsAttnA_SPL_3	#4a9b3dff
4102986	17networks_RH_DorsAttnA_SPL_4	#4a9b3eff
4168522	17networks_RH_DorsAttnA_TempOcc_1	#4a9b3fff
4234058	17networks_RH_DorsAttnA_TempOcc_2	#4a9b40ff
4299594	17networks_RH_DorsAttnA_TempPole_1	#4a9b41ff
4365130	17networks_RH_DorsAttnA_TempPole_2	#4a9b42ff
488960	17networks_RH_DorsAttnB_IPL_1	#007607ff
554496	17networks_RH_DorsAttnB_IPL_2	#007608ff
620032	17networks_RH_DorsAttnB_IPL_3	#007609ff
685568	17networks_RH_DorsAttnB_PostC_1	#00760aff
751104	17networks_RH_DorsAttnB_PostC_2	#00760bff
816640	17networks_RH_DorsAttnB_PostC_3	#00760cff
882176	17networks_RH_DorsAttnB_PostC_4	#00760dff
947712	17networks_RH_DorsAttnB_PostC_5	#00760eff
1013248	17networks_RH_DorsAttnB_PrCd_1	#00760fff
1078784	17networks_RH_DorsAttnB_PrCd_2	#007610ff
1144320	17networks_RH_DorsAttnB_PrCd_3	#007611ff
1209856	17networks_RH_DorsAttnB_PrCv_1	#007612ff
1275392	17networks_RH_DorsAttnB_SPL_1	#007613ff
1340928	17networks_RH_DorsAttnB_SPL_2	#007614ff
1406464	17networks_RH_DorsAttnB_SPL_3	#007615ff
10549468	17networks_RH_Aud_Ins_1	#dcf8a0ff
10615004	17networks_RH_Aud_ParOcc_1	#dcf8a1ff
10680540	17networks_RH_Aud_ParOper_1	#dcf8a2ff
10746076	17networks_RH_Aud_ST_1	#dcf8a3ff
10811612	17networks_RH_Aud_ST_2	#dcf8a4ff
10877148	17networks_RH_Aud_ST_3	#dcf8a5ff
10942684	17networks_RH_Aud_ST_4	#dcf8a6ff
11008220	17networks_RH_Aud_ST_5	#dcf8a7ff
11073756	17networks_RH_Aud_ST_6	#dcf8a8ff
11139292	17networks_RH_Aud_Temp_1	#dcf8a9ff
11764038	17networks_RH_SomMotA_ParOper_1	#4681b3ff
11829574	17networks_RH_SomMotA_1	#4681b4ff
11371078	17networks_RH_SomMotA_2	#4682adff
11436614	17networks_RH_SomMotA_3	#4682aeff
11502150	17networks_RH_SomMotA_4	#4682afff
11567686	17networks_RH_SomMotA_5	#4682b0ff
11633222	17networks_RH_SomMotA_6	#4682b1ff
11698758	17networks_RH_SomMotA_7	#4682b2ff
11764294	17networks_RH_SomMotA_8	#4682b3ff
11829830	17networks_RH_SomMotA_9	#4682b4ff
11895366	17networks_RH_SomMotA_10	#4682b5ff
11960902	17networks_RH_SomMotA_11	#4682b6ff
12026438	17networks_RH_SomMotA_12	#4682b7ff
12091974	17networks_RH_SomMotA_13	#4682b8ff
12157510	17networks_RH_SomMotA_14	#4682b9ff
12223046	17networks_RH_SomMotA_15	#4682baff
12288582	17networks_RH_SomMotA_16	#4682bbff
11830086	17networks_RH_SomMotA_17	#4683b4ff
11895622	17networks_RH_SomMotA_18	#4683b5ff
11961158	17networks_RH_SomMotA_19	#4683b6ff
10472490	17networks_RH_SomMotB_Ins_1	#2acc9fff
10538026	17networks_RH_SomMotB_Ins_2	#2acca0ff
10603562	17networks_RH_SomMotB_ParOper_1	#2acca1ff
10669098	17networks_RH_SomMotB_1	#2acca2ff
10734634	17networks_RH_SomMotB_2	#2acca3ff
10800170	17networks_RH_SomMotB_3	#2acca4ff
10865706	17networks_RH_SomMotB_4	#2acca5ff
10931242	17networks_RH_SomMotB_5	#2acca6ff
10996778	17networks_RH_SomMotB_6	#2acca7ff
11062314	17networks_RH_SomMotB_7	#2acca8ff
11127850	17networks_RH_SomMotB_8	#2acca9ff
11193386	17networks_RH_SomMotB_9	#2accaaff
8786296	17networks_RH_VisualA_ExStr_1	#781186ff
8327800	17networks_RH_VisualA_ExStr_2	#78127fff
8393336	17networks_RH_VisualA_ExStr_3	#781280ff
8458872	17networks_RH_VisualA_ExStr_4	#781281ff
8524408	17networks_RH_VisualA_ExStr_5	#781282ff
8589944	17networks_RH_VisualA_ExStr_6	#781283ff
8655480	17networks_RH_VisualA_ExStr_7	#781284ff
8721016	17networks_RH_VisualA_ExStr_8	#781285ff
8786552	17networks_RH_VisualA_ExStr_9	#781286ff
8852088	17networks_RH_VisualA_ExStr_10	#781287ff
8917624	17networks_RH_VisualA_ExStr_11	#781288ff
8983160	17networks_RH_VisualA_ExStr_12	#781289ff
9048696	17networks_RH_VisualA_ExStr_13	#78128aff
9114232	17networks_RH_VisualA_PrC_1	#78128bff
9179768	17networks_RH_VisualA_SPL_1	#78128cff
9245304	17networks_RH_VisualA_SPL_2	#78128dff
8786808	17networks_RH_VisualA_SPL_3	#781386ff
255	17networks_RH_VisualB_ExStrInf_1	#ff0000ff
65791	17networks_RH_VisualB_ExStrInf_2	#ff0001ff
131327	17networks_RH_VisualB_ExStrInf_3	#ff0002ff
196863	17networks_RH_VisualB_ExStrInf_4	#ff0003ff
262399	17networks_RH_VisualB_ExStrInf_5	#ff0004ff
327935	17networks_RH_VisualB_ExStrInf_6	#ff0005ff
393471	17networks_RH_VisualB_ExStrSup_1	#ff0006ff
459007	17networks_RH_VisualB_ExStrSup_2	#ff0007ff
511	17networks_RH_VisualB_ExStrSup_3	#ff0100ff
66047	17networks_RH_VisualB_ExStrSup_4	#ff0101ff
131583	17networks_RH_VisualB_ExStrSup_5	#ff0102ff
197119	17networks_RH_VisualB_SPL_1	#ff0103ff
262655	17networks_RH_VisualB_Striate_1	#ff0104ff
328191	17networks_RH_VisualB_Striate_2	#ff0105ff
393727	17networks_RH_VisualB_Striate_3	#ff0106ff
459263	17networks_RH_VisualB_Striate_4	#ff0107ff
767	17networks_RH_VisualB_Striate_5	#ff0200ff
3245946	17networks_RH_VisualC_ExStr_1	#7a8731ff
3311482	17networks_RH_VisualC_ExStr_2	#7a8732ff
3377018	17networks_RH_VisualC_ExStr_3	#7a8733ff
3442554	17networks_RH_VisualC_ExStr_4	#7a8734ff
