index	name	color
65793	Background+FreeSurfer_Defined_Medial_Wall	#010101ff
8852344	17Networks_RH_VisCent_Striate_1	#781387ff
8459128	17Networks_RH_VisCent_ExStr_1	#781381ff
8524664	17Networks_RH_VisCent_ExStr_2	#781382ff
8590200	17Networks_RH_VisCent_ExStr_3	#781383ff
8655736	17Networks_RH_VisCent_ExStr_4	#781384ff
8721272	17Networks_RH_VisCent_ExStr_5	#781385ff
8786808	17Networks_RH_VisCent_ExStr_6	#781386ff
8917880	17Networks_RH_VisCent_ExStr_7	#781388ff
8983416	17Networks_RH_VisCent_ExStr_8	#781389ff
9048952	17Networks_RH_VisCent_ExStr_9	#78138aff
9114488	17Networks_RH_VisCent_ExStr_10	#78138bff
9180024	17Networks_RH_VisCent_ExStr_11	#78138cff
9245560	17Networks_RH_VisCent_ExStr_12	#78138dff
9311096	17Networks_RH_VisCent_ExStr_13	#78138eff
8852600	17Networks_RH_VisCent_ExStr_14	#781487ff
8918136	17Networks_RH_VisCent_ExStr_15	#781488ff
8983672	17Networks_RH_VisCent_ExStr_16	#781489ff
131583	17Networks_RH_VisPeri_StriCal_1	#ff0102ff
197119	17Networks_RH_VisPeri_StriCal_2	#ff0103ff
262655	17Networks_RH_VisPeri_StriCal_3	#ff0104ff
328191	17Networks_RH_VisPeri_StriCal_4	#ff0105ff
65790	17Networks_RH_VisPeri_ExStrInf_1	#fe0001ff
131326	17Networks_RH_VisPeri_ExStrInf_2	#fe0002ff
196862	17Networks_RH_VisPeri_ExStrInf_3	#fe0003ff
262398	17Networks_RH_VisPeri_ExStrInf_4	#fe0004ff
327934	17Networks_RH_VisPeri_ExStrInf_5	#fe0005ff
393470	17Networks_RH_VisPeri_ExStrSup_1	#fe0006ff
459006	17Networks_RH_VisPeri_ExStrSup_2	#fe0007ff
524542	17Networks_RH_VisPeri_ExStrSup_3	#fe0008ff
11698758	17Networks_RH_SomMotA_1	#4682b2ff
11764294	17Networks_RH_SomMotA_2	#4682b3ff
11829830	17Networks_RH_SomMotA_3	#4682b4ff
11895366	17Networks_RH_SomMotA_4	#4682b5ff
11436870	17Networks_RH_SomMotA_5	#4683aeff
11502406	17Networks_RH_SomMotA_6	#4683afff
11567942	17Networks_RH_SomMotA_7	#4683b0ff
11633478	17Networks_RH_SomMotA_8	#4683b1ff
11699014	17Networks_RH_SomMotA_9	#4683b2ff
11764550	17Networks_RH_SomMotA_10	#4683b3ff
11830086	17Networks_RH_SomMotA_11	#4683b4ff
11961158	17Networks_RH_SomMotA_12	#4683b6ff
12026694	17Networks_RH_SomMotA_13	#4683b7ff
12092230	17Networks_RH_SomMotA_14	#4683b8ff
12157766	17Networks_RH_SomMotA_15	#4683b9ff
12223302	17Networks_RH_SomMotA_16	#4683baff
12288838	17Networks_RH_SomMotA_17	#4683bbff
12354374	17Networks_RH_SomMotA_18	#4683bcff
11895878	17Networks_RH_SomMotA_19	#4684b5ff
11961414	17Networks_RH_SomMotA_20	#4684b6ff
12026950	17Networks_RH_SomMotA_21	#4684b7ff
12092486	17Networks_RH_SomMotA_22	#4684b8ff
12158022	17Networks_RH_SomMotA_23	#4684b9ff
12223558	17Networks_RH_SomMotA_24	#4684baff
12289094	17Networks_RH_SomMotA_25	#4684bbff
12354630	17Networks_RH_SomMotA_26	#4684bcff
10800171	17Networks_RH_SomMotB_Cent_1	#2bcca4ff
10931243	17Networks_RH_SomMotB_Cent_2	#2bcca6ff
10996779	17Networks_RH_SomMotB_Cent_3	#2bcca7ff
11062315	17Networks_RH_SomMotB_Cent_4	#2bcca8ff
11127851	17Networks_RH_SomMotB_Cent_5	#2bcca9ff
10669355	17Networks_RH_SomMotB_S2_1	#2bcda2ff
10734891	17Networks_RH_SomMotB_S2_2	#2bcda3ff
10865963	17Networks_RH_SomMotB_S2_3	#2bcda5ff
10931499	17Networks_RH_SomMotB_S2_4	#2bcda6ff
10997035	17Networks_RH_SomMotB_S2_5	#2bcda7ff
11062571	17Networks_RH_SomMotB_S2_6	#2bcda8ff
11128107	17Networks_RH_SomMotB_S2_7	#2bcda9ff
11193643	17Networks_RH_SomMotB_S2_8	#2bcdaaff
11259179	17Networks_RH_SomMotB_Ins_1	#2bcdabff
10800170	17Networks_RH_SomMotB_Aud_1	#2acca4ff
10865706	17Networks_RH_SomMotB_Aud_2	#2acca5ff
10931242	17Networks_RH_SomMotB_Aud_3	#2acca6ff
4103242	17Networks_RH_DorsAttnA_TempOcc_1	#4a9c3eff
4168778	17Networks_RH_DorsAttnA_TempOcc_2	#4a9c3fff
4037451	17Networks_RH_DorsAttnA_ParOcc_1	#4b9b3dff
4102987	17Networks_RH_DorsAttnA_ParOcc_2	#4b9b3eff
4168523	17Networks_RH_DorsAttnA_ParOcc_3	#4b9b3fff
3906379	17Networks_RH_DorsAttnA_SPL_1	#4b9b3bff
3971915	17Networks_RH_DorsAttnA_SPL_2	#4b9b3cff
4234059	17Networks_RH_DorsAttnA_SPL_3	#4b9b40ff
4299595	17Networks_RH_DorsAttnA_SPL_4	#4b9b41ff
4365131	17Networks_RH_DorsAttnA_SPL_5	#4b9b42ff
4430667	17Networks_RH_DorsAttnA_SPL_6	#4b9b43ff
4496203	17Networks_RH_DorsAttnA_SPL_7	#4b9b44ff
4037707	17Networks_RH_DorsAttnA_SPL_8	#4b9c3dff
1013249	17Networks_RH_DorsAttnB_TempOcc_1	#01760fff
751105	17Networks_RH_DorsAttnB_PostC_1	#01760bff
816641	17Networks_RH_DorsAttnB_PostC_2	#01760cff
882177	17Networks_RH_DorsAttnB_PostC_3	#01760dff
947713	17Networks_RH_DorsAttnB_PostC_4	#01760eff
1078785	17Networks_RH_DorsAttnB_PostC_5	#017610ff
1144321	17Networks_RH_DorsAttnB_PostC_6	#017611ff
1209857	17Networks_RH_DorsAttnB_PostC_7	#017612ff
1275393	17Networks_RH_DorsAttnB_PostC_8	#017613ff
1340929	17Networks_RH_DorsAttnB_PostC_9	#017614ff
1406465	17Networks_RH_DorsAttnB_PostC_10	#017615ff
1472001	17Networks_RH_DorsAttnB_PostC_11	#017616ff
1013505	17Networks_RH_DorsAttnB_FEF_1	#01770fff
1079041	17Networks_RH_DorsAttnB_FEF_2	#017710ff
1144577	17Networks_RH_DorsAttnB_FEF_3	#017711ff
1210113	17Networks_RH_DorsAttnB_FEF_4	#017712ff
1275649	17Networks_RH_DorsAttnB_PrCv_1	#017713ff
16399044	17Networks_RH_SalVentAttnA_ParOper_1	#c43afaff
16464580	17Networks_RH_SalVentAttnA_ParOper_2	#c43afbff
16530116	17Networks_RH_SalVentAttnA_ParOper_3	#c43afcff
16595652	17Networks_RH_SalVentAttnA_ParOper_4	#c43afdff
16464324	17Networks_RH_SalVentAttnA_PrC_1	#c439fbff
16398788	17Networks_RH_SalVentAttnA_FrOper_1	#c439faff
16529860	17Networks_RH_SalVentAttnA_FrOper_2	#c439fcff
16595396	17Networks_RH_SalVentAttnA_FrOper_3	#c439fdff
16464579	17Networks_RH_SalVentAttnA_Ins_1	#c33afbff
16530115	17Networks_RH_SalVentAttnA_Ins_2	#c33afcff
16595651	17Networks_RH_SalVentAttnA_Ins_3	#c33afdff
16661187	17Networks_RH_SalVentAttnA_Ins_4	#c33afeff
16267971	17Networks_RH_SalVentAttnA_ParMed_1	#c33af8ff
16399043	17Networks_RH_SalVentAttnA_ParMed_2	#c33afaff
16726723	17Networks_RH_SalVentAttnA_ParMed_3	#c33affff
16333763	17Networks_RH_SalVentAttnA_ParMed_4	#c33bf9ff
16399299	17Networks_RH_SalVentAttnA_ParMed_5	#c33bfaff
16464323	17Networks_RH_SalVentAttnA_FrMed_1	#c339fbff
16529859	17Networks_RH_SalVentAttnA_FrMed_2	#c339fcff
16595395	17Networks_RH_SalVentAttnA_FrMed_3	#c339fdff
16660931	17Networks_RH_SalVentAttnA_FrMed_4	#c339feff
14063870	17Networks_RH_SalVentAttnB_IPL_1	#fe98d6ff
14129406	17Networks_RH_SalVentAttnB_IPL_2	#fe98d7ff
14194942	17Networks_RH_SalVentAttnB_IPL_3	#fe98d8ff
13998334	17Networks_RH_SalVentAttnB_PFCd_1	#fe98d5ff
14063614	17Networks_RH_SalVentAttnB_PFCl_1	#fe97d6ff
14129150	17Networks_RH_SalVentAttnB_PFCl_2	#fe97d7ff
14194686	17Networks_RH_SalVentAttnB_PFCl_3	#fe97d8ff
14260222	17Networks_RH_SalVentAttnB_PFCl_4	#fe97d9ff
13998078	17Networks_RH_SalVentAttnB_PFClv_1	#fe97d5ff
14260478	17Networks_RH_SalVentAttnB_Ins_1	#fe98d9ff
14326014	17Networks_RH_SalVentAttnB_Ins_2	#fe98daff
14391550	17Networks_RH_SalVentAttnB_Ins_3	#fe98dbff
14457086	17Networks_RH_SalVentAttnB_Ins_4	#fe98dcff
14064126	17Networks_RH_SalVentAttnB_PFCmp_1	#fe99d6ff
14129662	17Networks_RH_SalVentAttnB_PFCmp_2	#fe99d7ff
14195198	17Networks_RH_SalVentAttnB_PFCmp_3	#fe99d8ff
13998079	17Networks_RH_SalVentAttnB_Cinga_1	#ff97d5ff
3245946	17Networks_RH_LimbicB_OFC_1	#7a8731ff
3311482	17Networks_RH_LimbicB_OFC_2	#7a8732ff
3442554	17Networks_RH_LimbicB_OFC_3	#7a8734ff
3508090	17Networks_RH_LimbicB_OFC_4	#7a8735ff
3573626	17Networks_RH_LimbicB_OFC_5	#7a8736ff
3639162	17Networks_RH_LimbicB_OFC_6	#7a8737ff
3704698	17Networks_RH_LimbicB_OFC_7	#7a8738ff
10680540	17Networks_RH_LimbicA_TempPole_1	#dcf8a2ff
10746076	17Networks_RH_LimbicA_TempPole_2	#dcf8a3ff
10811612	17Networks_RH_LimbicA_TempPole_3	#dcf8a4ff
10942684	17Networks_RH_LimbicA_TempPole_4	#dcf8a6ff
11008220	17Networks_RH_LimbicA_TempPole_5	#dcf8a7ff
11073756	17Networks_RH_LimbicA_TempPole_6	#dcf8a8ff
11139292	17Networks_RH_LimbicA_TempPole_7	#dcf8a9ff
11204828	17Networks_RH_LimbicA_TempPole_8	#dcf8aaff
11270364	17Networks_RH_LimbicA_TempPole_9	#dcf8abff
2331622	17Networks_RH_ContA_IPS_1	#e69323ff
2397158	17Networks_RH_ContA_IPS_2	#e69324ff
2462694	17Networks_RH_ContA_IPS_3	#e69325ff
2528230	17Networks_RH_ContA_IPS_4	#e69326ff
2266086	17Networks_RH_ContA_PFCd_1	#e69322ff
2135269	17Networks_RH_ContA_PFCl_1	#e59420ff
2200805	17Networks_RH_ContA_PFCl_2	#e59421ff
2331877	17Networks_RH_ContA_PFCl_3	#e59423ff
2397413	17Networks_RH_ContA_PFCl_4	#e59424ff
2462949	17Networks_RH_ContA_PFCl_5	#e59425ff
2528485	17Networks_RH_ContA_PFCl_6	#e59426ff
2594021	17Networks_RH_ContA_PFCl_7	#e59427ff
2266341	17Networks_RH_ContA_Cingm_1	#e59422ff
4993928	17Networks_RH_ContB_Temp_1	#88334cff
5059464	17Networks_RH_ContB_Temp_2	#88334dff
5125000	17Networks_RH_ContB_Temp_3	#88334eff
4731527	17Networks_RH_ContB_IPL_1	#873248ff
4862599	17Networks_RH_ContB_IPL_2	#87324aff
4928135	17Networks_RH_ContB_IPL_3	#87324bff
4993671	17Networks_RH_ContB_IPL_4	#87324cff
5059207	17Networks_RH_ContB_IPL_5	#87324dff
4796807	17Networks_RH_ContB_PFCld_1	#873149ff
4927879	17Networks_RH_ContB_PFCld_2	#87314bff
4993415	17Networks_RH_ContB_PFCld_3	#87314cff
5058951	17Networks_RH_ContB_PFCld_4	#87314dff
5124487	17Networks_RH_ContB_PFCld_5	#87314eff
5190023	17Networks_RH_ContB_PFCld_6	#87314fff
4731271	17Networks_RH_ContB_PFClv_1	#873148ff
4862343	17Networks_RH_ContB_PFClv_2	#87314aff
5255559	17Networks_RH_ContB_PFClv_3	#873150ff
4797063	17Networks_RH_ContB_PFClv_4	#873249ff
5124743	17Networks_RH_ContB_PFClv_5	#87324eff
4928134	17Networks_RH_ContB_PFCmp_1	#86324bff
4993670	17Networks_RH_ContB_PFCmp_2	#86324cff
11505015	17Networks_RH_ContC_pCun_1	#778dafff
11636087	17Networks_RH_ContC_pCun_2	#778db1ff
11701623	17Networks_RH_ContC_pCun_3	#778db2ff
11767159	17Networks_RH_ContC_pCun_4	#778db3ff
11832695	17Networks_RH_ContC_pCun_5	#778db4ff
11898231	17Networks_RH_ContC_pCun_6	#778db5ff
11963767	17Networks_RH_ContC_Cingp_1	#778db6ff
12029303	17Networks_RH_ContC_Cingp_2	#778db7ff
12094839	17Networks_RH_ContC_Cingp_3	#778db8ff
196606	17Networks_RH_DefaultA_Temp_1	#feff02ff
196351	17Networks_RH_DefaultA_IPL_1	#fffe02ff
261887	17Networks_RH_DefaultA_IPL_2	#fffe03ff
327423	17Networks_RH_DefaultA_IPL_3	#fffe04ff
262143	17Networks_RH_DefaultA_PFCd_1	#ffff03ff
327679	17Networks_RH_DefaultA_PFCd_2	#ffff04ff
393215	17Networks_RH_DefaultA_PFCd_3	#ffff05ff
130559	17Networks_RH_DefaultA_pCunPCC_1	#fffd01ff
196095	17Networks_RH_DefaultA_pCunPCC_2	#fffd02ff
261631	17Networks_RH_DefaultA_pCunPCC_3	#fffd03ff
327167	17Networks_RH_DefaultA_pCunPCC_4	#fffd04ff
392703	17Networks_RH_DefaultA_pCunPCC_5	#fffd05ff
458239	17Networks_RH_DefaultA_pCunPCC_6	#fffd06ff
523775	17Networks_RH_DefaultA_pCunPCC_7	#fffd07ff
131069	17Networks_RH_DefaultA_PFCm_1	#fdff01ff
196605	17Networks_RH_DefaultA_PFCm_2	#fdff02ff
262141	17Networks_RH_DefaultA_PFCm_3	#fdff03ff
327677	17Networks_RH_DefaultA_PFCm_4	#fdff04ff
393213	17Networks_RH_DefaultA_PFCm_5	#fdff05ff
458749	17Networks_RH_DefaultA_PFCm_6	#fdff06ff
524285	17Networks_RH_DefaultA_PFCm_7	#fdff07ff
5258958	17Networks_RH_DefaultB_Temp_1	#ce3e50ff
5324494	17Networks_RH_DefaultB_Temp_2	#ce3e51ff
5193678	17Networks_RH_DefaultB_AntTemp_1	#ce3f4fff
5259214	17Networks_RH_DefaultB_AntTemp_2	#ce3f50ff
5128142	17Networks_RH_DefaultB_PFCd_1	#ce3f4eff
5324750	17Networks_RH_DefaultB_PFCd_2	#ce3f51ff
5390286	17Networks_RH_DefaultB_PFCd_3	#ce3f52ff
5455822	17Networks_RH_DefaultB_PFCd_4	#ce3f53ff
5521358	17Networks_RH_DefaultB_PFCd_5	#ce3f54ff
5127885	17Networks_RH_DefaultB_PFCv_1	#cd3e4eff
5193421	17Networks_RH_DefaultB_PFCv_2	#cd3e4fff
5258957	17Networks_RH_DefaultB_PFCv_3	#cd3e50ff
8651008	17Networks_RH_DefaultC_IPL_1	#000184ff
8585217	17Networks_RH_DefaultC_Rsp_1	#010083ff
8650753	17Networks_RH_DefaultC_Rsp_2	#010084ff
8716289	17Networks_RH_DefaultC_PHC_1	#010085ff
8781825	17Networks_RH_DefaultC_PHC_2	#010086ff
8847361	17Networks_RH_DefaultC_PHC_3	#010087ff
16396300	17Networks_RH_TempPar_1	#0c30faff
16461836	17Networks_RH_TempPar_2	#0c30fbff
16527372	17Networks_RH_TempPar_3	#0c30fcff
16592908	17Networks_RH_TempPar_4	#0c30fdff
16723980	17Networks_RH_TempPar_5	#0c30ffff
16394505	17Networks_RH_TempPar_6	#0929faff
16460041	17Networks_RH_TempPar_7	#0929fbff
16525577	17Networks_RH_TempPar_8	#0929fcff
16591113	17Networks_RH_TempPar_9	#0929fdff
16656649	17Networks_RH_TempPar_10	#0929feff
16198153	17Networks_RH_TempPar_11	#092af7ff
16263689	17Networks_RH_TempPar_12	#092af8ff
