index	hemi	name	color
65793	L	Background+FreeSurfer_Defined_Medial_Wall	#010101ff
8589176	L	7Networks_LH_Vis_1	#780f83ff
8654712	L	7Networks_LH_Vis_2	#780f84ff
8720248	L	7Networks_LH_Vis_3	#780f85ff
8785784	L	7Networks_LH_Vis_4	#780f86ff
8327288	L	7Networks_LH_Vis_5	#78107fff
8392824	L	7Networks_LH_Vis_6	#781080ff
8458360	L	7Networks_LH_Vis_7	#781081ff
8523896	L	7Networks_LH_Vis_8	#781082ff
8589432	L	7Networks_LH_Vis_9	#781083ff
8654968	L	7Networks_LH_Vis_10	#781084ff
8720504	L	7Networks_LH_Vis_11	#781085ff
8786040	L	7Networks_LH_Vis_12	#781086ff
8327544	L	7Networks_LH_Vis_13	#78117fff
8393080	L	7Networks_LH_Vis_14	#781180ff
8458616	L	7Networks_LH_Vis_15	#781181ff
8524152	L	7Networks_LH_Vis_16	#781182ff
8589688	L	7Networks_LH_Vis_17	#781183ff
8655224	L	7Networks_LH_Vis_18	#781184ff
8720760	L	7Networks_LH_Vis_19	#781185ff
8786296	L	7Networks_LH_Vis_20	#781186ff
8327800	L	7Networks_LH_Vis_21	#78127fff
8393336	L	7Networks_LH_Vis_22	#781280ff
8458872	L	7Networks_LH_Vis_23	#781281ff
8524408	L	7Networks_LH_Vis_24	#781282ff
8589944	L	7Networks_LH_Vis_25	#781283ff
8655480	L	7Networks_LH_Vis_26	#781284ff
8721016	L	7Networks_LH_Vis_27	#781285ff
8852088	L	7Networks_LH_Vis_28	#781287ff
8917624	L	7Networks_LH_Vis_29	#781288ff
8983160	L	7Networks_LH_Vis_30	#781289ff
9048696	L	7Networks_LH_Vis_31	#78128aff
9114232	L	7Networks_LH_Vis_32	#78128bff
9179768	L	7Networks_LH_Vis_33	#78128cff
9245304	L	7Networks_LH_Vis_34	#78128dff
8786808	L	7Networks_LH_Vis_35	#781386ff
8852344	L	7Networks_LH_Vis_36	#781387ff
8917880	L	7Networks_LH_Vis_37	#781388ff
8983416	L	7Networks_LH_Vis_38	#781389ff
9048952	L	7Networks_LH_Vis_39	#78138aff
9114488	L	7Networks_LH_Vis_40	#78138bff
9180024	L	7Networks_LH_Vis_41	#78138cff
9245560	L	7Networks_LH_Vis_42	#78138dff
8787064	L	7Networks_LH_Vis_43	#781486ff
8852600	L	7Networks_LH_Vis_44	#781487ff
8918136	L	7Networks_LH_Vis_45	#781488ff
8983672	L	7Networks_LH_Vis_46	#781489ff
9049208	L	7Networks_LH_Vis_47	#78148aff
9114744	L	7Networks_LH_Vis_48	#78148bff
9180280	L	7Networks_LH_Vis_49	#78148cff
9245816	L	7Networks_LH_Vis_50	#78148dff
8787320	L	7Networks_LH_Vis_51	#781586ff
8852856	L	7Networks_LH_Vis_52	#781587ff
8918392	L	7Networks_LH_Vis_53	#781588ff
8983928	L	7Networks_LH_Vis_54	#781589ff
9049464	L	7Networks_LH_Vis_55	#78158aff
9115000	L	7Networks_LH_Vis_56	#78158bff
9180536	L	7Networks_LH_Vis_57	#78158cff
9246072	L	7Networks_LH_Vis_58	#78158dff
11435846	L	7Networks_LH_SomMot_1	#467faeff
11501382	L	7Networks_LH_SomMot_2	#467fafff
11566918	L	7Networks_LH_SomMot_3	#467fb0ff
11632454	L	7Networks_LH_SomMot_4	#467fb1ff
11697990	L	7Networks_LH_SomMot_5	#467fb2ff
11763526	L	7Networks_LH_SomMot_6	#467fb3ff
11829062	L	7Networks_LH_SomMot_7	#467fb4ff
11370566	L	7Networks_LH_SomMot_8	#4680adff
11436102	L	7Networks_LH_SomMot_9	#4680aeff
11501638	L	7Networks_LH_SomMot_10	#4680afff
11567174	L	7Networks_LH_SomMot_11	#4680b0ff
11632710	L	7Networks_LH_SomMot_12	#4680b1ff
11698246	L	7Networks_LH_SomMot_13	#4680b2ff
11763782	L	7Networks_LH_SomMot_14	#4680b3ff
11829318	L	7Networks_LH_SomMot_15	#4680b4ff
11370822	L	7Networks_LH_SomMot_16	#4681adff
11436358	L	7Networks_LH_SomMot_17	#4681aeff
11501894	L	7Networks_LH_SomMot_18	#4681afff
11567430	L	7Networks_LH_SomMot_19	#4681b0ff
11632966	L	7Networks_LH_SomMot_20	#4681b1ff
11698502	L	7Networks_LH_SomMot_21	#4681b2ff
11764038	L	7Networks_LH_SomMot_22	#4681b3ff
11829574	L	7Networks_LH_SomMot_23	#4681b4ff
11371078	L	7Networks_LH_SomMot_24	#4682adff
11436614	L	7Networks_LH_SomMot_25	#4682aeff
11502150	L	7Networks_LH_SomMot_26	#4682afff
11567686	L	7Networks_LH_SomMot_27	#4682b0ff
11633222	L	7Networks_LH_SomMot_28	#4682b1ff
11698758	L	7Networks_LH_SomMot_29	#4682b2ff
11764294	L	7Networks_LH_SomMot_30	#4682b3ff
11895366	L	7Networks_LH_SomMot_31	#4682b5ff
11960902	L	7Networks_LH_SomMot_32	#4682b6ff
12026438	L	7Networks_LH_SomMot_33	#4682b7ff
12091974	L	7Networks_LH_SomMot_34	#4682b8ff
12157510	L	7Networks_LH_SomMot_35	#4682b9ff
12223046	L	7Networks_LH_SomMot_36	#4682baff
12288582	L	7Networks_LH_SomMot_37	#4682bbff
11830086	L	7Networks_LH_SomMot_38	#4683b4ff
11895622	L	7Networks_LH_SomMot_39	#4683b5ff
11961158	L	7Networks_LH_SomMot_40	#4683b6ff
12026694	L	7Networks_LH_SomMot_41	#4683b7ff
12092230	L	7Networks_LH_SomMot_42	#4683b8ff
12157766	L	7Networks_LH_SomMot_43	#4683b9ff
12223302	L	7Networks_LH_SomMot_44	#4683baff
12288838	L	7Networks_LH_SomMot_45	#4683bbff
11830342	L	7Networks_LH_SomMot_46	#4684b4ff
11895878	L	7Networks_LH_SomMot_47	#4684b5ff
11961414	L	7Networks_LH_SomMot_48	#4684b6ff
12026950	L	7Networks_LH_SomMot_49	#4684b7ff
12092486	L	7Networks_LH_SomMot_50	#4684b8ff
12158022	L	7Networks_LH_SomMot_51	#4684b9ff
12223558	L	7Networks_LH_SomMot_52	#4684baff
12289094	L	7Networks_LH_SomMot_53	#4684bbff
11830598	L	7Networks_LH_SomMot_54	#4685b4ff
11896134	L	7Networks_LH_SomMot_55	#4685b5ff
11961670	L	7Networks_LH_SomMot_56	#4685b6ff
12027206	L	7Networks_LH_SomMot_57	#4685b7ff
12092742	L	7Networks_LH_SomMot_58	#4685b8ff
12158278	L	7Networks_LH_SomMot_59	#4685b9ff
12223814	L	7Networks_LH_SomMot_60	#4685baff
12289350	L	7Networks_LH_SomMot_61	#4685bbff
11830854	L	7Networks_LH_SomMot_62	#4686b4ff
11896390	L	7Networks_LH_SomMot_63	#4686b5ff
11961926	L	7Networks_LH_SomMot_64	#4686b6ff
488704	L	7Networks_LH_DorsAttn_Post_1	#007507ff
554240	L	7Networks_LH_DorsAttn_Post_2	#007508ff
619776	L	7Networks_LH_DorsAttn_Post_3	#007509ff
685312	L	7Networks_LH_DorsAttn_Post_4	#00750aff
750848	L	7Networks_LH_DorsAttn_Post_5	#00750bff
816384	L	7Networks_LH_DorsAttn_Post_6	#00750cff
881920	L	7Networks_LH_DorsAttn_Post_7	#00750dff
947456	L	7Networks_LH_DorsAttn_Post_8	#00750eff
488960	L	7Networks_LH_DorsAttn_Post_9	#007607ff
554496	L	7Networks_LH_DorsAttn_Post_10	#007608ff
620032	L	7Networks_LH_DorsAttn_Post_11	#007609ff
685568	L	7Networks_LH_DorsAttn_Post_12	#00760aff
751104	L	7Networks_LH_DorsAttn_Post_13	#00760bff
816640	L	7Networks_LH_DorsAttn_Post_14	#00760cff
882176	L	7Networks_LH_DorsAttn_Post_15	#00760dff
1013248	L	7Networks_LH_DorsAttn_Post_16	#00760fff
1078784	L	7Networks_LH_DorsAttn_Post_17	#007610ff
1144320	L	7Networks_LH_DorsAttn_Post_18	#007611ff
1209856	L	7Networks_LH_DorsAttn_Post_19	#007612ff
1275392	L	7Networks_LH_DorsAttn_Post_20	#007613ff
1340928	L	7Networks_LH_DorsAttn_Post_21	#007614ff
1406464	L	7Networks_LH_DorsAttn_Post_22	#007615ff
947968	L	7Networks_LH_DorsAttn_Post_23	#00770eff
1013504	L	7Networks_LH_DorsAttn_Post_24	#00770fff
1079040	L	7Networks_LH_DorsAttn_Post_25	#007710ff
1144576	L	7Networks_LH_DorsAttn_Post_26	#007711ff
1210112	L	7Networks_LH_DorsAttn_Post_27	#007712ff
1275648	L	7Networks_LH_DorsAttn_Post_28	#007713ff
1341184	L	7Networks_LH_DorsAttn_Post_29	#007714ff
1406720	L	7Networks_LH_DorsAttn_Post_30	#007715ff
948224	L	7Networks_LH_DorsAttn_Post_31	#00780eff
1013760	L	7Networks_LH_DorsAttn_Post_32	#00780fff
1079296	L	7Networks_LH_DorsAttn_Post_33	#007810ff
947712	L	7Networks_LH_DorsAttn_FEF_1	#00760eff
1472000	L	7Networks_LH_DorsAttn_FEF_2	#007616ff
1472256	L	7Networks_LH_DorsAttn_FEF_3	#007716ff
1144832	L	7Networks_LH_DorsAttn_FEF_4	#007811ff
1210368	L	7Networks_LH_DorsAttn_FEF_5	#007812ff
1275904	L	7Networks_LH_DorsAttn_FEF_6	#007813ff
1341440	L	7Networks_LH_DorsAttn_FEF_7	#007814ff
1406976	L	7Networks_LH_DorsAttn_PrCv_1	#007815ff
948480	L	7Networks_LH_DorsAttn_PrCv_2	#00790eff
1014016	L	7Networks_LH_DorsAttn_PrCv_3	#00790fff
16267972	L	7Networks_LH_SalVentAttn_ParOper_1	#c43af8ff
16333508	L	7Networks_LH_SalVentAttn_ParOper_2	#c43af9ff
16464580	L	7Networks_LH_SalVentAttn_ParOper_3	#c43afbff
16530116	L	7Networks_LH_SalVentAttn_ParOper_4	#c43afcff
16595652	L	7Networks_LH_SalVentAttn_ParOper_5	#c43afdff
16661188	L	7Networks_LH_SalVentAttn_ParOper_6	#c43afeff
16726724	L	7Networks_LH_SalVentAttn_ParOper_7	#c43affff
16331713	L	7Networks_LH_SalVentAttn_TempOcc_1	#c133f9ff
16137156	L	7Networks_LH_SalVentAttn_FrOperIns_1	#c43bf6ff
16202692	L	7Networks_LH_SalVentAttn_FrOperIns_2	#c43bf7ff
16268228	L	7Networks_LH_SalVentAttn_FrOperIns_3	#c43bf8ff
16333764	L	7Networks_LH_SalVentAttn_FrOperIns_4	#c43bf9ff
16464836	L	7Networks_LH_SalVentAttn_FrOperIns_5	#c43bfbff
16530372	L	7Networks_LH_SalVentAttn_FrOperIns_6	#c43bfcff
16595908	L	7Networks_LH_SalVentAttn_FrOperIns_7	#c43bfdff
16661444	L	7Networks_LH_SalVentAttn_FrOperIns_8	#c43bfeff
16726980	L	7Networks_LH_SalVentAttn_FrOperIns_9	#c43bffff
16397505	L	7Networks_LH_SalVentAttn_FrOperIns_10	#c134faff
15939009	L	7Networks_LH_SalVentAttn_FrOperIns_11	#c135f3ff
16331969	L	7Networks_LH_SalVentAttn_PFCl_1	#c134f9ff
16463041	L	7Networks_LH_SalVentAttn_PFCl_2	#c134fbff
16005829	L	7Networks_LH_SalVentAttn_Med_1	#c53af4ff
16071365	L	7Networks_LH_SalVentAttn_Med_2	#c53af5ff
16136901	L	7Networks_LH_SalVentAttn_Med_3	#c53af6ff
16202437	L	7Networks_LH_SalVentAttn_Med_4	#c53af7ff
16267973	L	7Networks_LH_SalVentAttn_Med_5	#c53af8ff
16333509	L	7Networks_LH_SalVentAttn_Med_6	#c53af9ff
16464581	L	7Networks_LH_SalVentAttn_Med_7	#c53afbff
16530117	L	7Networks_LH_SalVentAttn_Med_8	#c53afcff
16595653	L	7Networks_LH_SalVentAttn_Med_9	#c53afdff
16661189	L	7Networks_LH_SalVentAttn_Med_10	#c53afeff
16726725	L	7Networks_LH_SalVentAttn_Med_11	#c53affff
16397250	L	7Networks_LH_SalVentAttn_Med_12	#c233faff
15938754	L	7Networks_LH_SalVentAttn_Med_13	#c234f3ff
16004290	L	7Networks_LH_SalVentAttn_Med_14	#c234f4ff
16069826	L	7Networks_LH_SalVentAttn_Med_15	#c234f5ff
10615004	L	7Networks_LH_Limbic_OFC_1	#dcf8a1ff
10680540	L	7Networks_LH_Limbic_OFC_2	#dcf8a2ff
10746076	L	7Networks_LH_Limbic_OFC_3	#dcf8a3ff
10877148	L	7Networks_LH_Limbic_OFC_4	#dcf8a5ff
10942684	L	7Networks_LH_Limbic_OFC_5	#dcf8a6ff
11008220	L	7Networks_LH_Limbic_OFC_6	#dcf8a7ff
11073756	L	7Networks_LH_Limbic_OFC_7	#dcf8a8ff
11139292	L	7Networks_LH_Limbic_OFC_8	#dcf8a9ff
11204828	L	7Networks_LH_Limbic_OFC_9	#dcf8aaff
10549468	L	7Networks_LH_Limbic_TempPole_1	#dcf8a0ff
10811612	L	7Networks_LH_Limbic_TempPole_2	#dcf8a4ff
11270364	L	7Networks_LH_Limbic_TempPole_3	#dcf8abff
11335900	L	7Networks_LH_Limbic_TempPole_4	#dcf8acff
10877404	L	7Networks_LH_Limbic_TempPole_5	#dcf9a5ff
10942940	L	7Networks_LH_Limbic_TempPole_6	#dcf9a6ff
11008476	L	7Networks_LH_Limbic_TempPole_7	#dcf9a7ff
11074012	L	7Networks_LH_Limbic_TempPole_8	#dcf9a8ff
11139548	L	7Networks_LH_Limbic_TempPole_9	#dcf9a9ff
11205084	L	7Networks_LH_Limbic_TempPole_10	#dcf9aaff
11270620	L	7Networks_LH_Limbic_TempPole_11	#dcf9abff
11336156	L	7Networks_LH_Limbic_TempPole_12	#dcf9acff
10877660	L	7Networks_LH_Limbic_TempPole_13	#dcfaa5ff
10943196	L	7Networks_LH_Limbic_TempPole_14	#dcfaa6ff
2069734	L	7Networks_LH_Cont_Par_1	#e6941fff
2135270	L	7Networks_LH_Cont_Par_2	#e69420ff
2200806	L	7Networks_LH_Cont_Par_3	#e69421ff
2331878	L	7Networks_LH_Cont_Par_4	#e69423ff
2397414	L	7Networks_LH_Cont_Par_5	#e69424ff
2462950	L	7Networks_LH_Cont_Par_6	#e69425ff
2528486	L	7Networks_LH_Cont_Par_7	#e69426ff
2594022	L	7Networks_LH_Cont_Par_8	#e69427ff
2659558	L	7Networks_LH_Cont_Par_9	#e69428ff
2725094	L	7Networks_LH_Cont_Temp_1	#e69429ff
1938918	L	7Networks_LH_Cont_OFC_1	#e6951dff
2004454	L	7Networks_LH_Cont_PFCl_1	#e6951eff
2069990	L	7Networks_LH_Cont_PFCl_2	#e6951fff
2135526	L	7Networks_LH_Cont_PFCl_3	#e69520ff
2201062	L	7Networks_LH_Cont_PFCl_4	#e69521ff
2266598	L	7Networks_LH_Cont_PFCl_5	#e69522ff
2397670	L	7Networks_LH_Cont_PFCl_6	#e69524ff
2463206	L	7Networks_LH_Cont_PFCl_7	#e69525ff
2528742	L	7Networks_LH_Cont_PFCl_8	#e69526ff
2594278	L	7Networks_LH_Cont_PFCl_9	#e69527ff
2659814	L	7Networks_LH_Cont_PFCl_10	#e69528ff
2725350	L	7Networks_LH_Cont_PFCl_11	#e69529ff
2790886	L	7Networks_LH_Cont_PFCl_12	#e6952aff
2332390	L	7Networks_LH_Cont_PFCl_13	#e69623ff
2397926	L	7Networks_LH_Cont_PFCl_14	#e69624ff
2463462	L	7Networks_LH_Cont_PFCl_15	#e69625ff
2397415	L	7Networks_LH_Cont_PFCv_1	#e79424ff
2462951	L	7Networks_LH_Cont_PFCv_2	#e79425ff
2528487	L	7Networks_LH_Cont_PFCv_3	#e79426ff
2332135	L	7Networks_LH_Cont_pCun_1	#e79523ff
2397671	L	7Networks_LH_Cont_pCun_2	#e79524ff
2463207	L	7Networks_LH_Cont_pCun_3	#e79525ff
2201063	L	7Networks_LH_Cont_Cing_1	#e79521ff
2266599	L	7Networks_LH_Cont_PFCmp_1	#e79522ff
2528743	L	7Networks_LH_Cont_Cing_2	#e79526ff
2594279	L	7Networks_LH_Cont_Cing_3	#e79527ff
2659815	L	7Networks_LH_Cont_Cing_4	#e79528ff
2725351	L	7Networks_LH_Cont_PFCmp_2	#e79529ff
2790887	L	7Networks_LH_Cont_PFCmp_3	#e7952aff
4931021	L	7Networks_LH_Default_Temp_1	#cd3d4bff
4996557	L	7Networks_LH_Default_Temp_2	#cd3d4cff
5062093	L	7Networks_LH_Default_Temp_3	#cd3d4dff
5127629	L	7Networks_LH_Default_Temp_4	#cd3d4eff
5193165	L	7Networks_LH_Default_Temp_5	#cd3d4fff
4734669	L	7Networks_LH_Default_Temp_6	#cd3e48ff
4800205	L	7Networks_LH_Default_Temp_7	#cd3e49ff
4865741	L	7Networks_LH_Default_Temp_8	#cd3e4aff
4931277	L	7Networks_LH_Default_Temp_9	#cd3e4bff
4996813	L	7Networks_LH_Default_Temp_10	#cd3e4cff
5062349	L	7Networks_LH_Default_Temp_11	#cd3e4dff
5127885	L	7Networks_LH_Default_Temp_12	#cd3e4eff
5258957	L	7Networks_LH_Default_Temp_13	#cd3e50ff
5324493	L	7Networks_LH_Default_Temp_14	#cd3e51ff
5390029	L	7Networks_LH_Default_Temp_15	#cd3e52ff
5455565	L	7Networks_LH_Default_Temp_16	#cd3e53ff
5521101	L	7Networks_LH_Default_Par_1	#cd3e54ff
5586637	L	7Networks_LH_Default_Par_2	#cd3e55ff
5652173	L	7Networks_LH_Default_Par_3	#cd3e56ff
5193677	L	7Networks_LH_Default_Par_4	#cd3f4fff
5259213	L	7Networks_LH_Default_Par_5	#cd3f50ff
5324749	L	7Networks_LH_Default_Par_6	#cd3f51ff
5390285	L	7Networks_LH_Default_Par_7	#cd3f52ff
5455821	L	7Networks_LH_Default_Par_8	#cd3f53ff
5521357	L	7Networks_LH_Default_Par_9	#cd3f54ff
5586893	L	7Networks_LH_Default_Par_10	#cd3f55ff
5652429	L	7Networks_LH_Default_Par_11	#cd3f56ff
5193933	L	7Networks_LH_Default_Par_12	#cd404fff
4669133	L	7Networks_LH_Default_PFC_1	#cd3e47ff
4669389	L	7Networks_LH_Default_PFC_2	#cd3f47ff
4734925	L	7Networks_LH_Default_PFC_3	#cd3f48ff
4800461	L	7Networks_LH_Default_PFC_4	#cd3f49ff
4865997	L	7Networks_LH_Default_PFC_5	#cd3f4aff
4931533	L	7Networks_LH_Default_PFC_6	#cd3f4bff
4997069	L	7Networks_LH_Default_PFC_7	#cd3f4cff
5062605	L	7Networks_LH_Default_PFC_8	#cd3f4dff
5128397	L	7Networks_LH_Default_PFC_9	#cd404eff
5259469	L	7Networks_LH_Default_PFC_10	#cd4050ff
5325005	L	7Networks_LH_Default_PFC_11	#cd4051ff
5390541	L	7Networks_LH_Default_PFC_12	#cd4052ff
5456077	L	7Networks_LH_Default_PFC_13	#cd4053ff
5521613	L	7Networks_LH_Default_PFC_14	#cd4054ff
5587149	L	7Networks_LH_Default_PFC_15	#cd4055ff
5128653	L	7Networks_LH_Default_PFC_16	#cd414eff
5194189	L	7Networks_LH_Default_PFC_17	#cd414fff
5259725	L	7Networks_LH_Default_PFC_18	#cd4150ff
5325261	L	7Networks_LH_Default_PFC_19	#cd4151ff
5390797	L	7Networks_LH_Default_PFC_20	#cd4152ff
5456333	L	7Networks_LH_Default_PFC_21	#cd4153ff
5521869	L	7Networks_LH_Default_PFC_22	#cd4154ff
5587405	L	7Networks_LH_Default_PFC_23	#cd4155ff
5128909	L	7Networks_LH_Default_PFC_24	#cd424eff
5194445	L	7Networks_LH_Default_PFC_25	#cd424fff
5259981	L	7Networks_LH_Default_PFC_26	#cd4250ff
5325517	L	7Networks_LH_Default_PFC_27	#cd4251ff
5391053	L	7Networks_LH_Default_PFC_28	#cd4252ff
5456589	L	7Networks_LH_Default_PFC_29	#cd4253ff
5522125	L	7Networks_LH_Default_PFC_30	#cd4254ff
5587661	L	7Networks_LH_Default_PFC_31	#cd4255ff
5129165	L	7Networks_LH_Default_PFC_32	#cd434eff
5194701	L	7Networks_LH_Default_PFC_33	#cd434fff
5260237	L	7Networks_LH_Default_PFC_34	#cd4350ff
5325773	L	7Networks_LH_Default_PFC_35	#cd4351ff
5391309	L	7Networks_LH_Default_PFC_36	#cd4352ff
5456845	L	7Networks_LH_Default_PFC_37	#cd4353ff
5193421	L	7Networks_LH_Default_pCunPCC_1	#cd3e4fff
5128141	L	7Networks_LH_Default_pCunPCC_2	#cd3f4eff
5652685	L	7Networks_LH_Default_pCunPCC_3	#cd4056ff
5652941	L	7Networks_LH_Default_pCunPCC_4	#cd4156ff
5653197	L	7Networks_LH_Default_pCunPCC_5	#cd4256ff
5522381	L	7Networks_LH_Default_pCunPCC_6	#cd4354ff
5587917	L	7Networks_LH_Default_pCunPCC_7	#cd4355ff
5653453	L	7Networks_LH_Default_pCunPCC_8	#cd4356ff
5194957	L	7Networks_LH_Default_pCunPCC_9	#cd444fff
5260493	L	7Networks_LH_Default_pCunPCC_10	#cd4450ff
5326029	L	7Networks_LH_Default_pCunPCC_11	#cd4451ff
5391565	L	7Networks_LH_Default_pCunPCC_12	#cd4452ff
5457101	L	7Networks_LH_Default_pCunPCC_13	#cd4453ff
5522637	L	7Networks_LH_Default_pCunPCC_14	#cd4454ff
5588173	L	7Networks_LH_Default_pCunPCC_15	#cd4455ff
5653709	L	7Networks_LH_Default_pCunPCC_16	#cd4456ff
5195213	L	7Networks_LH_Default_pCunPCC_17	#cd454fff
5260749	L	7Networks_LH_Default_pCunPCC_18	#cd4550ff
5326285	L	7Networks_LH_Default_pCunPCC_19	#cd4551ff
5391821	L	7Networks_LH_Default_pCunPCC_20	#cd4552ff
5457357	L	7Networks_LH_Default_pCunPCC_21	#cd4553ff
5193422	L	7Networks_LH_Default_PHC_1	#ce3e4fff
65793	R	Background+FreeSurfer_Defined_Medial_Wall	#010101ff
8523640	R	7Networks_RH_Vis_1	#780f82ff
8589176	R	7Networks_RH_Vis_2	#780f83ff
8654712	R	7Networks_RH_Vis_3	#780f84ff
8720248	R	7Networks_RH_Vis_4	#780f85ff
8785784	R	7Networks_RH_Vis_5	#780f86ff
8851320	R	7Networks_RH_Vis_6	#780f87ff
8392824	R	7Networks_RH_Vis_7	#781080ff
8458360	R	7Networks_RH_Vis_8	#781081ff
8523896	R	7Networks_RH_Vis_9	#781082ff
8589432	R	7Networks_RH_Vis_10	#781083ff
8654968	R	7Networks_RH_Vis_11	#781084ff
8720504	R	7Networks_RH_Vis_12	#781085ff
8786040	R	7Networks_RH_Vis_13	#781086ff
8851576	R	7Networks_RH_Vis_14	#781087ff
8393080	R	7Networks_RH_Vis_15	#781180ff
8458616	R	7Networks_RH_Vis_16	#781181ff
8524152	R	7Networks_RH_Vis_17	#781182ff
8589688	R	7Networks_RH_Vis_18	#781183ff
8655224	R	7Networks_RH_Vis_19	#781184ff
8720760	R	7Networks_RH_Vis_20	#781185ff
8786296	R	7Networks_RH_Vis_21	#781186ff
8851832	R	7Networks_RH_Vis_22	#781187ff
8393336	R	7Networks_RH_Vis_23	#781280ff
8458872	R	7Networks_RH_Vis_24	#781281ff
8524408	R	7Networks_RH_Vis_25	#781282ff
8589944	R	7Networks_RH_Vis_26	#781283ff
8655480	R	7Networks_RH_Vis_27	#781284ff
8721016	R	7Networks_RH_Vis_28	#781285ff
8786552	R	7Networks_RH_Vis_29	#781286ff
8917624	R	7Networks_RH_Vis_30	#781288ff
8983160	R	7Networks_RH_Vis_31	#781289ff
9048696	R	7Networks_RH_Vis_32	#78128aff
9114232	R	7Networks_RH_Vis_33	#78128bff
9179768	R	7Networks_RH_Vis_34	#78128cff
9245304	R	7Networks_RH_Vis_35	#78128dff
9310840	R	7Networks_RH_Vis_36	#78128eff
8852344	R	7Networks_RH_Vis_37	#781387ff
8917880	R	7Networks_RH_Vis_38	#781388ff
8983416	R	7Networks_RH_Vis_39	#781389ff
9048952	R	7Networks_RH_Vis_40	#78138aff
9114488	R	7Networks_RH_Vis_41	#78138bff
9180024	R	7Networks_RH_Vis_42	#78138cff
9245560	R	7Networks_RH_Vis_43	#78138dff
9311096	R	7Networks_RH_Vis_44	#78138eff
8852600	R	7Networks_RH_Vis_45	#781487ff
8918136	R	7Networks_RH_Vis_46	#781488ff
8983672	R	7Networks_RH_Vis_47	#781489ff
9049208	R	7Networks_RH_Vis_48	#78148aff
9114744	R	7Networks_RH_Vis_49	#78148bff
9180280	R	7Networks_RH_Vis_50	#78148cff
9245816	R	7Networks_RH_Vis_51	#78148dff
9311352	R	7Networks_RH_Vis_52	#78148eff
8852856	R	7Networks_RH_Vis_53	#781587ff
8918392	R	7Networks_RH_Vis_54	#781588ff
8983928	R	7Networks_RH_Vis_55	#781589ff
9049464	R	7Networks_RH_Vis_56	#78158aff
9115000	R	7Networks_RH_Vis_57	#78158bff
9180536	R	7Networks_RH_Vis_58	#78158cff
9246072	R	7Networks_RH_Vis_59	#78158dff
9311608	R	7Networks_RH_Vis_60	#78158eff
8853112	R	7Networks_RH_Vis_61	#781687ff
8918648	R	7Networks_RH_Vis_62	#781688ff
11501382	R	7Networks_RH_SomMot_1	#467fafff
11566918	R	7Networks_RH_SomMot_2	#467fb0ff
11632454	R	7Networks_RH_SomMot_3	#467fb1ff
11697990	R	7Networks_RH_SomMot_4	#467fb2ff
11763526	R	7Networks_RH_SomMot_5	#467fb3ff
11829062	R	7Networks_RH_SomMot_6	#467fb4ff
11894598	R	7Networks_RH_SomMot_7	#467fb5ff
11436102	R	7Networks_RH_SomMot_8	#4680aeff
11501638	R	7Networks_RH_SomMot_9	#4680afff
11567174	R	7Networks_RH_SomMot_10	#4680b0ff
11632710	R	7Networks_RH_SomMot_11	#4680b1ff
11698246	R	7Networks_RH_SomMot_12	#4680b2ff
11763782	R	7Networks_RH_SomMot_13	#4680b3ff
11829318	R	7Networks_RH_SomMot_14	#4680b4ff
11894854	R	7Networks_RH_SomMot_15	#4680b5ff
11436358	R	7Networks_RH_SomMot_16	#4681aeff
11501894	R	7Networks_RH_SomMot_17	#4681afff
11567430	R	7Networks_RH_SomMot_18	#4681b0ff
11632966	R	7Networks_RH_SomMot_19	#4681b1ff
11698502	R	7Networks_RH_SomMot_20	#4681b2ff
11764038	R	7Networks_RH_SomMot_21	#4681b3ff
11829574	R	7Networks_RH_SomMot_22	#4681b4ff
11895110	R	7Networks_RH_SomMot_23	#4681b5ff
11436614	R	7Networks_RH_SomMot_24	#4682aeff
11502150	R	7Networks_RH_SomMot_25	#4682afff
11567686	R	7Networks_RH_SomMot_26	#4682b0ff
11633222	R	7Networks_RH_SomMot_27	#4682b1ff
11698758	R	7Networks_RH_SomMot_28	#4682b2ff
11764294	R	7Networks_RH_SomMot_29	#4682b3ff
11829830	R	7Networks_RH_SomMot_30	#4682b4ff
11960902	R	7Networks_RH_SomMot_31	#4682b6ff
12026438	R	7Networks_RH_SomMot_32	#4682b7ff
12091974	R	7Networks_RH_SomMot_33	#4682b8ff
12157510	R	7Networks_RH_SomMot_34	#4682b9ff
12223046	R	7Networks_RH_SomMot_35	#4682baff
12288582	R	7Networks_RH_SomMot_36	#4682bbff
12354118	R	7Networks_RH_SomMot_37	#4682bcff
11895622	R	7Networks_RH_SomMot_38	#4683b5ff
11961158	R	7Networks_RH_SomMot_39	#4683b6ff
12026694	R	7Networks_RH_SomMot_40	#4683b7ff
12092230	R	7Networks_RH_SomMot_41	#4683b8ff
12157766	R	7Networks_RH_SomMot_42	#4683b9ff
12223302	R	7Networks_RH_SomMot_43	#4683baff
12288838	R	7Networks_RH_SomMot_44	#4683bbff
12354374	R	7Networks_RH_SomMot_45	#4683bcff
11895878	R	7Networks_RH_SomMot_46	#4684b5ff
11961414	R	7Networks_RH_SomMot_47	#4684b6ff
12026950	R	7Networks_RH_SomMot_48	#4684b7ff
12092486	R	7Networks_RH_SomMot_49	#4684b8ff
12158022	R	7Networks_RH_SomMot_50	#4684b9ff
12223558	R	7Networks_RH_SomMot_51	#4684baff
12289094	R	7Networks_RH_SomMot_52	#4684bbff
12354630	R	7Networks_RH_SomMot_53	#4684bcff
11896134	R	7Networks_RH_SomMot_54	#4685b5ff
11961670	R	7Networks_RH_SomMot_55	#4685b6ff
12027206	R	7Networks_RH_SomMot_56	#4685b7ff
12092742	R	7Networks_RH_SomMot_57	#4685b8ff
12158278	R	7Networks_RH_SomMot_58	#4685b9ff
12223814	R	7Networks_RH_SomMot_59	#4685baff
12289350	R	7Networks_RH_SomMot_60	#4685bbff
12354886	R	7Networks_RH_SomMot_61	#4685bcff
11896390	R	7Networks_RH_SomMot_62	#4686b5ff
11961926	R	7Networks_RH_SomMot_63	#4686b6ff
12027462	R	7Networks_RH_SomMot_64	#4686b7ff
1012992	R	7Networks_RH_DorsAttn_Post_1	#00750fff
554496	R	7Networks_RH_DorsAttn_Post_2	#007608ff
620032	R	7Networks_RH_DorsAttn_Post_3	#007609ff
685568	R	7Networks_RH_DorsAttn_Post_4	#00760aff
751104	R	7Networks_RH_DorsAttn_Post_5	#00760bff
816640	R	7Networks_RH_DorsAttn_Post_6	#00760cff
882176	R	7Networks_RH_DorsAttn_Post_7	#00760dff
947712	R	7Networks_RH_DorsAttn_Post_8	#00760eff
1013248	R	7Networks_RH_DorsAttn_Post_9	#00760fff
554752	R	7Networks_RH_DorsAttn_Post_10	#007708ff
620288	R	7Networks_RH_DorsAttn_Post_11	#007709ff
685824	R	7Networks_RH_DorsAttn_Post_12	#00770aff
751360	R	7Networks_RH_DorsAttn_Post_13	#00770bff
816896	R	7Networks_RH_DorsAttn_Post_14	#00770cff
882432	R	7Networks_RH_DorsAttn_Post_15	#00770dff
947968	R	7Networks_RH_DorsAttn_Post_16	#00770eff
1079040	R	7Networks_RH_DorsAttn_Post_17	#007710ff
1144576	R	7Networks_RH_DorsAttn_Post_18	#007711ff
1210112	R	7Networks_RH_DorsAttn_Post_19	#007712ff
1275648	R	7Networks_RH_DorsAttn_Post_20	#007713ff
1341184	R	7Networks_RH_DorsAttn_Post_21	#007714ff
1406720	R	7Networks_RH_DorsAttn_Post_22	#007715ff
1472256	R	7Networks_RH_DorsAttn_Post_23	#007716ff
1013760	R	7Networks_RH_DorsAttn_Post_24	#00780fff
1079296	R	7Networks_RH_DorsAttn_Post_25	#007810ff
1144832	R	7Networks_RH_DorsAttn_Post_26	#007811ff
1210368	R	7Networks_RH_DorsAttn_Post_27	#007812ff
1275904	R	7Networks_RH_DorsAttn_Post_28	#007813ff
1341440	R	7Networks_RH_DorsAttn_Post_29	#007814ff
1406976	R	7Networks_RH_DorsAttn_Post_30	#007815ff
1472512	R	7Networks_RH_DorsAttn_Post_31	#007816ff
1014016	R	7Networks_RH_DorsAttn_Post_32	#00790fff
1079552	R	7Networks_RH_DorsAttn_Post_33	#007910ff
1145088	R	7Networks_RH_DorsAttn_Post_34	#007911ff
1210624	R	7Networks_RH_DorsAttn_Post_35	#007912ff
1276160	R	7Networks_RH_DorsAttn_Post_36	#007913ff
882177	R	7Networks_RH_DorsAttn_FEF_1	#01760dff
1013249	R	7Networks_RH_DorsAttn_FEF_2	#01760fff
1078785	R	7Networks_RH_DorsAttn_FEF_3	#017610ff
1144321	R	7Networks_RH_DorsAttn_FEF_4	#017611ff
1209857	R	7Networks_RH_DorsAttn_FEF_5	#017612ff
1275393	R	7Networks_RH_DorsAttn_FEF_6	#017613ff
1340929	R	7Networks_RH_DorsAttn_PrCv_1	#017614ff
1406465	R	7Networks_RH_DorsAttn_PrCv_2	#017615ff
16202437	R	7Networks_RH_SalVentAttn_TempOccPar_1	#c53af7ff
16267973	R	7Networks_RH_SalVentAttn_TempOccPar_2	#c53af8ff
16333509	R	7Networks_RH_SalVentAttn_TempOccPar_3	#c53af9ff
16399045	R	7Networks_RH_SalVentAttn_TempOccPar_4	#c53afaff
16530117	R	7Networks_RH_SalVentAttn_TempOccPar_5	#c53afcff
16595653	R	7Networks_RH_SalVentAttn_TempOccPar_6	#c53afdff
16661189	R	7Networks_RH_SalVentAttn_TempOccPar_7	#c53afeff
16726725	R	7Networks_RH_SalVentAttn_TempOccPar_8	#c53affff
16397250	R	7Networks_RH_SalVentAttn_TempOccPar_9	#c233faff
16462786	R	7Networks_RH_SalVentAttn_TempOccPar_10	#c233fbff
16004290	R	7Networks_RH_SalVentAttn_TempOccPar_11	#c234f4ff
16069826	R	7Networks_RH_SalVentAttn_TempOccPar_12	#c234f5ff
16464837	R	7Networks_RH_SalVentAttn_PrC_1	#c53bfbff
16137157	R	7Networks_RH_SalVentAttn_FrOperIns_1	#c53bf6ff
16202693	R	7Networks_RH_SalVentAttn_FrOperIns_2	#c53bf7ff
16268229	R	7Networks_RH_SalVentAttn_FrOperIns_3	#c53bf8ff
16333765	R	7Networks_RH_SalVentAttn_FrOperIns_4	#c53bf9ff
16399301	R	7Networks_RH_SalVentAttn_FrOperIns_5	#c53bfaff
16530373	R	7Networks_RH_SalVentAttn_FrOperIns_6	#c53bfcff
16595909	R	7Networks_RH_SalVentAttn_FrOperIns_7	#c53bfdff
16661445	R	7Networks_RH_SalVentAttn_FrOperIns_8	#c53bfeff
16726981	R	7Networks_RH_SalVentAttn_FrOperIns_9	#c53bffff
16397506	R	7Networks_RH_SalVentAttn_FrOperIns_10	#c234faff
16463042	R	7Networks_RH_SalVentAttn_FrOperIns_11	#c234fbff
16004546	R	7Networks_RH_SalVentAttn_FrOperIns_12	#c235f4ff
16070082	R	7Networks_RH_SalVentAttn_FrOperIns_13	#c235f5ff
16399044	R	7Networks_RH_SalVentAttn_PFCv_1	#c43afaff
16464324	R	7Networks_RH_SalVentAttn_PFCl_1	#c439fbff
16071108	R	7Networks_RH_SalVentAttn_Med_1	#c439f5ff
16136644	R	7Networks_RH_SalVentAttn_Med_2	#c439f6ff
16202180	R	7Networks_RH_SalVentAttn_Med_3	#c439f7ff
16267716	R	7Networks_RH_SalVentAttn_Med_4	#c439f8ff
16398788	R	7Networks_RH_SalVentAttn_Med_5	#c439faff
16529860	R	7Networks_RH_SalVentAttn_Med_6	#c439fcff
16595396	R	7Networks_RH_SalVentAttn_Med_7	#c439fdff
16660932	R	7Networks_RH_SalVentAttn_Med_8	#c439feff
16726468	R	7Networks_RH_SalVentAttn_Med_9	#c439ffff
16333508	R	7Networks_RH_SalVentAttn_Med_10	#c43af9ff
16464580	R	7Networks_RH_SalVentAttn_Med_11	#c43afbff
10549724	R	7Networks_RH_Limbic_OFC_1	#dcf9a0ff
10615260	R	7Networks_RH_Limbic_OFC_2	#dcf9a1ff
10680796	R	7Networks_RH_Limbic_OFC_3	#dcf9a2ff
10746332	R	7Networks_RH_Limbic_OFC_4	#dcf9a3ff
10877404	R	7Networks_RH_Limbic_OFC_5	#dcf9a5ff
10942940	R	7Networks_RH_Limbic_OFC_6	#dcf9a6ff
11008476	R	7Networks_RH_Limbic_OFC_7	#dcf9a7ff
11074012	R	7Networks_RH_Limbic_OFC_8	#dcf9a8ff
11139548	R	7Networks_RH_Limbic_OFC_9	#dcf9a9ff
11205084	R	7Networks_RH_Limbic_OFC_10	#dcf9aaff
11270620	R	7Networks_RH_Limbic_OFC_11	#dcf9abff
10484188	R	7Networks_RH_Limbic_TempPole_1	#dcf99fff
10811868	R	7Networks_RH_Limbic_TempPole_2	#dcf9a4ff
11336156	R	7Networks_RH_Limbic_TempPole_3	#dcf9acff
10877660	R	7Networks_RH_Limbic_TempPole_4	#dcfaa5ff
10943196	R	7Networks_RH_Limbic_TempPole_5	#dcfaa6ff
11008732	R	7Networks_RH_Limbic_TempPole_6	#dcfaa7ff
11074268	R	7Networks_RH_Limbic_TempPole_7	#dcfaa8ff
11139804	R	7Networks_RH_Limbic_TempPole_8	#dcfaa9ff
11205340	R	7Networks_RH_Limbic_TempPole_9	#dcfaaaff
11270876	R	7Networks_RH_Limbic_TempPole_10	#dcfaabff
11336412	R	7Networks_RH_Limbic_TempPole_11	#dcfaacff
10877916	R	7Networks_RH_Limbic_TempPole_12	#dcfba5ff
10943452	R	7Networks_RH_Limbic_TempPole_13	#dcfba6ff
11008988	R	7Networks_RH_Limbic_TempPole_14	#dcfba7ff
11074524	R	7Networks_RH_Limbic_TempPole_15	#dcfba8ff
2003942	R	7Networks_RH_Cont_Par_1	#e6931eff
2069478	R	7Networks_RH_Cont_Par_2	#e6931fff
2135014	R	7Networks_RH_Cont_Par_3	#e69320ff
2200550	R	7Networks_RH_Cont_Par_4	#e69321ff
2331622	R	7Networks_RH_Cont_Par_5	#e69323ff
2397158	R	7Networks_RH_Cont_Par_6	#e69324ff
2462694	R	7Networks_RH_Cont_Par_7	#e69325ff
2528230	R	7Networks_RH_Cont_Par_8	#e69326ff
2593766	R	7Networks_RH_Cont_Par_9	#e69327ff
2659302	R	7Networks_RH_Cont_Par_10	#e69328ff
2724838	R	7Networks_RH_Cont_Par_11	#e69329ff
2266086	R	7Networks_RH_Cont_Temp_1	#e69322ff
2200806	R	7Networks_RH_Cont_Temp_2	#e69421ff
2266342	R	7Networks_RH_Cont_Temp_3	#e69422ff
2331878	R	7Networks_RH_Cont_Temp_4	#e69423ff
2331877	R	7Networks_RH_Cont_PFCv_1	#e59423ff
2397413	R	7Networks_RH_Cont_PFCv_2	#e59424ff
2003941	R	7Networks_RH_Cont_PFCl_1	#e5931eff
2069477	R	7Networks_RH_Cont_PFCl_2	#e5931fff
2135013	R	7Networks_RH_Cont_PFCl_3	#e59320ff
2200549	R	7Networks_RH_Cont_PFCl_4	#e59321ff
1742053	R	7Networks_RH_Cont_PFCl_5	#e5941aff
1807589	R	7Networks_RH_Cont_PFCl_6	#e5941bff
1873125	R	7Networks_RH_Cont_PFCl_7	#e5941cff
1938661	R	7Networks_RH_Cont_PFCl_8	#e5941dff
2004197	R	7Networks_RH_Cont_PFCl_9	#e5941eff
2069733	R	7Networks_RH_Cont_PFCl_10	#e5941fff
2135269	R	7Networks_RH_Cont_PFCl_11	#e59420ff
2266341	R	7Networks_RH_Cont_PFCl_12	#e59422ff
2462949	R	7Networks_RH_Cont_PFCl_13	#e59425ff
2528485	R	7Networks_RH_Cont_PFCl_14	#e59426ff
2594021	R	7Networks_RH_Cont_PFCl_15	#e59427ff
2659557	R	7Networks_RH_Cont_PFCl_16	#e59428ff
2201061	R	7Networks_RH_Cont_PFCl_17	#e59521ff
2266597	R	7Networks_RH_Cont_PFCl_18	#e59522ff
2332133	R	7Networks_RH_Cont_PFCl_19	#e59523ff
2397669	R	7Networks_RH_Cont_PFCl_20	#e59524ff
2463205	R	7Networks_RH_Cont_PFCl_21	#e59525ff
2528741	R	7Networks_RH_Cont_PFCl_22	#e59526ff
2594277	R	7Networks_RH_Cont_PFCl_23	#e59527ff
2659813	R	7Networks_RH_Cont_PFCl_24	#e59528ff
2201317	R	7Networks_RH_Cont_PFCl_25	#e59621ff
2266853	R	7Networks_RH_Cont_PFCl_26	#e59622ff
2331621	R	7Networks_RH_Cont_pCun_1	#e59323ff
2397157	R	7Networks_RH_Cont_pCun_3	#e59324ff
2462693	R	7Networks_RH_Cont_pCun_4	#e59325ff
2266085	R	7Networks_RH_Cont_Cing_1	#e59322ff
2528229	R	7Networks_RH_Cont_Cing_2	#e59326ff
2593765	R	7Networks_RH_Cont_Cing_3	#e59327ff
2462950	R	7Networks_RH_Cont_PFCmp_1	#e69425ff
2528486	R	7Networks_RH_Cont_PFCmp_2	#e69426ff
2594022	R	7Networks_RH_Cont_PFCmp_3	#e69427ff
4865741	R	7Networks_RH_Default_Par_1	#cd3e4aff
4931277	R	7Networks_RH_Default_Par_2	#cd3e4bff
4996813	R	7Networks_RH_Default_Par_3	#cd3e4cff
5127885	R	7Networks_RH_Default_Par_4	#cd3e4eff
5193421	R	7Networks_RH_Default_Par_5	#cd3e4fff
5258957	R	7Networks_RH_Default_Par_6	#cd3e50ff
5324493	R	7Networks_RH_Default_Par_7	#cd3e51ff
5390029	R	7Networks_RH_Default_Par_8	#cd3e52ff
5455565	R	7Networks_RH_Default_Par_9	#cd3e53ff
5521101	R	7Networks_RH_Default_Par_10	#cd3e54ff
4865485	R	7Networks_RH_Default_Temp_1	#cd3d4aff
4931021	R	7Networks_RH_Default_Temp_2	#cd3d4bff
4996557	R	7Networks_RH_Default_Temp_3	#cd3d4cff
5062093	R	7Networks_RH_Default_Temp_4	#cd3d4dff
5193165	R	7Networks_RH_Default_Temp_5	#cd3d4fff
5258701	R	7Networks_RH_Default_Temp_6	#cd3d50ff
5324237	R	7Networks_RH_Default_Temp_7	#cd3d51ff
5389773	R	7Networks_RH_Default_Temp_8	#cd3d52ff
5455309	R	7Networks_RH_Default_Temp_9	#cd3d53ff
5520845	R	7Networks_RH_Default_Temp_10	#cd3d54ff
5586381	R	7Networks_RH_Default_Temp_11	#cd3d55ff
5586637	R	7Networks_RH_Default_Temp_12	#cd3e55ff
5127629	R	7Networks_RH_Default_PFCv_1	#cd3d4eff
5062349	R	7Networks_RH_Default_PFCv_2	#cd3e4dff
5062605	R	7Networks_RH_Default_PFCv_3	#cd3f4dff
5128141	R	7Networks_RH_Default_PFCv_4	#cd3f4eff
5193677	R	7Networks_RH_Default_PFCv_5	#cd3f4fff
5127628	R	7Networks_RH_Default_PFCdPFCm_1	#cc3d4eff
4669132	R	7Networks_RH_Default_PFCdPFCm_2	#cc3e47ff
4734668	R	7Networks_RH_Default_PFCdPFCm_3	#cc3e48ff
4800204	R	7Networks_RH_Default_PFCdPFCm_4	#cc3e49ff
4865740	R	7Networks_RH_Default_PFCdPFCm_5	#cc3e4aff
4931276	R	7Networks_RH_Default_PFCdPFCm_6	#cc3e4bff
4996812	R	7Networks_RH_Default_PFCdPFCm_7	#cc3e4cff
5062348	R	7Networks_RH_Default_PFCdPFCm_8	#cc3e4dff
5193420	R	7Networks_RH_Default_PFCdPFCm_9	#cc3e4fff
5258956	R	7Networks_RH_Default_PFCdPFCm_10	#cc3e50ff
5324492	R	7Networks_RH_Default_PFCdPFCm_11	#cc3e51ff
5390028	R	7Networks_RH_Default_PFCdPFCm_12	#cc3e52ff
5455564	R	7Networks_RH_Default_PFCdPFCm_13	#cc3e53ff
5521100	R	7Networks_RH_Default_PFCdPFCm_14	#cc3e54ff
5586636	R	7Networks_RH_Default_PFCdPFCm_15	#cc3e55ff
5128140	R	7Networks_RH_Default_PFCdPFCm_16	#cc3f4eff
5193676	R	7Networks_RH_Default_PFCdPFCm_17	#cc3f4fff
5259212	R	7Networks_RH_Default_PFCdPFCm_18	#cc3f50ff
5324748	R	7Networks_RH_Default_PFCdPFCm_19	#cc3f51ff
5127884	R	7Networks_RH_Default_pCunPCC_1	#cc3e4eff
5062604	R	7Networks_RH_Default_pCunPCC_2	#cc3f4dff
5390284	R	7Networks_RH_Default_pCunPCC_3	#cc3f52ff
5455820	R	7Networks_RH_Default_pCunPCC_4	#cc3f53ff
5521356	R	7Networks_RH_Default_pCunPCC_5	#cc3f54ff
5062860	R	7Networks_RH_Default_pCunPCC_6	#cc404dff
5128396	R	7Networks_RH_Default_pCunPCC_7	#cc404eff
5193932	R	7Networks_RH_Default_pCunPCC_8	#cc404fff
5259468	R	7Networks_RH_Default_pCunPCC_9	#cc4050ff
5325004	R	7Networks_RH_Default_pCunPCC_10	#cc4051ff
5390540	R	7Networks_RH_Default_pCunPCC_11	#cc4052ff
5456076	R	7Networks_RH_Default_pCunPCC_12	#cc4053ff
5521612	R	7Networks_RH_Default_pCunPCC_13	#cc4054ff
5063116	R	7Networks_RH_Default_pCunPCC_14	#cc414dff
5128652	R	7Networks_RH_Default_pCunPCC_15	#cc414eff
5194188	R	7Networks_RH_Default_pCunPCC_16	#cc414fff
2332135	R	7Networks_RH_Cont_pCun_2	#e79523ff
