{
  "Authors":
  [
    "Desikan RS",
    "Killiany RJ"
  ],
  "Curators":
  [
    "Aleman-Gomez Y",
    "Esteban O"
  ],
  "DescriptionEntity":
  {
    "original": "Contains the file as converted with `mris_convert` directly from FreeSurfer's distribution",
    "curated": "The 'original' version after manual correction of errors by Aleman-Gomez Y."
  },
  "Identifier": "Desikan2006",
  "License": "See LICENSE file",
  "Name": "Desikan-Killiany Atlas distributed by FreeSurfer 7",
  "Provenance": "Converted with `mris_convert` from `$FREESURFER_HOME/subjects/fsaverage{,3,4,5,6}/label/{l,r}h.aparc.annot`",
  "ReferencesAndLinks":
  [
    "https://doi.org/10.1016/j.neuroimage.2006.01.021",
    "https://surfer.nmr.mgh.harvard.edu/fswiki/CorticalParcellation"
  ]
}