index	hemi	name	color
65793	L	Background+FreeSurfer_Defined_Medial_Wall	#010101ff
8852088	L	17Networks_LH_VisCent_Striate_1	#781287ff
8917624	L	17Networks_LH_VisCent_Striate_2	#781288ff
8983160	L	17Networks_LH_VisCent_Striate_3	#781289ff
9048696	L	17Networks_LH_VisCent_Striate_4	#78128aff
8851832	L	17Networks_LH_VisCent_ExStr_1	#781187ff
8393336	L	17Networks_LH_VisCent_ExStr_2	#781280ff
8458872	L	17Networks_LH_VisCent_ExStr_3	#781281ff
8524408	L	17Networks_LH_VisCent_ExStr_4	#781282ff
8589944	L	17Networks_LH_VisCent_ExStr_5	#781283ff
8655480	L	17Networks_LH_VisCent_ExStr_6	#781284ff
8721016	L	17Networks_LH_VisCent_ExStr_7	#781285ff
8786552	L	17Networks_LH_VisCent_ExStr_8	#781286ff
9114232	L	17Networks_LH_VisCent_ExStr_9	#78128bff
9179768	L	17Networks_LH_VisCent_ExStr_10	#78128cff
9245304	L	17Networks_LH_VisCent_ExStr_11	#78128dff
9310840	L	17Networks_LH_VisCent_ExStr_12	#78128eff
8852344	L	17Networks_LH_VisCent_ExStr_13	#781387ff
8917880	L	17Networks_LH_VisCent_ExStr_14	#781388ff
8983416	L	17Networks_LH_VisCent_ExStr_15	#781389ff
9048952	L	17Networks_LH_VisCent_ExStr_16	#78138aff
9114488	L	17Networks_LH_VisCent_ExStr_17	#78138bff
9180024	L	17Networks_LH_VisCent_ExStr_18	#78138cff
9245560	L	17Networks_LH_VisCent_ExStr_19	#78138dff
9311096	L	17Networks_LH_VisCent_ExStr_20	#78138eff
65791	L	17Networks_LH_VisPeri_StriCal_1	#ff0001ff
131327	L	17Networks_LH_VisPeri_StriCal_2	#ff0002ff
196863	L	17Networks_LH_VisPeri_StriCal_3	#ff0003ff
262399	L	17Networks_LH_VisPeri_StriCal_4	#ff0004ff
327935	L	17Networks_LH_VisPeri_StriCal_5	#ff0005ff
393471	L	17Networks_LH_VisPeri_StriCal_6	#ff0006ff
255	L	17Networks_LH_VisPeri_ExStrInf_1	#ff0000ff
459007	L	17Networks_LH_VisPeri_ExStrInf_2	#ff0007ff
524543	L	17Networks_LH_VisPeri_ExStrInf_3	#ff0008ff
66047	L	17Networks_LH_VisPeri_ExStrInf_4	#ff0101ff
131583	L	17Networks_LH_VisPeri_ExStrInf_5	#ff0102ff
197119	L	17Networks_LH_VisPeri_ExStrInf_6	#ff0103ff
262655	L	17Networks_LH_VisPeri_ExStrInf_7	#ff0104ff
328191	L	17Networks_LH_VisPeri_ExStrInf_8	#ff0105ff
393727	L	17Networks_LH_VisPeri_ExStrSup_1	#ff0106ff
459263	L	17Networks_LH_VisPeri_ExStrSup_2	#ff0107ff
767	L	17Networks_LH_VisPeri_ExStrSup_3	#ff0200ff
66303	L	17Networks_LH_VisPeri_ExStrSup_4	#ff0201ff
131839	L	17Networks_LH_VisPeri_ExStrSup_5	#ff0202ff
197375	L	17Networks_LH_VisPeri_ExStrSup_6	#ff0203ff
262911	L	17Networks_LH_VisPeri_ExStrSup_7	#ff0204ff
328447	L	17Networks_LH_VisPeri_ExStrSup_8	#ff0205ff
393983	L	17Networks_LH_VisPeri_ExStrSup_9	#ff0206ff
11829318	L	17Networks_LH_SomMotA_1	#4680b4ff
11370822	L	17Networks_LH_SomMotA_2	#4681adff
11436358	L	17Networks_LH_SomMotA_3	#4681aeff
11501894	L	17Networks_LH_SomMotA_4	#4681afff
11567430	L	17Networks_LH_SomMotA_5	#4681b0ff
11632966	L	17Networks_LH_SomMotA_6	#4681b1ff
11698502	L	17Networks_LH_SomMotA_7	#4681b2ff
11764038	L	17Networks_LH_SomMotA_8	#4681b3ff
11829574	L	17Networks_LH_SomMotA_9	#4681b4ff
11371078	L	17Networks_LH_SomMotA_10	#4682adff
11436614	L	17Networks_LH_SomMotA_11	#4682aeff
11502150	L	17Networks_LH_SomMotA_12	#4682afff
11567686	L	17Networks_LH_SomMotA_13	#4682b0ff
11633222	L	17Networks_LH_SomMotA_14	#4682b1ff
11698758	L	17Networks_LH_SomMotA_15	#4682b2ff
11764294	L	17Networks_LH_SomMotA_16	#4682b3ff
11895366	L	17Networks_LH_SomMotA_17	#4682b5ff
11960902	L	17Networks_LH_SomMotA_18	#4682b6ff
12026438	L	17Networks_LH_SomMotA_19	#4682b7ff
12091974	L	17Networks_LH_SomMotA_20	#4682b8ff
12157510	L	17Networks_LH_SomMotA_21	#4682b9ff
12223046	L	17Networks_LH_SomMotA_22	#4682baff
12288582	L	17Networks_LH_SomMotA_23	#4682bbff
11830086	L	17Networks_LH_SomMotA_24	#4683b4ff
11895622	L	17Networks_LH_SomMotA_25	#4683b5ff
11961158	L	17Networks_LH_SomMotA_26	#4683b6ff
12026694	L	17Networks_LH_SomMotA_27	#4683b7ff
12092230	L	17Networks_LH_SomMotA_28	#4683b8ff
12157766	L	17Networks_LH_SomMotA_29	#4683b9ff
12223302	L	17Networks_LH_SomMotA_30	#4683baff
12288838	L	17Networks_LH_SomMotA_31	#4683bbff
11830342	L	17Networks_LH_SomMotA_32	#4684b4ff
11895878	L	17Networks_LH_SomMotA_33	#4684b5ff
11961414	L	17Networks_LH_SomMotA_34	#4684b6ff
12026950	L	17Networks_LH_SomMotA_35	#4684b7ff
12092486	L	17Networks_LH_SomMotA_36	#4684b8ff
10669098	L	17Networks_LH_SomMotB_Cent_1	#2acca2ff
10734634	L	17Networks_LH_SomMotB_Cent_2	#2acca3ff
10865706	L	17Networks_LH_SomMotB_Cent_3	#2acca5ff
10931242	L	17Networks_LH_SomMotB_Cent_4	#2acca6ff
10996778	L	17Networks_LH_SomMotB_Cent_5	#2acca7ff
11062314	L	17Networks_LH_SomMotB_Cent_6	#2acca8ff
11127850	L	17Networks_LH_SomMotB_Cent_7	#2acca9ff
11193386	L	17Networks_LH_SomMotB_Cent_8	#2accaaff
10800170	L	17Networks_LH_SomMotB_S2_1	#2acca4ff
11258922	L	17Networks_LH_SomMotB_S2_2	#2accabff
11324458	L	17Networks_LH_SomMotB_S2_3	#2accacff
10865962	L	17Networks_LH_SomMotB_S2_4	#2acda5ff
10931498	L	17Networks_LH_SomMotB_S2_5	#2acda6ff
10997034	L	17Networks_LH_SomMotB_S2_6	#2acda7ff
11062570	L	17Networks_LH_SomMotB_S2_7	#2acda8ff
11128106	L	17Networks_LH_SomMotB_S2_8	#2acda9ff
11193642	L	17Networks_LH_SomMotB_S2_9	#2acdaaff
11259178	L	17Networks_LH_SomMotB_Ins_1	#2acdabff
10669099	L	17Networks_LH_SomMotB_Aud_1	#2bcca2ff
10734635	L	17Networks_LH_SomMotB_Aud_2	#2bcca3ff
10865707	L	17Networks_LH_SomMotB_Aud_3	#2bcca5ff
10931243	L	17Networks_LH_SomMotB_Aud_4	#2bcca6ff
10996779	L	17Networks_LH_SomMotB_Aud_5	#2bcca7ff
11062315	L	17Networks_LH_SomMotB_Aud_6	#2bcca8ff
11127851	L	17Networks_LH_SomMotB_Aud_7	#2bcca9ff
11193387	L	17Networks_LH_SomMotB_Aud_8	#2bccaaff
3840842	L	17Networks_LH_DorsAttnA_TempOcc_1	#4a9b3aff
3906378	L	17Networks_LH_DorsAttnA_TempOcc_2	#4a9b3bff
4037450	L	17Networks_LH_DorsAttnA_TempOcc_3	#4a9b3dff
4102986	L	17Networks_LH_DorsAttnA_TempOcc_4	#4a9b3eff
4168522	L	17Networks_LH_DorsAttnA_TempOcc_5	#4a9b3fff
4234058	L	17Networks_LH_DorsAttnA_TempOcc_6	#4a9b40ff
4299594	L	17Networks_LH_DorsAttnA_TempOcc_7	#4a9b41ff
4365130	L	17Networks_LH_DorsAttnA_ParOcc_1	#4a9b42ff
4430666	L	17Networks_LH_DorsAttnA_ParOcc_2	#4a9b43ff
4496202	L	17Networks_LH_DorsAttnA_ParOcc_3	#4a9b44ff
4037706	L	17Networks_LH_DorsAttnA_ParOcc_4	#4a9c3dff
3775562	L	17Networks_LH_DorsAttnA_SPL_1	#4a9c39ff
3841098	L	17Networks_LH_DorsAttnA_SPL_2	#4a9c3aff
3906634	L	17Networks_LH_DorsAttnA_SPL_3	#4a9c3bff
4103242	L	17Networks_LH_DorsAttnA_SPL_4	#4a9c3eff
4168778	L	17Networks_LH_DorsAttnA_SPL_5	#4a9c3fff
4234314	L	17Networks_LH_DorsAttnA_SPL_6	#4a9c40ff
4299850	L	17Networks_LH_DorsAttnA_SPL_7	#4a9c41ff
4365386	L	17Networks_LH_DorsAttnA_SPL_8	#4a9c42ff
4430922	L	17Networks_LH_DorsAttnA_SPL_9	#4a9c43ff
3972426	L	17Networks_LH_DorsAttnA_SPL_10	#4a9d3cff
1013248	L	17Networks_LH_DorsAttnB_TempOcc_1	#00760fff
751104	L	17Networks_LH_DorsAttnB_PostC_1	#00760bff
816640	L	17Networks_LH_DorsAttnB_PostC_2	#00760cff
882176	L	17Networks_LH_DorsAttnB_PostC_3	#00760dff
947712	L	17Networks_LH_DorsAttnB_PostC_4	#00760eff
1078784	L	17Networks_LH_DorsAttnB_PostC_5	#007610ff
1144320	L	17Networks_LH_DorsAttnB_PostC_6	#007611ff
1209856	L	17Networks_LH_DorsAttnB_PostC_7	#007612ff
1275392	L	17Networks_LH_DorsAttnB_PostC_8	#007613ff
1340928	L	17Networks_LH_DorsAttnB_PostC_9	#007614ff
1406464	L	17Networks_LH_DorsAttnB_PostC_10	#007615ff
1472000	L	17Networks_LH_DorsAttnB_PostC_11	#007616ff
1013504	L	17Networks_LH_DorsAttnB_PostC_12	#00770fff
882432	L	17Networks_LH_DorsAttnB_FEF_1	#00770dff
1079040	L	17Networks_LH_DorsAttnB_FEF_2	#007710ff
1144576	L	17Networks_LH_DorsAttnB_FEF_3	#007711ff
1210112	L	17Networks_LH_DorsAttnB_FEF_4	#007712ff
1275648	L	17Networks_LH_DorsAttnB_FEF_5	#007713ff
1341184	L	17Networks_LH_DorsAttnB_PrCv_1	#007714ff
16464580	L	17Networks_LH_SalVentAttnA_ParOper_1	#c43afbff
16530116	L	17Networks_LH_SalVentAttnA_ParOper_2	#c43afcff
16595652	L	17Networks_LH_SalVentAttnA_ParOper_3	#c43afdff
16661188	L	17Networks_LH_SalVentAttnA_ParOper_4	#c43afeff
16726724	L	17Networks_LH_SalVentAttnA_FrOper_1	#c43affff
16397249	L	17Networks_LH_SalVentAttnA_FrOper_2	#c133faff
16462785	L	17Networks_LH_SalVentAttnA_FrOper_3	#c133fbff
16004289	L	17Networks_LH_SalVentAttnA_FrOper_4	#c134f4ff
16464836	L	17Networks_LH_SalVentAttnA_Ins_1	#c43bfbff
16530372	L	17Networks_LH_SalVentAttnA_Ins_2	#c43bfcff
16595908	L	17Networks_LH_SalVentAttnA_Ins_3	#c43bfdff
16661444	L	17Networks_LH_SalVentAttnA_Ins_4	#c43bfeff
16399300	L	17Networks_LH_SalVentAttnA_ParMed_1	#c43bfaff
16726980	L	17Networks_LH_SalVentAttnA_ParMed_2	#c43bffff
16397505	L	17Networks_LH_SalVentAttnA_ParMed_3	#c134faff
16463041	L	17Networks_LH_SalVentAttnA_ParMed_4	#c134fbff
16004545	L	17Networks_LH_SalVentAttnA_ParMed_5	#c135f4ff
16070081	L	17Networks_LH_SalVentAttnA_ParMed_6	#c135f5ff
16333509	L	17Networks_LH_SalVentAttnA_FrMed_1	#c53af9ff
16464581	L	17Networks_LH_SalVentAttnA_FrMed_2	#c53afbff
16530117	L	17Networks_LH_SalVentAttnA_FrMed_3	#c53afcff
16595653	L	17Networks_LH_SalVentAttnA_FrMed_4	#c53afdff
16661189	L	17Networks_LH_SalVentAttnA_FrMed_5	#c53afeff
16726725	L	17Networks_LH_SalVentAttnA_FrMed_6	#c53affff
14063871	L	17Networks_LH_SalVentAttnB_IPL_1	#ff98d6ff
14129407	L	17Networks_LH_SalVentAttnB_IPL_2	#ff98d7ff
14194943	L	17Networks_LH_SalVentAttnB_PFCd_1	#ff98d8ff
14064127	L	17Networks_LH_SalVentAttnB_PFCl_1	#ff99d6ff
14129663	L	17Networks_LH_SalVentAttnB_PFCl_2	#ff99d7ff
14195199	L	17Networks_LH_SalVentAttnB_PFCl_3	#ff99d8ff
13998591	L	17Networks_LH_SalVentAttnB_Ins_1	#ff99d5ff
14260735	L	17Networks_LH_SalVentAttnB_Ins_2	#ff99d9ff
14326271	L	17Networks_LH_SalVentAttnB_Ins_3	#ff99daff
14391807	L	17Networks_LH_SalVentAttnB_Ins_4	#ff99dbff
14457343	L	17Networks_LH_SalVentAttnB_Ins_5	#ff99dcff
14522879	L	17Networks_LH_SalVentAttnB_Ins_6	#ff99ddff
13998335	L	17Networks_LH_SalVentAttnB_OFC_1	#ff98d5ff
14063615	L	17Networks_LH_SalVentAttnB_PFCmp_1	#ff97d6ff
14129151	L	17Networks_LH_SalVentAttnB_PFCmp_2	#ff97d7ff
14194687	L	17Networks_LH_SalVentAttnB_PFCmp_3	#ff97d8ff
14260223	L	17Networks_LH_SalVentAttnB_PFCmp_4	#ff97d9ff
3114874	L	17Networks_LH_LimbicB_OFC_1	#7a872fff
3180410	L	17Networks_LH_LimbicB_OFC_2	#7a8730ff
3245946	L	17Networks_LH_LimbicB_OFC_3	#7a8731ff
3377018	L	17Networks_LH_LimbicB_OFC_4	#7a8733ff
3442554	L	17Networks_LH_LimbicB_OFC_5	#7a8734ff
3508090	L	17Networks_LH_LimbicB_OFC_6	#7a8735ff
3573626	L	17Networks_LH_LimbicB_OFC_7	#7a8736ff
3639162	L	17Networks_LH_LimbicB_OFC_8	#7a8737ff
3704698	L	17Networks_LH_LimbicB_OFC_9	#7a8738ff
10549468	L	17Networks_LH_LimbicA_TempPole_1	#dcf8a0ff
10615004	L	17Networks_LH_LimbicA_TempPole_2	#dcf8a1ff
10680540	L	17Networks_LH_LimbicA_TempPole_3	#dcf8a2ff
10746076	L	17Networks_LH_LimbicA_TempPole_4	#dcf8a3ff
10877148	L	17Networks_LH_LimbicA_TempPole_5	#dcf8a5ff
10942684	L	17Networks_LH_LimbicA_TempPole_6	#dcf8a6ff
11008220	L	17Networks_LH_LimbicA_TempPole_7	#dcf8a7ff
11073756	L	17Networks_LH_LimbicA_TempPole_8	#dcf8a8ff
11139292	L	17Networks_LH_LimbicA_TempPole_9	#dcf8a9ff
11204828	L	17Networks_LH_LimbicA_TempPole_10	#dcf8aaff
11270364	L	17Networks_LH_LimbicA_TempPole_11	#dcf8abff
10811868	L	17Networks_LH_LimbicA_TempPole_12	#dcf9a4ff
2331878	L	17Networks_LH_ContA_Temp_1	#e69423ff
2397414	L	17Networks_LH_ContA_Temp_2	#e69424ff
2135270	L	17Networks_LH_ContA_IPS_1	#e69420ff
2200806	L	17Networks_LH_ContA_IPS_2	#e69421ff
2266342	L	17Networks_LH_ContA_IPS_3	#e69422ff
2462950	L	17Networks_LH_ContA_IPS_4	#e69425ff
2528486	L	17Networks_LH_ContA_IPS_5	#e69426ff
2594022	L	17Networks_LH_ContA_IPS_6	#e69427ff
2659558	L	17Networks_LH_ContA_IPS_7	#e69428ff
2725094	L	17Networks_LH_ContA_IPS_8	#e69429ff
2790630	L	17Networks_LH_ContA_IPS_9	#e6942aff
2332134	L	17Networks_LH_ContA_PFCd_1	#e69523ff
2397670	L	17Networks_LH_ContA_PFCd_2	#e69524ff
2135526	L	17Networks_LH_ContA_PFCl_1	#e69520ff
2201062	L	17Networks_LH_ContA_PFCl_2	#e69521ff
2266598	L	17Networks_LH_ContA_PFCl_3	#e69522ff
2463206	L	17Networks_LH_ContA_PFCl_4	#e69525ff
2528742	L	17Networks_LH_ContA_PFCl_5	#e69526ff
2594278	L	17Networks_LH_ContA_PFCl_6	#e69527ff
2659814	L	17Networks_LH_ContA_PFCl_7	#e69528ff
2725350	L	17Networks_LH_ContA_PFCl_8	#e69529ff
2790886	L	17Networks_LH_ContA_PFCl_9	#e6952aff
2331879	L	17Networks_LH_ContA_PFClv_1	#e79423ff
2397415	L	17Networks_LH_ContA_PFClv_2	#e79424ff
2462951	L	17Networks_LH_ContA_PFClv_3	#e79425ff
2528487	L	17Networks_LH_ContA_Cingm_1	#e79426ff
4928135	L	17Networks_LH_ContB_Temp_1	#87324bff
4993671	L	17Networks_LH_ContB_Temp_2	#87324cff
5059207	L	17Networks_LH_ContB_Temp_3	#87324dff
4862599	L	17Networks_LH_ContB_IPL_1	#87324aff
5124743	L	17Networks_LH_ContB_IPL_2	#87324eff
5190279	L	17Networks_LH_ContB_IPL_3	#87324fff
5255815	L	17Networks_LH_ContB_IPL_4	#873250ff
5321351	L	17Networks_LH_ContB_IPL_5	#873251ff
4928391	L	17Networks_LH_ContB_PFCd_1	#87334bff
4993927	L	17Networks_LH_ContB_PFCl_1	#87334cff
5059463	L	17Networks_LH_ContB_PFCl_2	#87334dff
4928136	L	17Networks_LH_ContB_PFClv_1	#88324bff
4993672	L	17Networks_LH_ContB_PFClv_2	#88324cff
5059208	L	17Networks_LH_ContB_PFClv_3	#88324dff
5124744	L	17Networks_LH_ContB_PFClv_4	#88324eff
5190280	L	17Networks_LH_ContB_PFCmp_1	#88324fff
11504759	L	17Networks_LH_ContC_pCun_1	#778cafff
11635831	L	17Networks_LH_ContC_pCun_2	#778cb1ff
11701367	L	17Networks_LH_ContC_pCun_3	#778cb2ff
11766903	L	17Networks_LH_ContC_pCun_4	#778cb3ff
11832439	L	17Networks_LH_ContC_pCun_5	#778cb4ff
11897975	L	17Networks_LH_ContC_pCun_6	#778cb5ff
11963511	L	17Networks_LH_ContC_Cingp_1	#778cb6ff
12029047	L	17Networks_LH_ContC_Cingp_2	#778cb7ff
12094583	L	17Networks_LH_ContC_Cingp_3	#778cb8ff
131071	L	17Networks_LH_DefaultA_IPL_1	#ffff01ff
196607	L	17Networks_LH_DefaultA_IPL_2	#ffff02ff
262143	L	17Networks_LH_DefaultA_IPL_3	#ffff03ff
65535	L	17Networks_LH_DefaultA_PFCd_1	#ffff00ff
327679	L	17Networks_LH_DefaultA_PFCd_2	#ffff04ff
393215	L	17Networks_LH_DefaultA_PFCd_3	#ffff05ff
458751	L	17Networks_LH_DefaultA_PFCd_4	#ffff06ff
524287	L	17Networks_LH_DefaultA_PFCd_5	#ffff07ff
130815	L	17Networks_LH_DefaultA_pCunPCC_1	#fffe01ff
196351	L	17Networks_LH_DefaultA_pCunPCC_2	#fffe02ff
261887	L	17Networks_LH_DefaultA_pCunPCC_3	#fffe03ff
327423	L	17Networks_LH_DefaultA_pCunPCC_4	#fffe04ff
392959	L	17Networks_LH_DefaultA_pCunPCC_5	#fffe05ff
458495	L	17Networks_LH_DefaultA_pCunPCC_6	#fffe06ff
524031	L	17Networks_LH_DefaultA_pCunPCC_7	#fffe07ff
63996	L	17Networks_LH_DefaultA_pCunPCC_8	#fcf900ff
64252	L	17Networks_LH_DefaultA_pCunPCC_9	#fcfa00ff
64508	L	17Networks_LH_DefaultA_pCunPCC_10	#fcfb00ff
64764	L	17Networks_LH_DefaultA_pCunPCC_11	#fcfc00ff
65020	L	17Networks_LH_DefaultA_pCunPCC_12	#fcfd00ff
65276	L	17Networks_LH_DefaultA_pCunPCC_13	#fcfe00ff
131070	L	17Networks_LH_DefaultA_PFCm_1	#feff01ff
196606	L	17Networks_LH_DefaultA_PFCm_2	#feff02ff
262142	L	17Networks_LH_DefaultA_PFCm_3	#feff03ff
327678	L	17Networks_LH_DefaultA_PFCm_4	#feff04ff
393214	L	17Networks_LH_DefaultA_PFCm_5	#feff05ff
458750	L	17Networks_LH_DefaultA_PFCm_6	#feff06ff
524286	L	17Networks_LH_DefaultA_PFCm_7	#feff07ff
63995	L	17Networks_LH_DefaultA_PFCm_8	#fbf900ff
64251	L	17Networks_LH_DefaultA_PFCm_9	#fbfa00ff
4931277	L	17Networks_LH_DefaultB_Temp_1	#cd3e4bff
4996813	L	17Networks_LH_DefaultB_Temp_2	#cd3e4cff
5062349	L	17Networks_LH_DefaultB_Temp_3	#cd3e4dff
5193421	L	17Networks_LH_DefaultB_Temp_4	#cd3e4fff
5258957	L	17Networks_LH_DefaultB_Temp_5	#cd3e50ff
5324493	L	17Networks_LH_DefaultB_Temp_6	#cd3e51ff
5390029	L	17Networks_LH_DefaultB_Temp_7	#cd3e52ff
5455565	L	17Networks_LH_DefaultB_Temp_8	#cd3e53ff
5521101	L	17Networks_LH_DefaultB_Temp_9	#cd3e54ff
5586637	L	17Networks_LH_DefaultB_Temp_10	#cd3e55ff
5127885	L	17Networks_LH_DefaultB_IPL_1	#cd3e4eff
5652173	L	17Networks_LH_DefaultB_IPL_2	#cd3e56ff
5193677	L	17Networks_LH_DefaultB_IPL_3	#cd3f4fff
5259213	L	17Networks_LH_DefaultB_IPL_4	#cd3f50ff
5324749	L	17Networks_LH_DefaultB_IPL_5	#cd3f51ff
4931533	L	17Networks_LH_DefaultB_PFCd_1	#cd3f4bff
4997069	L	17Networks_LH_DefaultB_PFCd_2	#cd3f4cff
5062605	L	17Networks_LH_DefaultB_PFCd_3	#cd3f4dff
5390285	L	17Networks_LH_DefaultB_PFCd_4	#cd3f52ff
5455821	L	17Networks_LH_DefaultB_PFCd_5	#cd3f53ff
5521357	L	17Networks_LH_DefaultB_PFCd_6	#cd3f54ff
5586893	L	17Networks_LH_DefaultB_PFCd_7	#cd3f55ff
5128397	L	17Networks_LH_DefaultB_PFCd_8	#cd404eff
5193933	L	17Networks_LH_DefaultB_PFCd_9	#cd404fff
5259469	L	17Networks_LH_DefaultB_PFCd_10	#cd4050ff
5652429	L	17Networks_LH_DefaultB_PFCl_1	#cd3f56ff
5325005	L	17Networks_LH_DefaultB_PFCl_2	#cd4051ff
5390541	L	17Networks_LH_DefaultB_PFCl_3	#cd4052ff
4996814	L	17Networks_LH_DefaultB_PFCv_1	#ce3e4cff
5062350	L	17Networks_LH_DefaultB_PFCv_2	#ce3e4dff
5193422	L	17Networks_LH_DefaultB_PFCv_3	#ce3e4fff
5258958	L	17Networks_LH_DefaultB_PFCv_4	#ce3e50ff
5324494	L	17Networks_LH_DefaultB_PFCv_5	#ce3e51ff
5390030	L	17Networks_LH_DefaultB_PFCv_6	#ce3e52ff
5455566	L	17Networks_LH_DefaultB_PFCv_7	#ce3e53ff
8585216	L	17Networks_LH_DefaultC_IPL_1	#000083ff
8650752	L	17Networks_LH_DefaultC_IPL_2	#000084ff
8519680	L	17Networks_LH_DefaultC_Rsp_1	#000082ff
8716288	L	17Networks_LH_DefaultC_Rsp_2	#000085ff
8781824	L	17Networks_LH_DefaultC_Rsp_3	#000086ff
8847360	L	17Networks_LH_DefaultC_Rsp_4	#000087ff
8912896	L	17Networks_LH_DefaultC_Rsp_5	#000088ff
8978432	L	17Networks_LH_DefaultC_Rsp_6	#000089ff
8454400	L	17Networks_LH_DefaultC_PHC_1	#000181ff
8585472	L	17Networks_LH_DefaultC_PHC_2	#000183ff
8651008	L	17Networks_LH_DefaultC_PHC_3	#000184ff
8716544	L	17Networks_LH_DefaultC_PHC_4	#000185ff
8782080	L	17Networks_LH_DefaultC_PHC_5	#000186ff
16527372	L	17Networks_LH_TempPar_1	#0c30fcff
16592908	L	17Networks_LH_TempPar_2	#0c30fdff
16658444	L	17Networks_LH_TempPar_3	#0c30feff
16328969	L	17Networks_LH_TempPar_4	#0929f9ff
16394505	L	17Networks_LH_TempPar_5	#0929faff
16460041	L	17Networks_LH_TempPar_6	#0929fbff
16525577	L	17Networks_LH_TempPar_7	#0929fcff
16591113	L	17Networks_LH_TempPar_8	#0929fdff
16656649	L	17Networks_LH_TempPar_9	#0929feff
16722185	L	17Networks_LH_TempPar_10	#0929ffff
65793	R	Background+FreeSurfer_Defined_Medial_Wall	#010101ff
8852344	R	17Networks_RH_VisCent_Striate_1	#781387ff
8917880	R	17Networks_RH_VisCent_Striate_2	#781388ff
8983416	R	17Networks_RH_VisCent_Striate_3	#781389ff
8721016	R	17Networks_RH_VisCent_ExStr_1	#781285ff
8786552	R	17Networks_RH_VisCent_ExStr_2	#781286ff
8852088	R	17Networks_RH_VisCent_ExStr_3	#781287ff
8393592	R	17Networks_RH_VisCent_ExStr_4	#781380ff
8459128	R	17Networks_RH_VisCent_ExStr_5	#781381ff
8524664	R	17Networks_RH_VisCent_ExStr_6	#781382ff
8590200	R	17Networks_RH_VisCent_ExStr_7	#781383ff
8655736	R	17Networks_RH_VisCent_ExStr_8	#781384ff
8721272	R	17Networks_RH_VisCent_ExStr_9	#781385ff
8786808	R	17Networks_RH_VisCent_ExStr_10	#781386ff
9048952	R	17Networks_RH_VisCent_ExStr_11	#78138aff
9114488	R	17Networks_RH_VisCent_ExStr_12	#78138bff
9180024	R	17Networks_RH_VisCent_ExStr_13	#78138cff
9245560	R	17Networks_RH_VisCent_ExStr_14	#78138dff
9311096	R	17Networks_RH_VisCent_ExStr_15	#78138eff
8852600	R	17Networks_RH_VisCent_ExStr_16	#781487ff
8918136	R	17Networks_RH_VisCent_ExStr_17	#781488ff
8983672	R	17Networks_RH_VisCent_ExStr_18	#781489ff
9049208	R	17Networks_RH_VisCent_ExStr_19	#78148aff
9114744	R	17Networks_RH_VisCent_ExStr_20	#78148bff
9180280	R	17Networks_RH_VisCent_ExStr_21	#78148cff
9245816	R	17Networks_RH_VisCent_ExStr_22	#78148dff
9311352	R	17Networks_RH_VisCent_ExStr_23	#78148eff
131583	R	17Networks_RH_VisPeri_StriCal_1	#ff0102ff
197119	R	17Networks_RH_VisPeri_StriCal_2	#ff0103ff
262655	R	17Networks_RH_VisPeri_StriCal_3	#ff0104ff
328191	R	17Networks_RH_VisPeri_StriCal_4	#ff0105ff
65790	R	17Networks_RH_VisPeri_ExStrInf_1	#fe0001ff
131326	R	17Networks_RH_VisPeri_ExStrInf_2	#fe0002ff
196862	R	17Networks_RH_VisPeri_ExStrInf_3	#fe0003ff
262398	R	17Networks_RH_VisPeri_ExStrInf_4	#fe0004ff
327934	R	17Networks_RH_VisPeri_ExStrInf_5	#fe0005ff
393470	R	17Networks_RH_VisPeri_ExStrInf_6	#fe0006ff
459006	R	17Networks_RH_VisPeri_ExStrInf_7	#fe0007ff
510	R	17Networks_RH_VisPeri_ExStrInf_8	#fe0100ff
66046	R	17Networks_RH_VisPeri_ExStrInf_9	#fe0101ff
131582	R	17Networks_RH_VisPeri_ExStrInf_10	#fe0102ff
254	R	17Networks_RH_VisPeri_ExStrSup_1	#fe0000ff
524542	R	17Networks_RH_VisPeri_ExStrSup_2	#fe0008ff
197118	R	17Networks_RH_VisPeri_ExStrSup_3	#fe0103ff
262654	R	17Networks_RH_VisPeri_ExStrSup_4	#fe0104ff
328190	R	17Networks_RH_VisPeri_ExStrSup_5	#fe0105ff
393726	R	17Networks_RH_VisPeri_ExStrSup_6	#fe0106ff
459262	R	17Networks_RH_VisPeri_ExStrSup_7	#fe0107ff
524798	R	17Networks_RH_VisPeri_ExStrSup_8	#fe0108ff
66302	R	17Networks_RH_VisPeri_ExStrSup_9	#fe0201ff
131838	R	17Networks_RH_VisPeri_ExStrSup_10	#fe0202ff
11502150	R	17Networks_RH_SomMotA_1	#4682afff
11567686	R	17Networks_RH_SomMotA_2	#4682b0ff
11633222	R	17Networks_RH_SomMotA_3	#4682b1ff
11698758	R	17Networks_RH_SomMotA_4	#4682b2ff
11764294	R	17Networks_RH_SomMotA_5	#4682b3ff
11829830	R	17Networks_RH_SomMotA_6	#4682b4ff
11895366	R	17Networks_RH_SomMotA_7	#4682b5ff
11436870	R	17Networks_RH_SomMotA_8	#4683aeff
11502406	R	17Networks_RH_SomMotA_9	#4683afff
11567942	R	17Networks_RH_SomMotA_10	#4683b0ff
11633478	R	17Networks_RH_SomMotA_11	#4683b1ff
11699014	R	17Networks_RH_SomMotA_12	#4683b2ff
11764550	R	17Networks_RH_SomMotA_13	#4683b3ff
11830086	R	17Networks_RH_SomMotA_14	#4683b4ff
11961158	R	17Networks_RH_SomMotA_15	#4683b6ff
12026694	R	17Networks_RH_SomMotA_16	#4683b7ff
12092230	R	17Networks_RH_SomMotA_17	#4683b8ff
12157766	R	17Networks_RH_SomMotA_18	#4683b9ff
12223302	R	17Networks_RH_SomMotA_19	#4683baff
12288838	R	17Networks_RH_SomMotA_20	#4683bbff
12354374	R	17Networks_RH_SomMotA_21	#4683bcff
11895878	R	17Networks_RH_SomMotA_22	#4684b5ff
11961414	R	17Networks_RH_SomMotA_23	#4684b6ff
12026950	R	17Networks_RH_SomMotA_24	#4684b7ff
12092486	R	17Networks_RH_SomMotA_25	#4684b8ff
12158022	R	17Networks_RH_SomMotA_26	#4684b9ff
12223558	R	17Networks_RH_SomMotA_27	#4684baff
12289094	R	17Networks_RH_SomMotA_28	#4684bbff
12354630	R	17Networks_RH_SomMotA_29	#4684bcff
11896134	R	17Networks_RH_SomMotA_30	#4685b5ff
11961670	R	17Networks_RH_SomMotA_31	#4685b6ff
10669099	R	17Networks_RH_SomMotB_Cent_1	#2bcca2ff
10734635	R	17Networks_RH_SomMotB_Cent_2	#2bcca3ff
10800171	R	17Networks_RH_SomMotB_Cent_3	#2bcca4ff
10931243	R	17Networks_RH_SomMotB_Cent_4	#2bcca6ff
10996779	R	17Networks_RH_SomMotB_Cent_5	#2bcca7ff
11062315	R	17Networks_RH_SomMotB_Cent_6	#2bcca8ff
11127851	R	17Networks_RH_SomMotB_Cent_7	#2bcca9ff
11193387	R	17Networks_RH_SomMotB_Cent_8	#2bccaaff
11258923	R	17Networks_RH_SomMotB_Cent_9	#2bccabff
10603819	R	17Networks_RH_SomMotB_S2_1	#2bcda1ff
10669355	R	17Networks_RH_SomMotB_S2_2	#2bcda2ff
10734891	R	17Networks_RH_SomMotB_S2_3	#2bcda3ff
10865963	R	17Networks_RH_SomMotB_S2_4	#2bcda5ff
10931499	R	17Networks_RH_SomMotB_S2_5	#2bcda6ff
10997035	R	17Networks_RH_SomMotB_S2_6	#2bcda7ff
11062571	R	17Networks_RH_SomMotB_S2_7	#2bcda8ff
11128107	R	17Networks_RH_SomMotB_S2_8	#2bcda9ff
11193643	R	17Networks_RH_SomMotB_S2_9	#2bcdaaff
11259179	R	17Networks_RH_SomMotB_S2_10	#2bcdabff
11324715	R	17Networks_RH_SomMotB_Ins_1	#2bcdacff
10603562	R	17Networks_RH_SomMotB_Aud_1	#2acca1ff
10669098	R	17Networks_RH_SomMotB_Aud_2	#2acca2ff
10800170	R	17Networks_RH_SomMotB_Aud_3	#2acca4ff
10865706	R	17Networks_RH_SomMotB_Aud_4	#2acca5ff
10931242	R	17Networks_RH_SomMotB_Aud_5	#2acca6ff
10996778	R	17Networks_RH_SomMotB_Aud_6	#2acca7ff
11062314	R	17Networks_RH_SomMotB_Aud_7	#2acca8ff
11127850	R	17Networks_RH_SomMotB_Aud_8	#2acca9ff
3906634	R	17Networks_RH_DorsAttnA_TempOcc_1	#4a9c3bff
3972170	R	17Networks_RH_DorsAttnA_TempOcc_2	#4a9c3cff
4103242	R	17Networks_RH_DorsAttnA_TempOcc_3	#4a9c3eff
4168778	R	17Networks_RH_DorsAttnA_TempOcc_4	#4a9c3fff
4234314	R	17Networks_RH_DorsAttnA_TempOcc_5	#4a9c40ff
4299850	R	17Networks_RH_DorsAttnA_TempOcc_6	#4a9c41ff
4365386	R	17Networks_RH_DorsAttnA_TempOcc_7	#4a9c42ff
4430922	R	17Networks_RH_DorsAttnA_TempOcc_8	#4a9c43ff
3840843	R	17Networks_RH_DorsAttnA_ParOcc_1	#4b9b3aff
3906379	R	17Networks_RH_DorsAttnA_ParOcc_2	#4b9b3bff
4037451	R	17Networks_RH_DorsAttnA_ParOcc_3	#4b9b3dff
4102987	R	17Networks_RH_DorsAttnA_ParOcc_4	#4b9b3eff
4168523	R	17Networks_RH_DorsAttnA_ParOcc_5	#4b9b3fff
4234059	R	17Networks_RH_DorsAttnA_ParOcc_6	#4b9b40ff
4299595	R	17Networks_RH_DorsAttnA_ParOcc_7	#4b9b41ff
4365131	R	17Networks_RH_DorsAttnA_ParOcc_8	#4b9b42ff
3775307	R	17Networks_RH_DorsAttnA_SPL_1	#4b9b39ff
3971915	R	17Networks_RH_DorsAttnA_SPL_2	#4b9b3cff
4430667	R	17Networks_RH_DorsAttnA_SPL_3	#4b9b43ff
4496203	R	17Networks_RH_DorsAttnA_SPL_4	#4b9b44ff
4037707	R	17Networks_RH_DorsAttnA_SPL_5	#4b9c3dff
4103243	R	17Networks_RH_DorsAttnA_SPL_6	#4b9c3eff
4168779	R	17Networks_RH_DorsAttnA_SPL_7	#4b9c3fff
4234315	R	17Networks_RH_DorsAttnA_SPL_8	#4b9c40ff
4299851	R	17Networks_RH_DorsAttnA_SPL_9	#4b9c41ff
4365387	R	17Networks_RH_DorsAttnA_SPL_10	#4b9c42ff
4430923	R	17Networks_RH_DorsAttnA_SPL_11	#4b9c43ff
4496459	R	17Networks_RH_DorsAttnA_SPL_12	#4b9c44ff
1013249	R	17Networks_RH_DorsAttnB_TempOcc_1	#01760fff
685569	R	17Networks_RH_DorsAttnB_PostC_1	#01760aff
751105	R	17Networks_RH_DorsAttnB_PostC_2	#01760bff
816641	R	17Networks_RH_DorsAttnB_PostC_3	#01760cff
882177	R	17Networks_RH_DorsAttnB_PostC_4	#01760dff
947713	R	17Networks_RH_DorsAttnB_PostC_5	#01760eff
1078785	R	17Networks_RH_DorsAttnB_PostC_6	#017610ff
1144321	R	17Networks_RH_DorsAttnB_PostC_7	#017611ff
1209857	R	17Networks_RH_DorsAttnB_PostC_8	#017612ff
1275393	R	17Networks_RH_DorsAttnB_PostC_9	#017613ff
1340929	R	17Networks_RH_DorsAttnB_PostC_10	#017614ff
1406465	R	17Networks_RH_DorsAttnB_PostC_11	#017615ff
1472001	R	17Networks_RH_DorsAttnB_PostC_12	#017616ff
1013505	R	17Networks_RH_DorsAttnB_PostC_13	#01770fff
1079041	R	17Networks_RH_DorsAttnB_FEF_1	#017710ff
1144577	R	17Networks_RH_DorsAttnB_FEF_2	#017711ff
1210113	R	17Networks_RH_DorsAttnB_FEF_3	#017712ff
1275649	R	17Networks_RH_DorsAttnB_FEF_4	#017713ff
1341185	R	17Networks_RH_DorsAttnB_PrCv_1	#017714ff
16267972	R	17Networks_RH_SalVentAttnA_ParOper_1	#c43af8ff
16399044	R	17Networks_RH_SalVentAttnA_ParOper_2	#c43afaff
16464580	R	17Networks_RH_SalVentAttnA_ParOper_3	#c43afbff
16530116	R	17Networks_RH_SalVentAttnA_ParOper_4	#c43afcff
16595652	R	17Networks_RH_SalVentAttnA_ParOper_5	#c43afdff
16464324	R	17Networks_RH_SalVentAttnA_PrC_1	#c439fbff
16398788	R	17Networks_RH_SalVentAttnA_FrOper_1	#c439faff
16529860	R	17Networks_RH_SalVentAttnA_FrOper_2	#c439fcff
16595396	R	17Networks_RH_SalVentAttnA_FrOper_3	#c439fdff
16333507	R	17Networks_RH_SalVentAttnA_Ins_1	#c33af9ff
16464579	R	17Networks_RH_SalVentAttnA_Ins_2	#c33afbff
16530115	R	17Networks_RH_SalVentAttnA_Ins_3	#c33afcff
16595651	R	17Networks_RH_SalVentAttnA_Ins_4	#c33afdff
16661187	R	17Networks_RH_SalVentAttnA_Ins_5	#c33afeff
16726723	R	17Networks_RH_SalVentAttnA_Ins_6	#c33affff
16267971	R	17Networks_RH_SalVentAttnA_ParMed_1	#c33af8ff
16399043	R	17Networks_RH_SalVentAttnA_ParMed_2	#c33afaff
16331712	R	17Networks_RH_SalVentAttnA_ParMed_3	#c033f9ff
15873216	R	17Networks_RH_SalVentAttnA_ParMed_4	#c034f2ff
15938752	R	17Networks_RH_SalVentAttnA_ParMed_5	#c034f3ff
16333251	R	17Networks_RH_SalVentAttnA_FrMed_1	#c339f9ff
16464323	R	17Networks_RH_SalVentAttnA_FrMed_2	#c339fbff
16529859	R	17Networks_RH_SalVentAttnA_FrMed_3	#c339fcff
16595395	R	17Networks_RH_SalVentAttnA_FrMed_4	#c339fdff
16660931	R	17Networks_RH_SalVentAttnA_FrMed_5	#c339feff
16726467	R	17Networks_RH_SalVentAttnA_FrMed_6	#c339ffff
14063870	R	17Networks_RH_SalVentAttnB_IPL_1	#fe98d6ff
14129406	R	17Networks_RH_SalVentAttnB_IPL_2	#fe98d7ff
13998334	R	17Networks_RH_SalVentAttnB_PFCd_1	#fe98d5ff
13932542	R	17Networks_RH_SalVentAttnB_PFCl_1	#fe97d4ff
14063614	R	17Networks_RH_SalVentAttnB_PFCl_2	#fe97d6ff
14129150	R	17Networks_RH_SalVentAttnB_PFCl_3	#fe97d7ff
14194686	R	17Networks_RH_SalVentAttnB_PFCl_4	#fe97d8ff
14260222	R	17Networks_RH_SalVentAttnB_PFCl_5	#fe97d9ff
13998078	R	17Networks_RH_SalVentAttnB_PFClv_1	#fe97d5ff
14194942	R	17Networks_RH_SalVentAttnB_Ins_1	#fe98d8ff
14260478	R	17Networks_RH_SalVentAttnB_Ins_2	#fe98d9ff
14326014	R	17Networks_RH_SalVentAttnB_Ins_3	#fe98daff
14391550	R	17Networks_RH_SalVentAttnB_Ins_4	#fe98dbff
14457086	R	17Networks_RH_SalVentAttnB_Ins_5	#fe98dcff
14064126	R	17Networks_RH_SalVentAttnB_PFCmp_1	#fe99d6ff
14129662	R	17Networks_RH_SalVentAttnB_PFCmp_2	#fe99d7ff
14195198	R	17Networks_RH_SalVentAttnB_PFCmp_3	#fe99d8ff
13998079	R	17Networks_RH_SalVentAttnB_Cinga_1	#ff97d5ff
3114874	R	17Networks_RH_LimbicB_OFC_1	#7a872fff
3180410	R	17Networks_RH_LimbicB_OFC_2	#7a8730ff
3245946	R	17Networks_RH_LimbicB_OFC_3	#7a8731ff
3311482	R	17Networks_RH_LimbicB_OFC_4	#7a8732ff
3442554	R	17Networks_RH_LimbicB_OFC_5	#7a8734ff
3508090	R	17Networks_RH_LimbicB_OFC_6	#7a8735ff
3573626	R	17Networks_RH_LimbicB_OFC_7	#7a8736ff
3639162	R	17Networks_RH_LimbicB_OFC_8	#7a8737ff
3704698	R	17Networks_RH_LimbicB_OFC_9	#7a8738ff
3770234	R	17Networks_RH_LimbicB_OFC_10	#7a8739ff
3835770	R	17Networks_RH_LimbicB_OFC_11	#7a873aff
10549468	R	17Networks_RH_LimbicA_TempPole_1	#dcf8a0ff
10615004	R	17Networks_RH_LimbicA_TempPole_2	#dcf8a1ff
10680540	R	17Networks_RH_LimbicA_TempPole_3	#dcf8a2ff
10746076	R	17Networks_RH_LimbicA_TempPole_4	#dcf8a3ff
10811612	R	17Networks_RH_LimbicA_TempPole_5	#dcf8a4ff
10942684	R	17Networks_RH_LimbicA_TempPole_6	#dcf8a6ff
11008220	R	17Networks_RH_LimbicA_TempPole_7	#dcf8a7ff
11073756	R	17Networks_RH_LimbicA_TempPole_8	#dcf8a8ff
11139292	R	17Networks_RH_LimbicA_TempPole_9	#dcf8a9ff
11204828	R	17Networks_RH_LimbicA_TempPole_10	#dcf8aaff
11270364	R	17Networks_RH_LimbicA_TempPole_11	#dcf8abff
11335900	R	17Networks_RH_LimbicA_TempPole_12	#dcf8acff
10877404	R	17Networks_RH_LimbicA_TempPole_13	#dcf9a5ff
2266342	R	17Networks_RH_ContA_Temp_1	#e69422ff
2331878	R	17Networks_RH_ContA_Temp_2	#e69423ff
2135014	R	17Networks_RH_ContA_IPS_1	#e69320ff
2200550	R	17Networks_RH_ContA_IPS_2	#e69321ff
2331622	R	17Networks_RH_ContA_IPS_3	#e69323ff
2397158	R	17Networks_RH_ContA_IPS_4	#e69324ff
2462694	R	17Networks_RH_ContA_IPS_5	#e69325ff
2528230	R	17Networks_RH_ContA_IPS_6	#e69326ff
2593766	R	17Networks_RH_ContA_IPS_7	#e69327ff
2266086	R	17Networks_RH_ContA_PFCd_1	#e69322ff
2659302	R	17Networks_RH_ContA_PFCd_2	#e69328ff
2200806	R	17Networks_RH_ContA_PFCd_3	#e69421ff
2069733	R	17Networks_RH_ContA_PFCl_1	#e5941fff
2135269	R	17Networks_RH_ContA_PFCl_2	#e59420ff
2200805	R	17Networks_RH_ContA_PFCl_3	#e59421ff
2331877	R	17Networks_RH_ContA_PFCl_4	#e59423ff
2397413	R	17Networks_RH_ContA_PFCl_5	#e59424ff
2462949	R	17Networks_RH_ContA_PFCl_6	#e59425ff
2528485	R	17Networks_RH_ContA_PFCl_7	#e59426ff
2594021	R	17Networks_RH_ContA_PFCl_8	#e59427ff
2659557	R	17Networks_RH_ContA_PFCl_9	#e59428ff
2266341	R	17Networks_RH_ContA_Cingm_1	#e59422ff
2201061	R	17Networks_RH_ContA_Cingm_2	#e59521ff
4993928	R	17Networks_RH_ContB_Temp_1	#88334cff
5059464	R	17Networks_RH_ContB_Temp_2	#88334dff
5125000	R	17Networks_RH_ContB_Temp_3	#88334eff
5190536	R	17Networks_RH_ContB_Temp_4	#88334fff
4665991	R	17Networks_RH_ContB_IPL_1	#873247ff
4731527	R	17Networks_RH_ContB_IPL_2	#873248ff
4862599	R	17Networks_RH_ContB_IPL_3	#87324aff
4928135	R	17Networks_RH_ContB_IPL_4	#87324bff
4993671	R	17Networks_RH_ContB_IPL_5	#87324cff
5059207	R	17Networks_RH_ContB_IPL_6	#87324dff
5124743	R	17Networks_RH_ContB_IPL_7	#87324eff
4731271	R	17Networks_RH_ContB_PFCld_1	#873148ff
4796807	R	17Networks_RH_ContB_PFCld_2	#873149ff
4927879	R	17Networks_RH_ContB_PFCld_3	#87314bff
4993415	R	17Networks_RH_ContB_PFCld_4	#87314cff
5058951	R	17Networks_RH_ContB_PFCld_5	#87314dff
5124487	R	17Networks_RH_ContB_PFCld_6	#87314eff
5190023	R	17Networks_RH_ContB_PFCld_7	#87314fff
5255559	R	17Networks_RH_ContB_PFCld_8	#873150ff
4665735	R	17Networks_RH_ContB_PFClv_1	#873147ff
4862343	R	17Networks_RH_ContB_PFClv_2	#87314aff
4797063	R	17Networks_RH_ContB_PFClv_3	#873249ff
5190279	R	17Networks_RH_ContB_PFClv_4	#87324fff
5255815	R	17Networks_RH_ContB_PFClv_5	#873250ff
4797319	R	17Networks_RH_ContB_PFClv_6	#873349ff
4862855	R	17Networks_RH_ContB_PFClv_7	#87334aff
4928134	R	17Networks_RH_ContB_PFCmp_1	#86324bff
11373943	R	17Networks_RH_ContC_pCun_1	#778dadff
11439479	R	17Networks_RH_ContC_pCun_2	#778daeff
11505015	R	17Networks_RH_ContC_pCun_3	#778dafff
11636087	R	17Networks_RH_ContC_pCun_4	#778db1ff
11701623	R	17Networks_RH_ContC_pCun_5	#778db2ff
11767159	R	17Networks_RH_ContC_pCun_6	#778db3ff
11832695	R	17Networks_RH_ContC_pCun_7	#778db4ff
11898231	R	17Networks_RH_ContC_pCun_8	#778db5ff
11963767	R	17Networks_RH_ContC_pCun_9	#778db6ff
12029303	R	17Networks_RH_ContC_pCun_10	#778db7ff
12094839	R	17Networks_RH_ContC_Cingp_1	#778db8ff
11636343	R	17Networks_RH_ContC_Cingp_2	#778eb1ff
196606	R	17Networks_RH_DefaultA_Temp_1	#feff02ff
65279	R	17Networks_RH_DefaultA_IPL_1	#fffe00ff
196351	R	17Networks_RH_DefaultA_IPL_2	#fffe02ff
261887	R	17Networks_RH_DefaultA_IPL_3	#fffe03ff
327423	R	17Networks_RH_DefaultA_IPL_4	#fffe04ff
392959	R	17Networks_RH_DefaultA_IPL_5	#fffe05ff
458495	R	17Networks_RH_DefaultA_IPL_6	#fffe06ff
262143	R	17Networks_RH_DefaultA_PFCd_1	#ffff03ff
327679	R	17Networks_RH_DefaultA_PFCd_2	#ffff04ff
393215	R	17Networks_RH_DefaultA_PFCd_3	#ffff05ff
130559	R	17Networks_RH_DefaultA_pCunPCC_1	#fffd01ff
196095	R	17Networks_RH_DefaultA_pCunPCC_2	#fffd02ff
261631	R	17Networks_RH_DefaultA_pCunPCC_3	#fffd03ff
327167	R	17Networks_RH_DefaultA_pCunPCC_4	#fffd04ff
392703	R	17Networks_RH_DefaultA_pCunPCC_5	#fffd05ff
458239	R	17Networks_RH_DefaultA_pCunPCC_6	#fffd06ff
523775	R	17Networks_RH_DefaultA_pCunPCC_7	#fffd07ff
130815	R	17Networks_RH_DefaultA_pCunPCC_8	#fffe01ff
524031	R	17Networks_RH_DefaultA_pCunPCC_9	#fffe07ff
65535	R	17Networks_RH_DefaultA_pCunPCC_10	#ffff00ff
131069	R	17Networks_RH_DefaultA_PFCm_1	#fdff01ff
196605	R	17Networks_RH_DefaultA_PFCm_2	#fdff02ff
262141	R	17Networks_RH_DefaultA_PFCm_3	#fdff03ff
327677	R	17Networks_RH_DefaultA_PFCm_4	#fdff04ff
393213	R	17Networks_RH_DefaultA_PFCm_5	#fdff05ff
458749	R	17Networks_RH_DefaultA_PFCm_6	#fdff06ff
524285	R	17Networks_RH_DefaultA_PFCm_7	#fdff07ff
63994	R	17Networks_RH_DefaultA_PFCm_8	#faf900ff
5258958	R	17Networks_RH_DefaultB_Temp_1	#ce3e50ff
5324494	R	17Networks_RH_DefaultB_Temp_2	#ce3e51ff
5193678	R	17Networks_RH_DefaultB_AntTemp_1	#ce3f4fff
5259214	R	17Networks_RH_DefaultB_AntTemp_2	#ce3f50ff
5324750	R	17Networks_RH_DefaultB_AntTemp_3	#ce3f51ff
5390286	R	17Networks_RH_DefaultB_AntTemp_4	#ce3f52ff
5128142	R	17Networks_RH_DefaultB_PFCd_1	#ce3f4eff
5455822	R	17Networks_RH_DefaultB_PFCd_2	#ce3f53ff
5521358	R	17Networks_RH_DefaultB_PFCd_3	#ce3f54ff
5586894	R	17Networks_RH_DefaultB_PFCd_4	#ce3f55ff
5652430	R	17Networks_RH_DefaultB_PFCd_5	#ce3f56ff
5127885	R	17Networks_RH_DefaultB_PFCv_1	#cd3e4eff
5193421	R	17Networks_RH_DefaultB_PFCv_2	#cd3e4fff
5258957	R	17Networks_RH_DefaultB_PFCv_3	#cd3e50ff
5324493	R	17Networks_RH_DefaultB_PFCv_4	#cd3e51ff
8651008	R	17Networks_RH_DefaultC_IPL_1	#000184ff
8585217	R	17Networks_RH_DefaultC_Rsp_1	#010083ff
8650753	R	17Networks_RH_DefaultC_Rsp_2	#010084ff
8716289	R	17Networks_RH_DefaultC_Rsp_3	#010085ff
8781825	R	17Networks_RH_DefaultC_PHC_1	#010086ff
8847361	R	17Networks_RH_DefaultC_PHC_2	#010087ff
8912897	R	17Networks_RH_DefaultC_PHC_3	#010088ff
16330764	R	17Networks_RH_TempPar_1	#0c30f9ff
16396300	R	17Networks_RH_TempPar_2	#0c30faff
16461836	R	17Networks_RH_TempPar_3	#0c30fbff
16527372	R	17Networks_RH_TempPar_4	#0c30fcff
16592908	R	17Networks_RH_TempPar_5	#0c30fdff
16723980	R	17Networks_RH_TempPar_6	#0c30ffff
16394505	R	17Networks_RH_TempPar_7	#0929faff
16460041	R	17Networks_RH_TempPar_8	#0929fbff
16525577	R	17Networks_RH_TempPar_9	#0929fcff
16591113	R	17Networks_RH_TempPar_10	#0929fdff
16656649	R	17Networks_RH_TempPar_11	#0929feff
16198153	R	17Networks_RH_TempPar_12	#092af7ff
16263689	R	17Networks_RH_TempPar_13	#092af8ff
16329225	R	17Networks_RH_TempPar_14	#092af9ff
