index	hemi	name	color
65793	L	Background+FreeSurfer_Defined_Medial_Wall	#010101ff
8589944	L	17Networks_LH_VisCent_ExStr_1	#781283ff
8655480	L	17Networks_LH_VisCent_ExStr_2	#781284ff
8721016	L	17Networks_LH_VisCent_ExStr_3	#781285ff
8786552	L	17Networks_LH_VisCent_ExStr_4	#781286ff
8917624	L	17Networks_LH_VisCent_ExStr_5	#781288ff
8983160	L	17Networks_LH_VisCent_ExStr_6	#781289ff
9048696	L	17Networks_LH_VisCent_Striate_1	#78128aff
9114232	L	17Networks_LH_VisCent_ExStr_7	#78128bff
9179768	L	17Networks_LH_VisCent_ExStr_8	#78128cff
9245304	L	17Networks_LH_VisCent_ExStr_9	#78128dff
9310840	L	17Networks_LH_VisCent_ExStr_10	#78128eff
8852344	L	17Networks_LH_VisCent_ExStr_11	#781387ff
66047	L	17Networks_LH_VisPeri_ExStrInf_1	#ff0101ff
131583	L	17Networks_LH_VisPeri_ExStrInf_2	#ff0102ff
197119	L	17Networks_LH_VisPeri_ExStrInf_3	#ff0103ff
262655	L	17Networks_LH_VisPeri_ExStrInf_4	#ff0104ff
328191	L	17Networks_LH_VisPeri_ExStrInf_5	#ff0105ff
393727	L	17Networks_LH_VisPeri_StriCal_1	#ff0106ff
459263	L	17Networks_LH_VisPeri_StriCal_2	#ff0107ff
767	L	17Networks_LH_VisPeri_ExStrSup_1	#ff0200ff
66303	L	17Networks_LH_VisPeri_ExStrSup_2	#ff0201ff
131839	L	17Networks_LH_VisPeri_ExStrSup_3	#ff0202ff
197375	L	17Networks_LH_VisPeri_ExStrSup_4	#ff0203ff
262911	L	17Networks_LH_VisPeri_ExStrSup_5	#ff0204ff
11829574	L	17Networks_LH_SomMotA_1	#4681b4ff
11371078	L	17Networks_LH_SomMotA_2	#4682adff
11436614	L	17Networks_LH_SomMotA_3	#4682aeff
11502150	L	17Networks_LH_SomMotA_4	#4682afff
11567686	L	17Networks_LH_SomMotA_5	#4682b0ff
11633222	L	17Networks_LH_SomMotA_6	#4682b1ff
11698758	L	17Networks_LH_SomMotA_7	#4682b2ff
11764294	L	17Networks_LH_SomMotA_8	#4682b3ff
11895366	L	17Networks_LH_SomMotA_9	#4682b5ff
11960902	L	17Networks_LH_SomMotA_10	#4682b6ff
12026438	L	17Networks_LH_SomMotA_11	#4682b7ff
12091974	L	17Networks_LH_SomMotA_12	#4682b8ff
12157510	L	17Networks_LH_SomMotA_13	#4682b9ff
12223046	L	17Networks_LH_SomMotA_14	#4682baff
12288582	L	17Networks_LH_SomMotA_15	#4682bbff
11830086	L	17Networks_LH_SomMotA_16	#4683b4ff
11895622	L	17Networks_LH_SomMotA_17	#4683b5ff
11961158	L	17Networks_LH_SomMotA_18	#4683b6ff
12026694	L	17Networks_LH_SomMotA_19	#4683b7ff
10406955	L	17Networks_LH_SomMotB_Aud_1	#2bcc9eff
10472491	L	17Networks_LH_SomMotB_Aud_2	#2bcc9fff
10538027	L	17Networks_LH_SomMotB_Ins_1	#2bcca0ff
10603563	L	17Networks_LH_SomMotB_S2_1	#2bcca1ff
10669099	L	17Networks_LH_SomMotB_S2_2	#2bcca2ff
10734635	L	17Networks_LH_SomMotB_Aud_3	#2bcca3ff
10865707	L	17Networks_LH_SomMotB_Aud_4	#2bcca5ff
10931243	L	17Networks_LH_SomMotB_S2_3	#2bcca6ff
10996779	L	17Networks_LH_SomMotB_S2_4	#2bcca7ff
11062315	L	17Networks_LH_SomMotB_S2_5	#2bcca8ff
11127851	L	17Networks_LH_SomMotB_S2_6	#2bcca9ff
11193387	L	17Networks_LH_SomMotB_Cent_1	#2bccaaff
11258923	L	17Networks_LH_SomMotB_Cent_2	#2bccabff
10800427	L	17Networks_LH_SomMotB_Cent_3	#2bcda4ff
10865963	L	17Networks_LH_SomMotB_Cent_4	#2bcda5ff
10931499	L	17Networks_LH_SomMotB_Cent_5	#2bcda6ff
4037450	L	17Networks_LH_DorsAttnA_TempOcc_1	#4a9b3dff
4102986	L	17Networks_LH_DorsAttnA_TempOcc_2	#4a9b3eff
4168522	L	17Networks_LH_DorsAttnA_TempOcc_3	#4a9b3fff
4234058	L	17Networks_LH_DorsAttnA_TempOcc_4	#4a9b40ff
4299594	L	17Networks_LH_DorsAttnA_ParOcc_1	#4a9b41ff
3841098	L	17Networks_LH_DorsAttnA_ParOcc_2	#4a9c3aff
3906634	L	17Networks_LH_DorsAttnA_SPL_1	#4a9c3bff
4037706	L	17Networks_LH_DorsAttnA_SPL_2	#4a9c3dff
4103242	L	17Networks_LH_DorsAttnA_SPL_3	#4a9c3eff
4168778	L	17Networks_LH_DorsAttnA_SPL_4	#4a9c3fff
4234314	L	17Networks_LH_DorsAttnA_SPL_5	#4a9c40ff
4299850	L	17Networks_LH_DorsAttnA_SPL_6	#4a9c41ff
4365386	L	17Networks_LH_DorsAttnA_SPL_7	#4a9c42ff
816640	L	17Networks_LH_DorsAttnB_PostC_1	#00760cff
882176	L	17Networks_LH_DorsAttnB_PostC_2	#00760dff
947712	L	17Networks_LH_DorsAttnB_PostC_3	#00760eff
1078784	L	17Networks_LH_DorsAttnB_PostC_4	#007610ff
1144320	L	17Networks_LH_DorsAttnB_PostC_5	#007611ff
1209856	L	17Networks_LH_DorsAttnB_PostC_6	#007612ff
1275392	L	17Networks_LH_DorsAttnB_PostC_7	#007613ff
1340928	L	17Networks_LH_DorsAttnB_PostC_8	#007614ff
1406464	L	17Networks_LH_DorsAttnB_PostC_9	#007615ff
1013504	L	17Networks_LH_DorsAttnB_FEF_1	#00770fff
1079040	L	17Networks_LH_DorsAttnB_FEF_2	#007710ff
1144576	L	17Networks_LH_DorsAttnB_FEF_3	#007711ff
1210112	L	17Networks_LH_DorsAttnB_PrCv_1	#007712ff
16464580	L	17Networks_LH_SalVentAttnA_ParOper_1	#c43afbff
16530116	L	17Networks_LH_SalVentAttnA_ParOper_2	#c43afcff
16595652	L	17Networks_LH_SalVentAttnA_ParOper_3	#c43afdff
16333764	L	17Networks_LH_SalVentAttnA_Ins_1	#c43bf9ff
16464836	L	17Networks_LH_SalVentAttnA_Ins_2	#c43bfbff
16530372	L	17Networks_LH_SalVentAttnA_Ins_3	#c43bfcff
16595908	L	17Networks_LH_SalVentAttnA_Ins_4	#c43bfdff
16661444	L	17Networks_LH_SalVentAttnA_FrOper_1	#c43bfeff
16726980	L	17Networks_LH_SalVentAttnA_FrOper_2	#c43bffff
16331969	L	17Networks_LH_SalVentAttnA_ParMed_1	#c134f9ff
16397505	L	17Networks_LH_SalVentAttnA_ParMed_2	#c134faff
16463041	L	17Networks_LH_SalVentAttnA_ParMed_3	#c134fbff
16464581	L	17Networks_LH_SalVentAttnA_FrMed_1	#c53afbff
16530117	L	17Networks_LH_SalVentAttnA_FrMed_2	#c53afcff
16595653	L	17Networks_LH_SalVentAttnA_FrMed_3	#c53afdff
14064127	L	17Networks_LH_SalVentAttnB_PFCl_1	#ff99d6ff
14129663	L	17Networks_LH_SalVentAttnB_PFCl_2	#ff99d7ff
14195199	L	17Networks_LH_SalVentAttnB_PFCl_3	#ff99d8ff
14260735	L	17Networks_LH_SalVentAttnB_Ins_1	#ff99d9ff
14326271	L	17Networks_LH_SalVentAttnB_Ins_2	#ff99daff
14391807	L	17Networks_LH_SalVentAttnB_Ins_3	#ff99dbff
13998335	L	17Networks_LH_SalVentAttnB_OFC_1	#ff98d5ff
14063615	L	17Networks_LH_SalVentAttnB_PFCmp_1	#ff97d6ff
3245946	L	17Networks_LH_LimbicB_OFC_1	#7a8731ff
3377018	L	17Networks_LH_LimbicB_OFC_2	#7a8733ff
3442554	L	17Networks_LH_LimbicB_OFC_3	#7a8734ff
3508090	L	17Networks_LH_LimbicB_OFC_4	#7a8735ff
3573626	L	17Networks_LH_LimbicB_OFC_5	#7a8736ff
10680540	L	17Networks_LH_LimbicA_TempPole_1	#dcf8a2ff
10746076	L	17Networks_LH_LimbicA_TempPole_2	#dcf8a3ff
10877148	L	17Networks_LH_LimbicA_TempPole_3	#dcf8a5ff
10942684	L	17Networks_LH_LimbicA_TempPole_4	#dcf8a6ff
11008220	L	17Networks_LH_LimbicA_TempPole_5	#dcf8a7ff
11073756	L	17Networks_LH_LimbicA_TempPole_6	#dcf8a8ff
11139292	L	17Networks_LH_LimbicA_TempPole_7	#dcf8a9ff
2331878	L	17Networks_LH_ContA_Temp_1	#e69423ff
2266342	L	17Networks_LH_ContA_IPS_1	#e69422ff
2397414	L	17Networks_LH_ContA_IPS_2	#e69424ff
2462950	L	17Networks_LH_ContA_IPS_3	#e69425ff
2528486	L	17Networks_LH_ContA_IPS_4	#e69426ff
2594022	L	17Networks_LH_ContA_IPS_5	#e69427ff
2332134	L	17Networks_LH_ContA_PFCd_1	#e69523ff
2266598	L	17Networks_LH_ContA_PFClv_1	#e69522ff
2397670	L	17Networks_LH_ContA_PFClv_2	#e69524ff
2463206	L	17Networks_LH_ContA_PFCl_1	#e69525ff
2528742	L	17Networks_LH_ContA_PFCl_2	#e69526ff
2594278	L	17Networks_LH_ContA_PFCl_3	#e69527ff
2397415	L	17Networks_LH_ContA_Cingm_1	#e79424ff
4928135	L	17Networks_LH_ContB_Temp_1	#87324bff
4993671	L	17Networks_LH_ContB_Temp_2	#87324cff
5059207	L	17Networks_LH_ContB_IPL_1	#87324dff
5124743	L	17Networks_LH_ContB_IPL_2	#87324eff
5190279	L	17Networks_LH_ContB_IPL_3	#87324fff
4928391	L	17Networks_LH_ContB_PFCd_1	#87334bff
4928136	L	17Networks_LH_ContB_PFClv_1	#88324bff
4993672	L	17Networks_LH_ContB_PFClv_2	#88324cff
5059208	L	17Networks_LH_ContB_PFClv_3	#88324dff
5124744	L	17Networks_LH_ContB_PFCmp_1	#88324eff
11635831	L	17Networks_LH_ContC_pCun_1	#778cb1ff
11701367	L	17Networks_LH_ContC_pCun_2	#778cb2ff
11766903	L	17Networks_LH_ContC_pCun_3	#778cb3ff
11832439	L	17Networks_LH_ContC_Cingp_1	#778cb4ff
11897975	L	17Networks_LH_ContC_Cingp_2	#778cb5ff
131071	L	17Networks_LH_DefaultA_IPL_1	#ffff01ff
196607	L	17Networks_LH_DefaultA_IPL_2	#ffff02ff
262143	L	17Networks_LH_DefaultA_PFCd_1	#ffff03ff
327679	L	17Networks_LH_DefaultA_PFCd_2	#ffff04ff
393215	L	17Networks_LH_DefaultA_PFCd_3	#ffff05ff
130815	L	17Networks_LH_DefaultA_pCunPCC_1	#fffe01ff
196351	L	17Networks_LH_DefaultA_pCunPCC_2	#fffe02ff
261887	L	17Networks_LH_DefaultA_pCunPCC_3	#fffe03ff
327423	L	17Networks_LH_DefaultA_pCunPCC_4	#fffe04ff
392959	L	17Networks_LH_DefaultA_pCunPCC_5	#fffe05ff
458495	L	17Networks_LH_DefaultA_pCunPCC_6	#fffe06ff
524031	L	17Networks_LH_DefaultA_pCunPCC_7	#fffe07ff
131070	L	17Networks_LH_DefaultA_PFCm_1	#feff01ff
196606	L	17Networks_LH_DefaultA_PFCm_2	#feff02ff
262142	L	17Networks_LH_DefaultA_PFCm_3	#feff03ff
327678	L	17Networks_LH_DefaultA_PFCm_4	#feff04ff
393214	L	17Networks_LH_DefaultA_PFCm_5	#feff05ff
458750	L	17Networks_LH_DefaultA_PFCm_6	#feff06ff
5062349	L	17Networks_LH_DefaultB_Temp_1	#cd3e4dff
5193421	L	17Networks_LH_DefaultB_Temp_2	#cd3e4fff
5258957	L	17Networks_LH_DefaultB_Temp_3	#cd3e50ff
5324493	L	17Networks_LH_DefaultB_Temp_4	#cd3e51ff
5390029	L	17Networks_LH_DefaultB_Temp_5	#cd3e52ff
5455565	L	17Networks_LH_DefaultB_Temp_6	#cd3e53ff
5521101	L	17Networks_LH_DefaultB_IPL_1	#cd3e54ff
5586637	L	17Networks_LH_DefaultB_IPL_2	#cd3e55ff
5062605	L	17Networks_LH_DefaultB_PFCd_1	#cd3f4dff
5193677	L	17Networks_LH_DefaultB_PFCd_2	#cd3f4fff
5259213	L	17Networks_LH_DefaultB_PFCd_3	#cd3f50ff
5324749	L	17Networks_LH_DefaultB_PFCd_4	#cd3f51ff
5390285	L	17Networks_LH_DefaultB_PFCd_5	#cd3f52ff
5455821	L	17Networks_LH_DefaultB_PFCd_6	#cd3f53ff
5521357	L	17Networks_LH_DefaultB_PFCl_1	#cd3f54ff
5586893	L	17Networks_LH_DefaultB_PFCl_2	#cd3f55ff
5062350	L	17Networks_LH_DefaultB_PFCv_1	#ce3e4dff
5193422	L	17Networks_LH_DefaultB_PFCv_2	#ce3e4fff
5258958	L	17Networks_LH_DefaultB_PFCv_3	#ce3e50ff
5324494	L	17Networks_LH_DefaultB_PFCv_4	#ce3e51ff
5390030	L	17Networks_LH_DefaultB_PFCv_5	#ce3e52ff
8585216	L	17Networks_LH_DefaultC_IPL_1	#000083ff
8650752	L	17Networks_LH_DefaultC_Rsp_1	#000084ff
8716288	L	17Networks_LH_DefaultC_Rsp_2	#000085ff
8781824	L	17Networks_LH_DefaultC_Rsp_3	#000086ff
8585472	L	17Networks_LH_DefaultC_PHC_1	#000183ff
8651008	L	17Networks_LH_DefaultC_PHC_2	#000184ff
8716544	L	17Networks_LH_DefaultC_PHC_3	#000185ff
16658444	L	17Networks_LH_TempPar_1	#0c30feff
16328969	L	17Networks_LH_TempPar_2	#0929f9ff
16394505	L	17Networks_LH_TempPar_3	#0929faff
16460041	L	17Networks_LH_TempPar_4	#0929fbff
16525577	L	17Networks_LH_TempPar_5	#0929fcff
16591113	L	17Networks_LH_TempPar_6	#0929fdff
65793	R	Background+FreeSurfer_Defined_Medial_Wall	#010101ff
8590204	R	17Networks_RH_VisCent_ExStr_1	#7c1383ff
8655740	R	17Networks_RH_VisCent_ExStr_2	#7c1384ff
8721276	R	17Networks_RH_VisCent_ExStr_3	#7c1385ff
8786812	R	17Networks_RH_VisCent_ExStr_4	#7c1386ff
8917884	R	17Networks_RH_VisCent_ExStr_5	#7c1388ff
8983420	R	17Networks_RH_VisCent_ExStr_6	#7c1389ff
9048956	R	17Networks_RH_VisCent_Striate_1	#7c138aff
9114492	R	17Networks_RH_VisCent_ExStr_7	#7c138bff
9180028	R	17Networks_RH_VisCent_ExStr_8	#7c138cff
9245564	R	17Networks_RH_VisCent_ExStr_9	#7c138dff
9311100	R	17Networks_RH_VisCent_ExStr_10	#7c138eff
8852604	R	17Networks_RH_VisCent_ExStr_11	#7c1487ff
250	R	17Networks_RH_VisPeri_ExStrInf_1	#fa0000ff
131322	R	17Networks_RH_VisPeri_ExStrInf_2	#fa0002ff
196858	R	17Networks_RH_VisPeri_ExStrInf_3	#fa0003ff
262394	R	17Networks_RH_VisPeri_ExStrInf_4	#fa0004ff
327930	R	17Networks_RH_VisPeri_ExStrInf_5	#fa0005ff
393466	R	17Networks_RH_VisPeri_StriCal_1	#fa0006ff
459002	R	17Networks_RH_VisPeri_StriCal_2	#fa0007ff
524538	R	17Networks_RH_VisPeri_ExStrSup_1	#fa0008ff
66042	R	17Networks_RH_VisPeri_ExStrSup_2	#fa0101ff
131578	R	17Networks_RH_VisPeri_ExStrSup_3	#fa0102ff
197114	R	17Networks_RH_VisPeri_ExStrSup_4	#fa0103ff
11895370	R	17Networks_RH_SomMotA_1	#4a82b5ff
11436874	R	17Networks_RH_SomMotA_2	#4a83aeff
11502410	R	17Networks_RH_SomMotA_3	#4a83afff
11567946	R	17Networks_RH_SomMotA_4	#4a83b0ff
11633482	R	17Networks_RH_SomMotA_5	#4a83b1ff
11699018	R	17Networks_RH_SomMotA_6	#4a83b2ff
11764554	R	17Networks_RH_SomMotA_7	#4a83b3ff
11830090	R	17Networks_RH_SomMotA_8	#4a83b4ff
11961162	R	17Networks_RH_SomMotA_9	#4a83b6ff
12026698	R	17Networks_RH_SomMotA_10	#4a83b7ff
12092234	R	17Networks_RH_SomMotA_11	#4a83b8ff
12157770	R	17Networks_RH_SomMotA_12	#4a83b9ff
12223306	R	17Networks_RH_SomMotA_13	#4a83baff
12288842	R	17Networks_RH_SomMotA_14	#4a83bbff
12354378	R	17Networks_RH_SomMotA_15	#4a83bcff
11895882	R	17Networks_RH_SomMotA_16	#4a84b5ff
11961418	R	17Networks_RH_SomMotA_17	#4a84b6ff
12026954	R	17Networks_RH_SomMotA_18	#4a84b7ff
12092490	R	17Networks_RH_SomMotA_19	#4a84b8ff
12158026	R	17Networks_RH_SomMotA_20	#4a84b9ff
10407215	R	17Networks_RH_SomMotB_Aud_1	#2fcd9eff
10472751	R	17Networks_RH_SomMotB_Aud_2	#2fcd9fff
10538287	R	17Networks_RH_SomMotB_Ins_1	#2fcda0ff
10603823	R	17Networks_RH_SomMotB_S2_1	#2fcda1ff
10669359	R	17Networks_RH_SomMotB_S2_2	#2fcda2ff
10734895	R	17Networks_RH_SomMotB_Aud_3	#2fcda3ff
10865967	R	17Networks_RH_SomMotB_S2_3	#2fcda5ff
10931503	R	17Networks_RH_SomMotB_S2_4	#2fcda6ff
10997039	R	17Networks_RH_SomMotB_S2_5	#2fcda7ff
11062575	R	17Networks_RH_SomMotB_S2_6	#2fcda8ff
11128111	R	17Networks_RH_SomMotB_S2_7	#2fcda9ff
11193647	R	17Networks_RH_SomMotB_S2_8	#2fcdaaff
11259183	R	17Networks_RH_SomMotB_Cent_1	#2fcdabff
10800687	R	17Networks_RH_SomMotB_Cent_2	#2fcea4ff
10866223	R	17Networks_RH_SomMotB_Cent_3	#2fcea5ff
3972174	R	17Networks_RH_DorsAttnA_TempOcc_1	#4e9c3cff
4103246	R	17Networks_RH_DorsAttnA_TempOcc_2	#4e9c3eff
4168782	R	17Networks_RH_DorsAttnA_TempOcc_3	#4e9c3fff
4234318	R	17Networks_RH_DorsAttnA_ParOcc_1	#4e9c40ff
4299854	R	17Networks_RH_DorsAttnA_ParOcc_2	#4e9c41ff
3840847	R	17Networks_RH_DorsAttnA_ParOcc_3	#4f9b3aff
3906383	R	17Networks_RH_DorsAttnA_SPL_1	#4f9b3bff
3971919	R	17Networks_RH_DorsAttnA_SPL_2	#4f9b3cff
4102991	R	17Networks_RH_DorsAttnA_SPL_3	#4f9b3eff
4168527	R	17Networks_RH_DorsAttnA_SPL_4	#4f9b3fff
4234063	R	17Networks_RH_DorsAttnA_SPL_5	#4f9b40ff
4299599	R	17Networks_RH_DorsAttnA_SPL_6	#4f9b41ff
4365135	R	17Networks_RH_DorsAttnA_SPL_7	#4f9b42ff
4430671	R	17Networks_RH_DorsAttnA_SPL_8	#4f9b43ff
1013253	R	17Networks_RH_DorsAttnB_TempOcc_1	#05760fff
882181	R	17Networks_RH_DorsAttnB_PostC_1	#05760dff
947717	R	17Networks_RH_DorsAttnB_PostC_2	#05760eff
1078789	R	17Networks_RH_DorsAttnB_PostC_3	#057610ff
1144325	R	17Networks_RH_DorsAttnB_PostC_4	#057611ff
1209861	R	17Networks_RH_DorsAttnB_PostC_5	#057612ff
1275397	R	17Networks_RH_DorsAttnB_PostC_6	#057613ff
1340933	R	17Networks_RH_DorsAttnB_PostC_7	#057614ff
1406469	R	17Networks_RH_DorsAttnB_PostC_8	#057615ff
1013509	R	17Networks_RH_DorsAttnB_FEF_1	#05770fff
1079045	R	17Networks_RH_DorsAttnB_FEF_2	#057710ff
1144581	R	17Networks_RH_DorsAttnB_FEF_3	#057711ff
16399048	R	17Networks_RH_SalVentAttnA_ParOper_1	#c83afaff
16464584	R	17Networks_RH_SalVentAttnA_ParOper_2	#c83afbff
16530120	R	17Networks_RH_SalVentAttnA_ParOper_3	#c83afcff
16464328	R	17Networks_RH_SalVentAttnA_PrC_1	#c839fbff
16267975	R	17Networks_RH_SalVentAttnA_Ins_1	#c73af8ff
16333511	R	17Networks_RH_SalVentAttnA_Ins_2	#c73af9ff
16464583	R	17Networks_RH_SalVentAttnA_Ins_3	#c73afbff
16530119	R	17Networks_RH_SalVentAttnA_Ins_4	#c73afcff
16595655	R	17Networks_RH_SalVentAttnA_FrOper_1	#c73afdff
16661191	R	17Networks_RH_SalVentAttnA_FrOper_2	#c73afeff
16726727	R	17Networks_RH_SalVentAttnA_FrOper_3	#c73affff
16202439	R	17Networks_RH_SalVentAttnA_FrMed_1	#c73af7ff
16399047	R	17Networks_RH_SalVentAttnA_ParMed_1	#c73afaff
16331716	R	17Networks_RH_SalVentAttnA_ParMed_2	#c433f9ff
15873220	R	17Networks_RH_SalVentAttnA_FrMed_2	#c434f2ff
15938756	R	17Networks_RH_SalVentAttnA_ParMed_3	#c434f3ff
16004292	R	17Networks_RH_SalVentAttnA_ParMed_4	#c434f4ff
16069828	R	17Networks_RH_SalVentAttnA_FrMed_3	#c434f5ff
16135364	R	17Networks_RH_SalVentAttnA_FrMed_4	#c434f6ff
14063866	R	17Networks_RH_SalVentAttnB_IPL_1	#fa98d6ff
14063610	R	17Networks_RH_SalVentAttnB_PFClv_1	#fa97d6ff
14129146	R	17Networks_RH_SalVentAttnB_PFCl_1	#fa97d7ff
14194682	R	17Networks_RH_SalVentAttnB_PFCl_2	#fa97d8ff
14260218	R	17Networks_RH_SalVentAttnB_PFCl_3	#fa97d9ff
14129402	R	17Networks_RH_SalVentAttnB_Ins_1	#fa98d7ff
14194938	R	17Networks_RH_SalVentAttnB_Ins_2	#fa98d8ff
14064122	R	17Networks_RH_SalVentAttnB_PFCmp_1	#fa99d6ff
14129658	R	17Networks_RH_SalVentAttnB_PFCmp_2	#fa99d7ff
3311486	R	17Networks_RH_LimbicB_OFC_1	#7e8732ff
3442558	R	17Networks_RH_LimbicB_OFC_2	#7e8734ff
3508094	R	17Networks_RH_LimbicB_OFC_3	#7e8735ff
3573630	R	17Networks_RH_LimbicB_OFC_4	#7e8736ff
3639166	R	17Networks_RH_LimbicB_OFC_5	#7e8737ff
3704702	R	17Networks_RH_LimbicB_OFC_6	#7e8738ff
10811616	R	17Networks_RH_LimbicA_TempPole_1	#e0f8a4ff
10942688	R	17Networks_RH_LimbicA_TempPole_2	#e0f8a6ff
11008224	R	17Networks_RH_LimbicA_TempPole_3	#e0f8a7ff
11073760	R	17Networks_RH_LimbicA_TempPole_4	#e0f8a8ff
11139296	R	17Networks_RH_LimbicA_TempPole_5	#e0f8a9ff
11204832	R	17Networks_RH_LimbicA_TempPole_6	#e0f8aaff
2331626	R	17Networks_RH_ContA_IPS_1	#ea9323ff
2397162	R	17Networks_RH_ContA_IPS_2	#ea9324ff
2462698	R	17Networks_RH_ContA_IPS_3	#ea9325ff
2528234	R	17Networks_RH_ContA_IPS_4	#ea9326ff
2266090	R	17Networks_RH_ContA_PFCd_1	#ea9322ff
2200809	R	17Networks_RH_ContA_PFCl_1	#e99421ff
2331881	R	17Networks_RH_ContA_PFCl_2	#e99423ff
2397417	R	17Networks_RH_ContA_PFCl_3	#e99424ff
2462953	R	17Networks_RH_ContA_PFCl_4	#e99425ff
2528489	R	17Networks_RH_ContA_PFCl_5	#e99426ff
2266345	R	17Networks_RH_ContA_Cingm_1	#e99422ff
4993932	R	17Networks_RH_ContB_Temp_1	#8c334cff
5059468	R	17Networks_RH_ContB_Temp_2	#8c334dff
4862603	R	17Networks_RH_ContB_IPL_1	#8b324aff
4928139	R	17Networks_RH_ContB_IPL_2	#8b324bff
4993675	R	17Networks_RH_ContB_IPL_3	#8b324cff
5059211	R	17Networks_RH_ContB_IPL_4	#8b324dff
4927883	R	17Networks_RH_ContB_PFCld_1	#8b314bff
4993419	R	17Networks_RH_ContB_PFCld_2	#8b314cff
5058955	R	17Networks_RH_ContB_PFCld_3	#8b314dff
5124491	R	17Networks_RH_ContB_PFCld_4	#8b314eff
4862347	R	17Networks_RH_ContB_PFClv_1	#8b314aff
5190027	R	17Networks_RH_ContB_PFClv_2	#8b314fff
5255563	R	17Networks_RH_ContB_PFClv_3	#8b3150ff
4797067	R	17Networks_RH_ContB_PFClv_4	#8b3249ff
4928138	R	17Networks_RH_ContB_PFCmp_1	#8a324bff
11505019	R	17Networks_RH_ContC_pCun_1	#7b8dafff
11636091	R	17Networks_RH_ContC_pCun_2	#7b8db1ff
11701627	R	17Networks_RH_ContC_pCun_3	#7b8db2ff
11767163	R	17Networks_RH_ContC_pCun_4	#7b8db3ff
11832699	R	17Networks_RH_ContC_pCun_5	#7b8db4ff
11898235	R	17Networks_RH_ContC_Cingp_1	#7b8db5ff
11963771	R	17Networks_RH_ContC_Cingp_2	#7b8db6ff
196602	R	17Networks_RH_DefaultA_Temp_1	#faff02ff
196347	R	17Networks_RH_DefaultA_IPL_1	#fbfe02ff
261883	R	17Networks_RH_DefaultA_IPL_2	#fbfe03ff
262139	R	17Networks_RH_DefaultA_PFCd_1	#fbff03ff
327675	R	17Networks_RH_DefaultA_PFCd_2	#fbff04ff
130555	R	17Networks_RH_DefaultA_pCunPCC_1	#fbfd01ff
196091	R	17Networks_RH_DefaultA_pCunPCC_2	#fbfd02ff
261627	R	17Networks_RH_DefaultA_pCunPCC_3	#fbfd03ff
327163	R	17Networks_RH_DefaultA_pCunPCC_4	#fbfd04ff
392699	R	17Networks_RH_DefaultA_pCunPCC_5	#fbfd05ff
131065	R	17Networks_RH_DefaultA_PFCm_1	#f9ff01ff
196601	R	17Networks_RH_DefaultA_PFCm_2	#f9ff02ff
262137	R	17Networks_RH_DefaultA_PFCm_3	#f9ff03ff
327673	R	17Networks_RH_DefaultA_PFCm_4	#f9ff04ff
393209	R	17Networks_RH_DefaultA_PFCm_5	#f9ff05ff
458745	R	17Networks_RH_DefaultA_PFCm_6	#f9ff06ff
5258962	R	17Networks_RH_DefaultB_Temp_1	#d23e50ff
5324498	R	17Networks_RH_DefaultB_Temp_2	#d23e51ff
5193682	R	17Networks_RH_DefaultB_AntTemp_1	#d23f4fff
5128146	R	17Networks_RH_DefaultB_PFCd_1	#d23f4eff
5259218	R	17Networks_RH_DefaultB_PFCd_2	#d23f50ff
5324754	R	17Networks_RH_DefaultB_PFCd_3	#d23f51ff
5390290	R	17Networks_RH_DefaultB_PFCd_4	#d23f52ff
5455826	R	17Networks_RH_DefaultB_PFCd_5	#d23f53ff
5127889	R	17Networks_RH_DefaultB_PFCv_1	#d13e4eff
5193425	R	17Networks_RH_DefaultB_PFCv_2	#d13e4fff
5258961	R	17Networks_RH_DefaultB_PFCv_3	#d13e50ff
8651012	R	17Networks_RH_DefaultC_IPL_1	#040184ff
8716548	R	17Networks_RH_DefaultC_IPL_2	#040185ff
8585221	R	17Networks_RH_DefaultC_Rsp_1	#050083ff
8650757	R	17Networks_RH_DefaultC_Rsp_2	#050084ff
8716293	R	17Networks_RH_DefaultC_PHC_1	#050085ff
8781829	R	17Networks_RH_DefaultC_PHC_2	#050086ff
16461840	R	17Networks_RH_TempPar_1	#1030fbff
16527376	R	17Networks_RH_TempPar_2	#1030fcff
16592912	R	17Networks_RH_TempPar_3	#1030fdff
16723984	R	17Networks_RH_TempPar_4	#1030ffff
16394509	R	17Networks_RH_TempPar_5	#0d29faff
16460045	R	17Networks_RH_TempPar_6	#0d29fbff
16525581	R	17Networks_RH_TempPar_7	#0d29fcff
16591117	R	17Networks_RH_TempPar_8	#0d29fdff
16656653	R	17Networks_RH_TempPar_9	#0d29feff
16198157	R	17Networks_RH_TempPar_10	#0d2af7ff
