index	name	color
65793	Background+FreeSurfer_Defined_Medial_Wall	#010101ff
8852088	17Networks_LH_VisCent_Striate_1	#781287ff
8917624	17Networks_LH_VisCent_Striate_2	#781288ff
8983160	17Networks_LH_VisCent_Striate_3	#781289ff
9048696	17Networks_LH_VisCent_Striate_4	#78128aff
8524152	17Networks_LH_VisCent_ExStr_1	#781182ff
8589688	17Networks_LH_VisCent_ExStr_2	#781183ff
8655224	17Networks_LH_VisCent_ExStr_3	#781184ff
8720760	17Networks_LH_VisCent_ExStr_4	#781185ff
8786296	17Networks_LH_VisCent_ExStr_5	#781186ff
8851832	17Networks_LH_VisCent_ExStr_6	#781187ff
8393336	17Networks_LH_VisCent_ExStr_7	#781280ff
8458872	17Networks_LH_VisCent_ExStr_8	#781281ff
8524408	17Networks_LH_VisCent_ExStr_9	#781282ff
8589944	17Networks_LH_VisCent_ExStr_10	#781283ff
8655480	17Networks_LH_VisCent_ExStr_11	#781284ff
8721016	17Networks_LH_VisCent_ExStr_12	#781285ff
8786552	17Networks_LH_VisCent_ExStr_13	#781286ff
9114232	17Networks_LH_VisCent_ExStr_14	#78128bff
9179768	17Networks_LH_VisCent_ExStr_15	#78128cff
9245304	17Networks_LH_VisCent_ExStr_16	#78128dff
9310840	17Networks_LH_VisCent_ExStr_17	#78128eff
8852344	17Networks_LH_VisCent_ExStr_18	#781387ff
8917880	17Networks_LH_VisCent_ExStr_19	#781388ff
8983416	17Networks_LH_VisCent_ExStr_20	#781389ff
9048952	17Networks_LH_VisCent_ExStr_21	#78138aff
9114488	17Networks_LH_VisCent_ExStr_22	#78138bff
9180024	17Networks_LH_VisCent_ExStr_23	#78138cff
9245560	17Networks_LH_VisCent_ExStr_24	#78138dff
9311096	17Networks_LH_VisCent_ExStr_25	#78138eff
8852600	17Networks_LH_VisCent_ExStr_26	#781487ff
8918136	17Networks_LH_VisCent_ExStr_27	#781488ff
8983672	17Networks_LH_VisCent_ExStr_28	#781489ff
9049208	17Networks_LH_VisCent_ExStr_29	#78148aff
9114744	17Networks_LH_VisCent_ExStr_30	#78148bff
65791	17Networks_LH_VisPeri_StriCal_1	#ff0001ff
131327	17Networks_LH_VisPeri_StriCal_2	#ff0002ff
196863	17Networks_LH_VisPeri_StriCal_3	#ff0003ff
262399	17Networks_LH_VisPeri_StriCal_4	#ff0004ff
327935	17Networks_LH_VisPeri_StriCal_5	#ff0005ff
393471	17Networks_LH_VisPeri_StriCal_6	#ff0006ff
459007	17Networks_LH_VisPeri_StriCal_7	#ff0007ff
511	17Networks_LH_VisPeri_StriCal_8	#ff0100ff
66047	17Networks_LH_VisPeri_StriCal_9	#ff0101ff
131583	17Networks_LH_VisPeri_StriCal_10	#ff0102ff
255	17Networks_LH_VisPeri_ExStrInf_1	#ff0000ff
524543	17Networks_LH_VisPeri_ExStrInf_2	#ff0008ff
197119	17Networks_LH_VisPeri_ExStrInf_3	#ff0103ff
262655	17Networks_LH_VisPeri_ExStrInf_4	#ff0104ff
328191	17Networks_LH_VisPeri_ExStrInf_5	#ff0105ff
393727	17Networks_LH_VisPeri_ExStrInf_6	#ff0106ff
459263	17Networks_LH_VisPeri_ExStrInf_7	#ff0107ff
524799	17Networks_LH_VisPeri_ExStrInf_8	#ff0108ff
66303	17Networks_LH_VisPeri_ExStrInf_9	#ff0201ff
131839	17Networks_LH_VisPeri_ExStrInf_10	#ff0202ff
767	17Networks_LH_VisPeri_ExStrSup_1	#ff0200ff
197375	17Networks_LH_VisPeri_ExStrSup_2	#ff0203ff
262911	17Networks_LH_VisPeri_ExStrSup_3	#ff0204ff
328447	17Networks_LH_VisPeri_ExStrSup_4	#ff0205ff
393983	17Networks_LH_VisPeri_ExStrSup_5	#ff0206ff
459519	17Networks_LH_VisPeri_ExStrSup_6	#ff0207ff
1023	17Networks_LH_VisPeri_ExStrSup_7	#ff0300ff
66559	17Networks_LH_VisPeri_ExStrSup_8	#ff0301ff
132095	17Networks_LH_VisPeri_ExStrSup_9	#ff0302ff
197631	17Networks_LH_VisPeri_ExStrSup_10	#ff0303ff
263167	17Networks_LH_VisPeri_ExStrSup_11	#ff0304ff
328703	17Networks_LH_VisPeri_ExStrSup_12	#ff0305ff
11632710	17Networks_LH_SomMotA_1	#4680b1ff
11698246	17Networks_LH_SomMotA_2	#4680b2ff
11763782	17Networks_LH_SomMotA_3	#4680b3ff
11829318	17Networks_LH_SomMotA_4	#4680b4ff
11370822	17Networks_LH_SomMotA_5	#4681adff
11436358	17Networks_LH_SomMotA_6	#4681aeff
11501894	17Networks_LH_SomMotA_7	#4681afff
11567430	17Networks_LH_SomMotA_8	#4681b0ff
11632966	17Networks_LH_SomMotA_9	#4681b1ff
11698502	17Networks_LH_SomMotA_10	#4681b2ff
11764038	17Networks_LH_SomMotA_11	#4681b3ff
11829574	17Networks_LH_SomMotA_12	#4681b4ff
11371078	17Networks_LH_SomMotA_13	#4682adff
11436614	17Networks_LH_SomMotA_14	#4682aeff
11502150	17Networks_LH_SomMotA_15	#4682afff
11567686	17Networks_LH_SomMotA_16	#4682b0ff
11633222	17Networks_LH_SomMotA_17	#4682b1ff
11698758	17Networks_LH_SomMotA_18	#4682b2ff
11764294	17Networks_LH_SomMotA_19	#4682b3ff
11895366	17Networks_LH_SomMotA_20	#4682b5ff
11960902	17Networks_LH_SomMotA_21	#4682b6ff
12026438	17Networks_LH_SomMotA_22	#4682b7ff
12091974	17Networks_LH_SomMotA_23	#4682b8ff
12157510	17Networks_LH_SomMotA_24	#4682b9ff
12223046	17Networks_LH_SomMotA_25	#4682baff
12288582	17Networks_LH_SomMotA_26	#4682bbff
11830086	17Networks_LH_SomMotA_27	#4683b4ff
11895622	17Networks_LH_SomMotA_28	#4683b5ff
11961158	17Networks_LH_SomMotA_29	#4683b6ff
12026694	17Networks_LH_SomMotA_30	#4683b7ff
12092230	17Networks_LH_SomMotA_31	#4683b8ff
12157766	17Networks_LH_SomMotA_32	#4683b9ff
12223302	17Networks_LH_SomMotA_33	#4683baff
12288838	17Networks_LH_SomMotA_34	#4683bbff
11830342	17Networks_LH_SomMotA_35	#4684b4ff
11895878	17Networks_LH_SomMotA_36	#4684b5ff
11961414	17Networks_LH_SomMotA_37	#4684b6ff
12026950	17Networks_LH_SomMotA_38	#4684b7ff
12092486	17Networks_LH_SomMotA_39	#4684b8ff
12158022	17Networks_LH_SomMotA_40	#4684b9ff
12223558	17Networks_LH_SomMotA_41	#4684baff
12289094	17Networks_LH_SomMotA_42	#4684bbff
10538026	17Networks_LH_SomMotB_Cent_1	#2acca0ff
10603562	17Networks_LH_SomMotB_Cent_2	#2acca1ff
10669098	17Networks_LH_SomMotB_Cent_3	#2acca2ff
10734634	17Networks_LH_SomMotB_Cent_4	#2acca3ff
10865706	17Networks_LH_SomMotB_Cent_5	#2acca5ff
10931242	17Networks_LH_SomMotB_Cent_6	#2acca6ff
10996778	17Networks_LH_SomMotB_Cent_7	#2acca7ff
11062314	17Networks_LH_SomMotB_Cent_8	#2acca8ff
11127850	17Networks_LH_SomMotB_Cent_9	#2acca9ff
11193386	17Networks_LH_SomMotB_Cent_10	#2accaaff
11258922	17Networks_LH_SomMotB_Cent_11	#2accabff
10800170	17Networks_LH_SomMotB_S2_1	#2acca4ff
11324458	17Networks_LH_SomMotB_S2_2	#2accacff
10865962	17Networks_LH_SomMotB_S2_3	#2acda5ff
10931498	17Networks_LH_SomMotB_S2_4	#2acda6ff
10997034	17Networks_LH_SomMotB_S2_5	#2acda7ff
11062570	17Networks_LH_SomMotB_S2_6	#2acda8ff
11128106	17Networks_LH_SomMotB_S2_7	#2acda9ff
11193642	17Networks_LH_SomMotB_S2_8	#2acdaaff
11259178	17Networks_LH_SomMotB_S2_9	#2acdabff
11324714	17Networks_LH_SomMotB_S2_10	#2acdacff
10866218	17Networks_LH_SomMotB_S2_11	#2acea5ff
10931754	17Networks_LH_SomMotB_S2_12	#2acea6ff
10997290	17Networks_LH_SomMotB_S2_13	#2acea7ff
11062826	17Networks_LH_SomMotB_Ins_1	#2acea8ff
10472491	17Networks_LH_SomMotB_Aud_1	#2bcc9fff
10538027	17Networks_LH_SomMotB_Aud_2	#2bcca0ff
10603563	17Networks_LH_SomMotB_Aud_3	#2bcca1ff
10669099	17Networks_LH_SomMotB_Aud_4	#2bcca2ff
10734635	17Networks_LH_SomMotB_Aud_5	#2bcca3ff
10865707	17Networks_LH_SomMotB_Aud_6	#2bcca5ff
10931243	17Networks_LH_SomMotB_Aud_7	#2bcca6ff
10996779	17Networks_LH_SomMotB_Aud_8	#2bcca7ff
11062315	17Networks_LH_SomMotB_Aud_9	#2bcca8ff
11127851	17Networks_LH_SomMotB_Aud_10	#2bcca9ff
11193387	17Networks_LH_SomMotB_Aud_11	#2bccaaff
11258923	17Networks_LH_SomMotB_Aud_12	#2bccabff
10800427	17Networks_LH_SomMotB_Aud_13	#2bcda4ff
10865963	17Networks_LH_SomMotB_Aud_14	#2bcda5ff
3775306	17Networks_LH_DorsAttnA_TempOcc_1	#4a9b39ff
3840842	17Networks_LH_DorsAttnA_TempOcc_2	#4a9b3aff
3906378	17Networks_LH_DorsAttnA_TempOcc_3	#4a9b3bff
4037450	17Networks_LH_DorsAttnA_TempOcc_4	#4a9b3dff
4102986	17Networks_LH_DorsAttnA_TempOcc_5	#4a9b3eff
4168522	17Networks_LH_DorsAttnA_TempOcc_6	#4a9b3fff
4234058	17Networks_LH_DorsAttnA_TempOcc_7	#4a9b40ff
4299594	17Networks_LH_DorsAttnA_TempOcc_8	#4a9b41ff
4365130	17Networks_LH_DorsAttnA_TempOcc_9	#4a9b42ff
4430666	17Networks_LH_DorsAttnA_TempOcc_10	#4a9b43ff
3971914	17Networks_LH_DorsAttnA_ParOcc_1	#4a9b3cff
4496202	17Networks_LH_DorsAttnA_ParOcc_2	#4a9b44ff
4037706	17Networks_LH_DorsAttnA_ParOcc_3	#4a9c3dff
4103242	17Networks_LH_DorsAttnA_ParOcc_4	#4a9c3eff
4168778	17Networks_LH_DorsAttnA_ParOcc_5	#4a9c3fff
4234314	17Networks_LH_DorsAttnA_ParOcc_6	#4a9c40ff
4299850	17Networks_LH_DorsAttnA_ParOcc_7	#4a9c41ff
3513418	17Networks_LH_DorsAttnA_SPL_1	#4a9c35ff
3578954	17Networks_LH_DorsAttnA_SPL_2	#4a9c36ff
3644490	17Networks_LH_DorsAttnA_SPL_3	#4a9c37ff
3710026	17Networks_LH_DorsAttnA_SPL_4	#4a9c38ff
3775562	17Networks_LH_DorsAttnA_SPL_5	#4a9c39ff
3841098	17Networks_LH_DorsAttnA_SPL_6	#4a9c3aff
3906634	17Networks_LH_DorsAttnA_SPL_7	#4a9c3bff
4365386	17Networks_LH_DorsAttnA_SPL_8	#4a9c42ff
4430922	17Networks_LH_DorsAttnA_SPL_9	#4a9c43ff
3972426	17Networks_LH_DorsAttnA_SPL_10	#4a9d3cff
4037962	17Networks_LH_DorsAttnA_SPL_11	#4a9d3dff
4103498	17Networks_LH_DorsAttnA_SPL_12	#4a9d3eff
4169034	17Networks_LH_DorsAttnA_SPL_13	#4a9d3fff
4234570	17Networks_LH_DorsAttnA_SPL_14	#4a9d40ff
4300106	17Networks_LH_DorsAttnA_SPL_15	#4a9d41ff
4365642	17Networks_LH_DorsAttnA_SPL_16	#4a9d42ff
4431178	17Networks_LH_DorsAttnA_SPL_17	#4a9d43ff
1013248	17Networks_LH_DorsAttnB_TempOcc_1	#00760fff
1078784	17Networks_LH_DorsAttnB_TempOcc_2	#007610ff
554496	17Networks_LH_DorsAttnB_PostC_1	#007608ff
620032	17Networks_LH_DorsAttnB_PostC_2	#007609ff
685568	17Networks_LH_DorsAttnB_PostC_3	#00760aff
751104	17Networks_LH_DorsAttnB_PostC_4	#00760bff
816640	17Networks_LH_DorsAttnB_PostC_5	#00760cff
882176	17Networks_LH_DorsAttnB_PostC_6	#00760dff
947712	17Networks_LH_DorsAttnB_PostC_7	#00760eff
1144320	17Networks_LH_DorsAttnB_PostC_8	#007611ff
1209856	17Networks_LH_DorsAttnB_PostC_9	#007612ff
1275392	17Networks_LH_DorsAttnB_PostC_10	#007613ff
1340928	17Networks_LH_DorsAttnB_PostC_11	#007614ff
1406464	17Networks_LH_DorsAttnB_PostC_12	#007615ff
1472000	17Networks_LH_DorsAttnB_PostC_13	#007616ff
1013504	17Networks_LH_DorsAttnB_PostC_14	#00770fff
1079040	17Networks_LH_DorsAttnB_PostC_15	#007710ff
1144576	17Networks_LH_DorsAttnB_PostC_16	#007711ff
1210112	17Networks_LH_DorsAttnB_PostC_17	#007712ff
1275648	17Networks_LH_DorsAttnB_PostC_18	#007713ff
816896	17Networks_LH_DorsAttnB_FEF_1	#00770cff
882432	17Networks_LH_DorsAttnB_FEF_2	#00770dff
1341184	17Networks_LH_DorsAttnB_FEF_3	#007714ff
1406720	17Networks_LH_DorsAttnB_FEF_4	#007715ff
948224	17Networks_LH_DorsAttnB_FEF_5	#00780eff
1013760	17Networks_LH_DorsAttnB_FEF_6	#00780fff
1079296	17Networks_LH_DorsAttnB_FEF_7	#007810ff
1472256	17Networks_LH_DorsAttnB_PrCv_1	#007716ff
1144832	17Networks_LH_DorsAttnB_PrCv_2	#007811ff
16267972	17Networks_LH_SalVentAttnA_ParOper_1	#c43af8ff
16333508	17Networks_LH_SalVentAttnA_ParOper_2	#c43af9ff
16464580	17Networks_LH_SalVentAttnA_ParOper_3	#c43afbff
16530116	17Networks_LH_SalVentAttnA_ParOper_4	#c43afcff
16595652	17Networks_LH_SalVentAttnA_ParOper_5	#c43afdff
16661188	17Networks_LH_SalVentAttnA_ParOper_6	#c43afeff
16726724	17Networks_LH_SalVentAttnA_ParOper_7	#c43affff
16399044	17Networks_LH_SalVentAttnA_FrOper_1	#c43afaff
16331713	17Networks_LH_SalVentAttnA_FrOper_2	#c133f9ff
16397249	17Networks_LH_SalVentAttnA_FrOper_3	#c133faff
16462785	17Networks_LH_SalVentAttnA_FrOper_4	#c133fbff
16004289	17Networks_LH_SalVentAttnA_FrOper_5	#c134f4ff
16069825	17Networks_LH_SalVentAttnA_FrOper_6	#c134f5ff
16135361	17Networks_LH_SalVentAttnA_FrOper_7	#c134f6ff
16200897	17Networks_LH_SalVentAttnA_FrOper_8	#c134f7ff
16266433	17Networks_LH_SalVentAttnA_FrOper_9	#c134f8ff
16202692	17Networks_LH_SalVentAttnA_Ins_1	#c43bf7ff
16268228	17Networks_LH_SalVentAttnA_Ins_2	#c43bf8ff
16333764	17Networks_LH_SalVentAttnA_Ins_3	#c43bf9ff
16464836	17Networks_LH_SalVentAttnA_Ins_4	#c43bfbff
16530372	17Networks_LH_SalVentAttnA_Ins_5	#c43bfcff
16595908	17Networks_LH_SalVentAttnA_Ins_6	#c43bfdff
16661444	17Networks_LH_SalVentAttnA_Ins_7	#c43bfeff
16726980	17Networks_LH_SalVentAttnA_Ins_8	#c43bffff
16397505	17Networks_LH_SalVentAttnA_Ins_9	#c134faff
16399300	17Networks_LH_SalVentAttnA_ParMed_1	#c43bfaff
16331969	17Networks_LH_SalVentAttnA_ParMed_2	#c134f9ff
16463041	17Networks_LH_SalVentAttnA_ParMed_3	#c134fbff
16004545	17Networks_LH_SalVentAttnA_ParMed_4	#c135f4ff
16070081	17Networks_LH_SalVentAttnA_ParMed_5	#c135f5ff
16135617	17Networks_LH_SalVentAttnA_ParMed_6	#c135f6ff
16201153	17Networks_LH_SalVentAttnA_ParMed_7	#c135f7ff
16266689	17Networks_LH_SalVentAttnA_ParMed_8	#c135f8ff
16267973	17Networks_LH_SalVentAttnA_FrMed_1	#c53af8ff
16333509	17Networks_LH_SalVentAttnA_FrMed_2	#c53af9ff
16464581	17Networks_LH_SalVentAttnA_FrMed_3	#c53afbff
16530117	17Networks_LH_SalVentAttnA_FrMed_4	#c53afcff
16595653	17Networks_LH_SalVentAttnA_FrMed_5	#c53afdff
16661189	17Networks_LH_SalVentAttnA_FrMed_6	#c53afeff
16726725	17Networks_LH_SalVentAttnA_FrMed_7	#c53affff
14063871	17Networks_LH_SalVentAttnB_IPL_1	#ff98d6ff
14129407	17Networks_LH_SalVentAttnB_IPL_2	#ff98d7ff
14194943	17Networks_LH_SalVentAttnB_PFCd_1	#ff98d8ff
13933055	17Networks_LH_SalVentAttnB_PFCl_1	#ff99d4ff
14064127	17Networks_LH_SalVentAttnB_PFCl_2	#ff99d6ff
14129663	17Networks_LH_SalVentAttnB_PFCl_3	#ff99d7ff
14195199	17Networks_LH_SalVentAttnB_PFCl_4	#ff99d8ff
14260735	17Networks_LH_SalVentAttnB_PFCl_5	#ff99d9ff
14326271	17Networks_LH_SalVentAttnB_PFCl_6	#ff99daff
13998591	17Networks_LH_SalVentAttnB_Ins_1	#ff99d5ff
14391807	17Networks_LH_SalVentAttnB_Ins_2	#ff99dbff
14457343	17Networks_LH_SalVentAttnB_Ins_3	#ff99dcff
14522879	17Networks_LH_SalVentAttnB_Ins_4	#ff99ddff
14064383	17Networks_LH_SalVentAttnB_Ins_5	#ff9ad6ff
14129919	17Networks_LH_SalVentAttnB_Ins_6	#ff9ad7ff
14195455	17Networks_LH_SalVentAttnB_Ins_7	#ff9ad8ff
14260991	17Networks_LH_SalVentAttnB_Ins_8	#ff9ad9ff
13998335	17Networks_LH_SalVentAttnB_OFC_1	#ff98d5ff
14063615	17Networks_LH_SalVentAttnB_PFCmp_1	#ff97d6ff
14129151	17Networks_LH_SalVentAttnB_PFCmp_2	#ff97d7ff
14194687	17Networks_LH_SalVentAttnB_PFCmp_3	#ff97d8ff
14260223	17Networks_LH_SalVentAttnB_PFCmp_4	#ff97d9ff
2918266	17Networks_LH_LimbicB_OFC_1	#7a872cff
2983802	17Networks_LH_LimbicB_OFC_2	#7a872dff
3049338	17Networks_LH_LimbicB_OFC_3	#7a872eff
3114874	17Networks_LH_LimbicB_OFC_4	#7a872fff
3180410	17Networks_LH_LimbicB_OFC_5	#7a8730ff
3245946	17Networks_LH_LimbicB_OFC_6	#7a8731ff
3377018	17Networks_LH_LimbicB_OFC_7	#7a8733ff
3442554	17Networks_LH_LimbicB_OFC_8	#7a8734ff
3508090	17Networks_LH_LimbicB_OFC_9	#7a8735ff
3573626	17Networks_LH_LimbicB_OFC_10	#7a8736ff
3639162	17Networks_LH_LimbicB_OFC_11	#7a8737ff
3704698	17Networks_LH_LimbicB_OFC_12	#7a8738ff
3770234	17Networks_LH_LimbicB_OFC_13	#7a8739ff
3311738	17Networks_LH_LimbicB_OFC_14	#7a8832ff
3377274	17Networks_LH_LimbicB_OFC_15	#7a8833ff
3442810	17Networks_LH_LimbicB_OFC_16	#7a8834ff
10483932	17Networks_LH_LimbicA_TempPole_1	#dcf89fff
10549468	17Networks_LH_LimbicA_TempPole_2	#dcf8a0ff
10615004	17Networks_LH_LimbicA_TempPole_3	#dcf8a1ff
10680540	17Networks_LH_LimbicA_TempPole_4	#dcf8a2ff
10746076	17Networks_LH_LimbicA_TempPole_5	#dcf8a3ff
10877148	17Networks_LH_LimbicA_TempPole_6	#dcf8a5ff
10942684	17Networks_LH_LimbicA_TempPole_7	#dcf8a6ff
11008220	17Networks_LH_LimbicA_TempPole_8	#dcf8a7ff
11073756	17Networks_LH_LimbicA_TempPole_9	#dcf8a8ff
11139292	17Networks_LH_LimbicA_TempPole_10	#dcf8a9ff
11204828	17Networks_LH_LimbicA_TempPole_11	#dcf8aaff
11270364	17Networks_LH_LimbicA_TempPole_12	#dcf8abff
10811868	17Networks_LH_LimbicA_TempPole_13	#dcf9a4ff
10877404	17Networks_LH_LimbicA_TempPole_14	#dcf9a5ff
2331878	17Networks_LH_ContA_Temp_1	#e69423ff
2397414	17Networks_LH_ContA_Temp_2	#e69424ff
2462950	17Networks_LH_ContA_Temp_3	#e69425ff
2135270	17Networks_LH_ContA_IPS_1	#e69420ff
2200806	17Networks_LH_ContA_IPS_2	#e69421ff
2266342	17Networks_LH_ContA_IPS_3	#e69422ff
2528486	17Networks_LH_ContA_IPS_4	#e69426ff
2594022	17Networks_LH_ContA_IPS_5	#e69427ff
2659558	17Networks_LH_ContA_IPS_6	#e69428ff
2725094	17Networks_LH_ContA_IPS_7	#e69429ff
2790630	17Networks_LH_ContA_IPS_8	#e6942aff
2332134	17Networks_LH_ContA_IPS_9	#e69523ff
2397670	17Networks_LH_ContA_IPS_10	#e69524ff
2463206	17Networks_LH_ContA_PFCd_1	#e69525ff
2528742	17Networks_LH_ContA_PFCd_2	#e69526ff
2135526	17Networks_LH_ContA_PFCl_1	#e69520ff
2201062	17Networks_LH_ContA_PFCl_2	#e69521ff
2266598	17Networks_LH_ContA_PFCl_3	#e69522ff
2594278	17Networks_LH_ContA_PFCl_4	#e69527ff
2659814	17Networks_LH_ContA_PFCl_5	#e69528ff
2725350	17Networks_LH_ContA_PFCl_6	#e69529ff
2790886	17Networks_LH_ContA_PFCl_7	#e6952aff
2332390	17Networks_LH_ContA_PFCl_8	#e69623ff
2397926	17Networks_LH_ContA_PFCl_9	#e69624ff
2200807	17Networks_LH_ContA_PFClv_1	#e79421ff
2331879	17Networks_LH_ContA_PFClv_2	#e79423ff
2397415	17Networks_LH_ContA_PFClv_3	#e79424ff
2462951	17Networks_LH_ContA_PFClv_4	#e79425ff
2528487	17Networks_LH_ContA_PFClv_5	#e79426ff
2594023	17Networks_LH_ContA_Cingm_1	#e79427ff
2659559	17Networks_LH_ContA_Cingm_2	#e79428ff
4928135	17Networks_LH_ContB_Temp_1	#87324bff
4993671	17Networks_LH_ContB_Temp_2	#87324cff
5059207	17Networks_LH_ContB_Temp_3	#87324dff
5124743	17Networks_LH_ContB_Temp_4	#87324eff
4797063	17Networks_LH_ContB_IPL_1	#873249ff
4862599	17Networks_LH_ContB_IPL_2	#87324aff
5190279	17Networks_LH_ContB_IPL_3	#87324fff
5255815	17Networks_LH_ContB_IPL_4	#873250ff
5321351	17Networks_LH_ContB_IPL_5	#873251ff
5386887	17Networks_LH_ContB_IPL_6	#873252ff
4928391	17Networks_LH_ContB_IPL_7	#87334bff
4993927	17Networks_LH_ContB_IPL_8	#87334cff
5059463	17Networks_LH_ContB_PFCd_1	#87334dff
5124999	17Networks_LH_ContB_PFCd_2	#87334eff
5190535	17Networks_LH_ContB_PFCd_3	#87334fff
5256071	17Networks_LH_ContB_PFCl_1	#873350ff
5321607	17Networks_LH_ContB_PFCl_2	#873351ff
5387143	17Networks_LH_ContB_PFCl_3	#873352ff
4797064	17Networks_LH_ContB_PFClv_1	#883249ff
4928136	17Networks_LH_ContB_PFClv_2	#88324bff
4993672	17Networks_LH_ContB_PFClv_3	#88324cff
5059208	17Networks_LH_ContB_PFClv_4	#88324dff
5124744	17Networks_LH_ContB_PFClv_5	#88324eff
5190280	17Networks_LH_ContB_PFCmp_1	#88324fff
5255816	17Networks_LH_ContB_PFCmp_2	#883250ff
11242615	17Networks_LH_ContC_pCun_1	#778cabff
11308151	17Networks_LH_ContC_pCun_2	#778cacff
11373687	17Networks_LH_ContC_pCun_3	#778cadff
11439223	17Networks_LH_ContC_pCun_4	#778caeff
11504759	17Networks_LH_ContC_pCun_5	#778cafff
11635831	17Networks_LH_ContC_pCun_6	#778cb1ff
11701367	17Networks_LH_ContC_pCun_7	#778cb2ff
11766903	17Networks_LH_ContC_pCun_8	#778cb3ff
11832439	17Networks_LH_ContC_pCun_9	#778cb4ff
11897975	17Networks_LH_ContC_pCun_10	#778cb5ff
11963511	17Networks_LH_ContC_pCun_11	#778cb6ff
12029047	17Networks_LH_ContC_pCun_12	#778cb7ff
11570551	17Networks_LH_ContC_pCun_13	#778db0ff
11570295	17Networks_LH_ContC_Cingp_1	#778cb0ff
12094583	17Networks_LH_ContC_Cingp_2	#778cb8ff
11636087	17Networks_LH_ContC_Cingp_3	#778db1ff
11701623	17Networks_LH_ContC_Cingp_4	#778db2ff
11767159	17Networks_LH_ContC_Cingp_5	#778db3ff
11832695	17Networks_LH_ContC_Cingp_6	#778db4ff
131071	17Networks_LH_DefaultA_IPL_1	#ffff01ff
196607	17Networks_LH_DefaultA_IPL_2	#ffff02ff
262143	17Networks_LH_DefaultA_IPL_3	#ffff03ff
327679	17Networks_LH_DefaultA_IPL_4	#ffff04ff
393215	17Networks_LH_DefaultA_IPL_5	#ffff05ff
458751	17Networks_LH_DefaultA_IPL_6	#ffff06ff
524287	17Networks_LH_DefaultA_IPL_7	#ffff07ff
589823	17Networks_LH_DefaultA_PFCd_1	#ffff08ff
63996	17Networks_LH_DefaultA_PFCd_2	#fcf900ff
129532	17Networks_LH_DefaultA_PFCd_3	#fcf901ff
64252	17Networks_LH_DefaultA_PFCd_4	#fcfa00ff
65023	17Networks_LH_DefaultA_pCunPCC_1	#fffd00ff
130815	17Networks_LH_DefaultA_pCunPCC_2	#fffe01ff
196351	17Networks_LH_DefaultA_pCunPCC_3	#fffe02ff
261887	17Networks_LH_DefaultA_pCunPCC_4	#fffe03ff
327423	17Networks_LH_DefaultA_pCunPCC_5	#fffe04ff
392959	17Networks_LH_DefaultA_pCunPCC_6	#fffe05ff
458495	17Networks_LH_DefaultA_pCunPCC_7	#fffe06ff
524031	17Networks_LH_DefaultA_pCunPCC_8	#fffe07ff
65535	17Networks_LH_DefaultA_pCunPCC_9	#ffff00ff
64508	17Networks_LH_DefaultA_pCunPCC_10	#fcfb00ff
64764	17Networks_LH_DefaultA_pCunPCC_11	#fcfc00ff
65020	17Networks_LH_DefaultA_pCunPCC_12	#fcfd00ff
65276	17Networks_LH_DefaultA_pCunPCC_13	#fcfe00ff
63485	17Networks_LH_DefaultA_pCunPCC_14	#fdf700ff
63741	17Networks_LH_DefaultA_pCunPCC_15	#fdf800ff
63997	17Networks_LH_DefaultA_pCunPCC_16	#fdf900ff
64253	17Networks_LH_DefaultA_pCunPCC_17	#fdfa00ff
64509	17Networks_LH_DefaultA_pCunPCC_18	#fdfb00ff
64765	17Networks_LH_DefaultA_pCunPCC_19	#fdfc00ff
65021	17Networks_LH_DefaultA_pCunPCC_20	#fdfd00ff
65277	17Networks_LH_DefaultA_pCunPCC_21	#fdfe00ff
63486	17Networks_LH_DefaultA_pCunPCC_22	#fef700ff
131070	17Networks_LH_DefaultA_PFCm_1	#feff01ff
196606	17Networks_LH_DefaultA_PFCm_2	#feff02ff
262142	17Networks_LH_DefaultA_PFCm_3	#feff03ff
327678	17Networks_LH_DefaultA_PFCm_4	#feff04ff
393214	17Networks_LH_DefaultA_PFCm_5	#feff05ff
458750	17Networks_LH_DefaultA_PFCm_6	#feff06ff
524286	17Networks_LH_DefaultA_PFCm_7	#feff07ff
63995	17Networks_LH_DefaultA_PFCm_8	#fbf900ff
64251	17Networks_LH_DefaultA_PFCm_9	#fbfa00ff
64507	17Networks_LH_DefaultA_PFCm_10	#fbfb00ff
64763	17Networks_LH_DefaultA_PFCm_11	#fbfc00ff
65019	17Networks_LH_DefaultA_PFCm_12	#fbfd00ff
4800205	17Networks_LH_DefaultB_Temp_1	#cd3e49ff
4865741	17Networks_LH_DefaultB_Temp_2	#cd3e4aff
4931277	17Networks_LH_DefaultB_Temp_3	#cd3e4bff
4996813	17Networks_LH_DefaultB_Temp_4	#cd3e4cff
5062349	17Networks_LH_DefaultB_Temp_5	#cd3e4dff
5193421	17Networks_LH_DefaultB_Temp_6	#cd3e4fff
5258957	17Networks_LH_DefaultB_Temp_7	#cd3e50ff
5324493	17Networks_LH_DefaultB_Temp_8	#cd3e51ff
5390029	17Networks_LH_DefaultB_Temp_9	#cd3e52ff
5455565	17Networks_LH_DefaultB_Temp_10	#cd3e53ff
5521101	17Networks_LH_DefaultB_Temp_11	#cd3e54ff
5586637	17Networks_LH_DefaultB_Temp_12	#cd3e55ff
5128141	17Networks_LH_DefaultB_Temp_13	#cd3f4eff
5127885	17Networks_LH_DefaultB_IPL_1	#cd3e4eff
5652173	17Networks_LH_DefaultB_IPL_2	#cd3e56ff
5193677	17Networks_LH_DefaultB_IPL_3	#cd3f4fff
5259213	17Networks_LH_DefaultB_IPL_4	#cd3f50ff
5324749	17Networks_LH_DefaultB_IPL_5	#cd3f51ff
5390285	17Networks_LH_DefaultB_IPL_6	#cd3f52ff
5455821	17Networks_LH_DefaultB_IPL_7	#cd3f53ff
5521357	17Networks_LH_DefaultB_IPL_8	#cd3f54ff
5586893	17Networks_LH_DefaultB_IPL_9	#cd3f55ff
4865997	17Networks_LH_DefaultB_PFCd_1	#cd3f4aff
4931533	17Networks_LH_DefaultB_PFCd_2	#cd3f4bff
4997069	17Networks_LH_DefaultB_PFCd_3	#cd3f4cff
5062605	17Networks_LH_DefaultB_PFCd_4	#cd3f4dff
5128397	17Networks_LH_DefaultB_PFCd_5	#cd404eff
5193933	17Networks_LH_DefaultB_PFCd_6	#cd404fff
5259469	17Networks_LH_DefaultB_PFCd_7	#cd4050ff
5325005	17Networks_LH_DefaultB_PFCd_8	#cd4051ff
5390541	17Networks_LH_DefaultB_PFCd_9	#cd4052ff
5456077	17Networks_LH_DefaultB_PFCd_10	#cd4053ff
5521613	17Networks_LH_DefaultB_PFCd_11	#cd4054ff
5587149	17Networks_LH_DefaultB_PFCd_12	#cd4055ff
5652429	17Networks_LH_DefaultB_PFCl_1	#cd3f56ff
5652685	17Networks_LH_DefaultB_PFCl_2	#cd4056ff
4931278	17Networks_LH_DefaultB_PFCv_1	#ce3e4bff
4996814	17Networks_LH_DefaultB_PFCv_2	#ce3e4cff
5062350	17Networks_LH_DefaultB_PFCv_3	#ce3e4dff
5193422	17Networks_LH_DefaultB_PFCv_4	#ce3e4fff
5258958	17Networks_LH_DefaultB_PFCv_5	#ce3e50ff
5324494	17Networks_LH_DefaultB_PFCv_6	#ce3e51ff
5390030	17Networks_LH_DefaultB_PFCv_7	#ce3e52ff
5455566	17Networks_LH_DefaultB_PFCv_8	#ce3e53ff
5521102	17Networks_LH_DefaultB_PFCv_9	#ce3e54ff
8585216	17Networks_LH_DefaultC_IPL_1	#000083ff
8650752	17Networks_LH_DefaultC_IPL_2	#000084ff
8716288	17Networks_LH_DefaultC_IPL_3	#000085ff
8454144	17Networks_LH_DefaultC_Rsp_1	#000081ff
8519680	17Networks_LH_DefaultC_Rsp_2	#000082ff
8781824	17Networks_LH_DefaultC_Rsp_3	#000086ff
8847360	17Networks_LH_DefaultC_Rsp_4	#000087ff
8912896	17Networks_LH_DefaultC_Rsp_5	#000088ff
8978432	17Networks_LH_DefaultC_Rsp_6	#000089ff
9043968	17Networks_LH_DefaultC_Rsp_7	#00008aff
8585472	17Networks_LH_DefaultC_Rsp_8	#000183ff
8454400	17Networks_LH_DefaultC_PHC_1	#000181ff
8651008	17Networks_LH_DefaultC_PHC_2	#000184ff
8716544	17Networks_LH_DefaultC_PHC_3	#000185ff
8782080	17Networks_LH_DefaultC_PHC_4	#000186ff
8847616	17Networks_LH_DefaultC_PHC_5	#000187ff
8913152	17Networks_LH_DefaultC_PHC_6	#000188ff
16330764	17Networks_LH_TempPar_1	#0c30f9ff
16396300	17Networks_LH_TempPar_2	#0c30faff
16461836	17Networks_LH_TempPar_3	#0c30fbff
16527372	17Networks_LH_TempPar_4	#0c30fcff
16592908	17Networks_LH_TempPar_5	#0c30fdff
16658444	17Networks_LH_TempPar_6	#0c30feff
16328969	17Networks_LH_TempPar_7	#0929f9ff
16394505	17Networks_LH_TempPar_8	#0929faff
16460041	17Networks_LH_TempPar_9	#0929fbff
16525577	17Networks_LH_TempPar_10	#0929fcff
16591113	17Networks_LH_TempPar_11	#0929fdff
16656649	17Networks_LH_TempPar_12	#0929feff
16722185	17Networks_LH_TempPar_13	#0929ffff
16263689	17Networks_LH_TempPar_14	#092af8ff
16329225	17Networks_LH_TempPar_15	#092af9ff
16394761	17Networks_LH_TempPar_16	#092afaff
