{
  "Authors":
  [
    "Destrieux C",
    "Fischl B",
    "Dale AM",
    "Halgren E"
  ],
  "Curators":
  [
    "Aleman-Gomez Y",
    "Esteban O"
  ],
  "Identifier": "Destrieux2005",
  "License": "See LICENSE file",
  "Name": "Destrieux Atlas (2005) distributed by FreeSurfer 7",
  "DeprecationNote": "This atlas was updated in 2009 and Destrieux2009 SHOULD be used instead",
  "Provenance": "Converted with `mris_convert` from `$FREESURFER_HOME/subjects/fsaverage{,3,4,5,6}/label/{l,r}h.aparc.a2005s.annot`",
  "ReferencesAndLinks":
  [
    "https://doi.org/10.1016/j.neuroimage.2010.06.010",
    "https://doi.org/10.1016/S1053-8119(09)71561-7",
    "https://surfer.nmr.mgh.harvard.edu/fswiki/DestrieuxAtlasChanges"
  ]
}