index	hemi	name	color
65793	L	Background+FreeSurfer_Defined_Medial_Wall	#010101ff
8852088	L	17Networks_LH_VisCent_Striate_1	#781287ff
8917624	L	17Networks_LH_VisCent_Striate_2	#781288ff
8983160	L	17Networks_LH_VisCent_Striate_3	#781289ff
8524152	L	17Networks_LH_VisCent_ExStr_1	#781182ff
8589688	L	17Networks_LH_VisCent_ExStr_2	#781183ff
8655224	L	17Networks_LH_VisCent_ExStr_3	#781184ff
8720760	L	17Networks_LH_VisCent_ExStr_4	#781185ff
8786296	L	17Networks_LH_VisCent_ExStr_5	#781186ff
8851832	L	17Networks_LH_VisCent_ExStr_6	#781187ff
8393336	L	17Networks_LH_VisCent_ExStr_7	#781280ff
8458872	L	17Networks_LH_VisCent_ExStr_8	#781281ff
8524408	L	17Networks_LH_VisCent_ExStr_9	#781282ff
8589944	L	17Networks_LH_VisCent_ExStr_10	#781283ff
8655480	L	17Networks_LH_VisCent_ExStr_11	#781284ff
8721016	L	17Networks_LH_VisCent_ExStr_12	#781285ff
8786552	L	17Networks_LH_VisCent_ExStr_13	#781286ff
9048696	L	17Networks_LH_VisCent_ExStr_14	#78128aff
9114232	L	17Networks_LH_VisCent_ExStr_15	#78128bff
9179768	L	17Networks_LH_VisCent_ExStr_16	#78128cff
9245304	L	17Networks_LH_VisCent_ExStr_17	#78128dff
9310840	L	17Networks_LH_VisCent_ExStr_18	#78128eff
8852344	L	17Networks_LH_VisCent_ExStr_19	#781387ff
8917880	L	17Networks_LH_VisCent_ExStr_20	#781388ff
8983416	L	17Networks_LH_VisCent_ExStr_21	#781389ff
9048952	L	17Networks_LH_VisCent_ExStr_22	#78138aff
9114488	L	17Networks_LH_VisCent_ExStr_23	#78138bff
9180024	L	17Networks_LH_VisCent_ExStr_24	#78138cff
9245560	L	17Networks_LH_VisCent_ExStr_25	#78138dff
9311096	L	17Networks_LH_VisCent_ExStr_26	#78138eff
8852600	L	17Networks_LH_VisCent_ExStr_27	#781487ff
8918136	L	17Networks_LH_VisCent_ExStr_28	#781488ff
8983672	L	17Networks_LH_VisCent_ExStr_29	#781489ff
65791	L	17Networks_LH_VisPeri_StriCal_1	#ff0001ff
131327	L	17Networks_LH_VisPeri_StriCal_2	#ff0002ff
196863	L	17Networks_LH_VisPeri_StriCal_3	#ff0003ff
262399	L	17Networks_LH_VisPeri_StriCal_4	#ff0004ff
327935	L	17Networks_LH_VisPeri_StriCal_5	#ff0005ff
393471	L	17Networks_LH_VisPeri_StriCal_6	#ff0006ff
459007	L	17Networks_LH_VisPeri_StriCal_7	#ff0007ff
511	L	17Networks_LH_VisPeri_StriCal_8	#ff0100ff
255	L	17Networks_LH_VisPeri_ExStrInf_1	#ff0000ff
524543	L	17Networks_LH_VisPeri_ExStrInf_2	#ff0008ff
66047	L	17Networks_LH_VisPeri_ExStrInf_3	#ff0101ff
131583	L	17Networks_LH_VisPeri_ExStrInf_4	#ff0102ff
197119	L	17Networks_LH_VisPeri_ExStrInf_5	#ff0103ff
262655	L	17Networks_LH_VisPeri_ExStrInf_6	#ff0104ff
328191	L	17Networks_LH_VisPeri_ExStrInf_7	#ff0105ff
393727	L	17Networks_LH_VisPeri_ExStrInf_8	#ff0106ff
459263	L	17Networks_LH_VisPeri_ExStrInf_9	#ff0107ff
767	L	17Networks_LH_VisPeri_ExStrSup_1	#ff0200ff
66303	L	17Networks_LH_VisPeri_ExStrSup_2	#ff0201ff
131839	L	17Networks_LH_VisPeri_ExStrSup_3	#ff0202ff
197375	L	17Networks_LH_VisPeri_ExStrSup_4	#ff0203ff
262911	L	17Networks_LH_VisPeri_ExStrSup_5	#ff0204ff
328447	L	17Networks_LH_VisPeri_ExStrSup_6	#ff0205ff
393983	L	17Networks_LH_VisPeri_ExStrSup_7	#ff0206ff
459519	L	17Networks_LH_VisPeri_ExStrSup_8	#ff0207ff
1023	L	17Networks_LH_VisPeri_ExStrSup_9	#ff0300ff
66559	L	17Networks_LH_VisPeri_ExStrSup_10	#ff0301ff
132095	L	17Networks_LH_VisPeri_ExStrSup_11	#ff0302ff
197631	L	17Networks_LH_VisPeri_ExStrSup_12	#ff0303ff
263167	L	17Networks_LH_VisPeri_ExStrSup_13	#ff0304ff
328703	L	17Networks_LH_VisPeri_ExStrSup_14	#ff0305ff
394239	L	17Networks_LH_VisPeri_ExStrSup_15	#ff0306ff
11763782	L	17Networks_LH_SomMotA_1	#4680b3ff
11829318	L	17Networks_LH_SomMotA_2	#4680b4ff
11370822	L	17Networks_LH_SomMotA_3	#4681adff
11436358	L	17Networks_LH_SomMotA_4	#4681aeff
11501894	L	17Networks_LH_SomMotA_5	#4681afff
11567430	L	17Networks_LH_SomMotA_6	#4681b0ff
11632966	L	17Networks_LH_SomMotA_7	#4681b1ff
11698502	L	17Networks_LH_SomMotA_8	#4681b2ff
11764038	L	17Networks_LH_SomMotA_9	#4681b3ff
11829574	L	17Networks_LH_SomMotA_10	#4681b4ff
11371078	L	17Networks_LH_SomMotA_11	#4682adff
11436614	L	17Networks_LH_SomMotA_12	#4682aeff
11502150	L	17Networks_LH_SomMotA_13	#4682afff
11567686	L	17Networks_LH_SomMotA_14	#4682b0ff
11633222	L	17Networks_LH_SomMotA_15	#4682b1ff
11698758	L	17Networks_LH_SomMotA_16	#4682b2ff
11764294	L	17Networks_LH_SomMotA_17	#4682b3ff
11895366	L	17Networks_LH_SomMotA_18	#4682b5ff
11960902	L	17Networks_LH_SomMotA_19	#4682b6ff
12026438	L	17Networks_LH_SomMotA_20	#4682b7ff
12091974	L	17Networks_LH_SomMotA_21	#4682b8ff
12157510	L	17Networks_LH_SomMotA_22	#4682b9ff
12223046	L	17Networks_LH_SomMotA_23	#4682baff
12288582	L	17Networks_LH_SomMotA_24	#4682bbff
11830086	L	17Networks_LH_SomMotA_25	#4683b4ff
11895622	L	17Networks_LH_SomMotA_26	#4683b5ff
11961158	L	17Networks_LH_SomMotA_27	#4683b6ff
12026694	L	17Networks_LH_SomMotA_28	#4683b7ff
12092230	L	17Networks_LH_SomMotA_29	#4683b8ff
12157766	L	17Networks_LH_SomMotA_30	#4683b9ff
12223302	L	17Networks_LH_SomMotA_31	#4683baff
12288838	L	17Networks_LH_SomMotA_32	#4683bbff
11830342	L	17Networks_LH_SomMotA_33	#4684b4ff
11895878	L	17Networks_LH_SomMotA_34	#4684b5ff
11961414	L	17Networks_LH_SomMotA_35	#4684b6ff
12026950	L	17Networks_LH_SomMotA_36	#4684b7ff
12092486	L	17Networks_LH_SomMotA_37	#4684b8ff
10538026	L	17Networks_LH_SomMotB_Cent_1	#2acca0ff
10603562	L	17Networks_LH_SomMotB_Cent_2	#2acca1ff
10669098	L	17Networks_LH_SomMotB_Cent_3	#2acca2ff
10734634	L	17Networks_LH_SomMotB_Cent_4	#2acca3ff
10865706	L	17Networks_LH_SomMotB_Cent_5	#2acca5ff
10931242	L	17Networks_LH_SomMotB_Cent_6	#2acca6ff
10996778	L	17Networks_LH_SomMotB_Cent_7	#2acca7ff
11062314	L	17Networks_LH_SomMotB_Cent_8	#2acca8ff
11127850	L	17Networks_LH_SomMotB_Cent_9	#2acca9ff
11193386	L	17Networks_LH_SomMotB_Cent_10	#2accaaff
11258922	L	17Networks_LH_SomMotB_Cent_11	#2accabff
10472490	L	17Networks_LH_SomMotB_S2_1	#2acc9fff
10800170	L	17Networks_LH_SomMotB_S2_2	#2acca4ff
11324458	L	17Networks_LH_SomMotB_S2_3	#2accacff
10865962	L	17Networks_LH_SomMotB_S2_4	#2acda5ff
10931498	L	17Networks_LH_SomMotB_S2_5	#2acda6ff
10997034	L	17Networks_LH_SomMotB_S2_6	#2acda7ff
11062570	L	17Networks_LH_SomMotB_S2_7	#2acda8ff
11128106	L	17Networks_LH_SomMotB_S2_8	#2acda9ff
11193642	L	17Networks_LH_SomMotB_S2_9	#2acdaaff
11259178	L	17Networks_LH_SomMotB_S2_10	#2acdabff
11324714	L	17Networks_LH_SomMotB_S2_11	#2acdacff
10866218	L	17Networks_LH_SomMotB_S2_12	#2acea5ff
10931754	L	17Networks_LH_SomMotB_S2_13	#2acea6ff
10997290	L	17Networks_LH_SomMotB_S2_14	#2acea7ff
11062826	L	17Networks_LH_SomMotB_S2_15	#2acea8ff
11128362	L	17Networks_LH_SomMotB_Ins_1	#2acea9ff
10538027	L	17Networks_LH_SomMotB_Aud_1	#2bcca0ff
10603563	L	17Networks_LH_SomMotB_Aud_2	#2bcca1ff
10669099	L	17Networks_LH_SomMotB_Aud_3	#2bcca2ff
10734635	L	17Networks_LH_SomMotB_Aud_4	#2bcca3ff
10865707	L	17Networks_LH_SomMotB_Aud_5	#2bcca5ff
10931243	L	17Networks_LH_SomMotB_Aud_6	#2bcca6ff
10996779	L	17Networks_LH_SomMotB_Aud_7	#2bcca7ff
11062315	L	17Networks_LH_SomMotB_Aud_8	#2bcca8ff
11127851	L	17Networks_LH_SomMotB_Aud_9	#2bcca9ff
11193387	L	17Networks_LH_SomMotB_Aud_10	#2bccaaff
11258923	L	17Networks_LH_SomMotB_Aud_11	#2bccabff
3840842	L	17Networks_LH_DorsAttnA_TempOcc_1	#4a9b3aff
3906378	L	17Networks_LH_DorsAttnA_TempOcc_2	#4a9b3bff
4037450	L	17Networks_LH_DorsAttnA_TempOcc_3	#4a9b3dff
4102986	L	17Networks_LH_DorsAttnA_TempOcc_4	#4a9b3eff
4168522	L	17Networks_LH_DorsAttnA_TempOcc_5	#4a9b3fff
4234058	L	17Networks_LH_DorsAttnA_TempOcc_6	#4a9b40ff
4299594	L	17Networks_LH_DorsAttnA_TempOcc_7	#4a9b41ff
3971914	L	17Networks_LH_DorsAttnA_ParOcc_1	#4a9b3cff
4365130	L	17Networks_LH_DorsAttnA_ParOcc_2	#4a9b42ff
4430666	L	17Networks_LH_DorsAttnA_ParOcc_3	#4a9b43ff
4496202	L	17Networks_LH_DorsAttnA_ParOcc_4	#4a9b44ff
4037706	L	17Networks_LH_DorsAttnA_ParOcc_5	#4a9c3dff
4103242	L	17Networks_LH_DorsAttnA_ParOcc_6	#4a9c3eff
3644490	L	17Networks_LH_DorsAttnA_SPL_1	#4a9c37ff
3710026	L	17Networks_LH_DorsAttnA_SPL_2	#4a9c38ff
3775562	L	17Networks_LH_DorsAttnA_SPL_3	#4a9c39ff
3841098	L	17Networks_LH_DorsAttnA_SPL_4	#4a9c3aff
3906634	L	17Networks_LH_DorsAttnA_SPL_5	#4a9c3bff
4168778	L	17Networks_LH_DorsAttnA_SPL_6	#4a9c3fff
4234314	L	17Networks_LH_DorsAttnA_SPL_7	#4a9c40ff
4299850	L	17Networks_LH_DorsAttnA_SPL_8	#4a9c41ff
4365386	L	17Networks_LH_DorsAttnA_SPL_9	#4a9c42ff
4430922	L	17Networks_LH_DorsAttnA_SPL_10	#4a9c43ff
3972426	L	17Networks_LH_DorsAttnA_SPL_11	#4a9d3cff
4037962	L	17Networks_LH_DorsAttnA_SPL_12	#4a9d3dff
4103498	L	17Networks_LH_DorsAttnA_SPL_13	#4a9d3eff
1013248	L	17Networks_LH_DorsAttnB_TempOcc_1	#00760fff
1078784	L	17Networks_LH_DorsAttnB_TempOcc_2	#007610ff
1012992	L	17Networks_LH_DorsAttnB_PostC_1	#00750fff
554496	L	17Networks_LH_DorsAttnB_PostC_2	#007608ff
620032	L	17Networks_LH_DorsAttnB_PostC_3	#007609ff
685568	L	17Networks_LH_DorsAttnB_PostC_4	#00760aff
751104	L	17Networks_LH_DorsAttnB_PostC_5	#00760bff
816640	L	17Networks_LH_DorsAttnB_PostC_6	#00760cff
882176	L	17Networks_LH_DorsAttnB_PostC_7	#00760dff
947712	L	17Networks_LH_DorsAttnB_PostC_8	#00760eff
1144320	L	17Networks_LH_DorsAttnB_PostC_9	#007611ff
1209856	L	17Networks_LH_DorsAttnB_PostC_10	#007612ff
1275392	L	17Networks_LH_DorsAttnB_PostC_11	#007613ff
1340928	L	17Networks_LH_DorsAttnB_PostC_12	#007614ff
1406464	L	17Networks_LH_DorsAttnB_PostC_13	#007615ff
1472000	L	17Networks_LH_DorsAttnB_PostC_14	#007616ff
1013504	L	17Networks_LH_DorsAttnB_PostC_15	#00770fff
1079040	L	17Networks_LH_DorsAttnB_PostC_16	#007710ff
1144576	L	17Networks_LH_DorsAttnB_PostC_17	#007711ff
1210112	L	17Networks_LH_DorsAttnB_PostC_18	#007712ff
1275648	L	17Networks_LH_DorsAttnB_PostC_19	#007713ff
882432	L	17Networks_LH_DorsAttnB_FEF_1	#00770dff
1341184	L	17Networks_LH_DorsAttnB_FEF_2	#007714ff
1406720	L	17Networks_LH_DorsAttnB_FEF_3	#007715ff
948224	L	17Networks_LH_DorsAttnB_FEF_4	#00780eff
1013760	L	17Networks_LH_DorsAttnB_FEF_5	#00780fff
1472256	L	17Networks_LH_DorsAttnB_PrCv_1	#007716ff
1079296	L	17Networks_LH_DorsAttnB_PrCv_2	#007810ff
1144832	L	17Networks_LH_DorsAttnB_PrCv_3	#007811ff
16267972	L	17Networks_LH_SalVentAttnA_ParOper_1	#c43af8ff
16333508	L	17Networks_LH_SalVentAttnA_ParOper_2	#c43af9ff
16464580	L	17Networks_LH_SalVentAttnA_ParOper_3	#c43afbff
16530116	L	17Networks_LH_SalVentAttnA_ParOper_4	#c43afcff
16595652	L	17Networks_LH_SalVentAttnA_ParOper_5	#c43afdff
16661188	L	17Networks_LH_SalVentAttnA_ParOper_6	#c43afeff
16726724	L	17Networks_LH_SalVentAttnA_ParOper_7	#c43affff
16399044	L	17Networks_LH_SalVentAttnA_FrOper_1	#c43afaff
16331713	L	17Networks_LH_SalVentAttnA_FrOper_2	#c133f9ff
16397249	L	17Networks_LH_SalVentAttnA_FrOper_3	#c133faff
16462785	L	17Networks_LH_SalVentAttnA_FrOper_4	#c133fbff
16004289	L	17Networks_LH_SalVentAttnA_FrOper_5	#c134f4ff
16069825	L	17Networks_LH_SalVentAttnA_FrOper_6	#c134f5ff
16135361	L	17Networks_LH_SalVentAttnA_FrOper_7	#c134f6ff
16202692	L	17Networks_LH_SalVentAttnA_Ins_1	#c43bf7ff
16268228	L	17Networks_LH_SalVentAttnA_Ins_2	#c43bf8ff
16333764	L	17Networks_LH_SalVentAttnA_Ins_3	#c43bf9ff
16464836	L	17Networks_LH_SalVentAttnA_Ins_4	#c43bfbff
16530372	L	17Networks_LH_SalVentAttnA_Ins_5	#c43bfcff
16595908	L	17Networks_LH_SalVentAttnA_Ins_6	#c43bfdff
16661444	L	17Networks_LH_SalVentAttnA_Ins_7	#c43bfeff
16726980	L	17Networks_LH_SalVentAttnA_Ins_8	#c43bffff
16397505	L	17Networks_LH_SalVentAttnA_Ins_9	#c134faff
16399300	L	17Networks_LH_SalVentAttnA_ParMed_1	#c43bfaff
16331969	L	17Networks_LH_SalVentAttnA_ParMed_2	#c134f9ff
16463041	L	17Networks_LH_SalVentAttnA_ParMed_3	#c134fbff
16004545	L	17Networks_LH_SalVentAttnA_ParMed_4	#c135f4ff
16070081	L	17Networks_LH_SalVentAttnA_ParMed_5	#c135f5ff
16135617	L	17Networks_LH_SalVentAttnA_ParMed_6	#c135f6ff
16201153	L	17Networks_LH_SalVentAttnA_ParMed_7	#c135f7ff
16267973	L	17Networks_LH_SalVentAttnA_FrMed_1	#c53af8ff
16333509	L	17Networks_LH_SalVentAttnA_FrMed_2	#c53af9ff
16464581	L	17Networks_LH_SalVentAttnA_FrMed_3	#c53afbff
16530117	L	17Networks_LH_SalVentAttnA_FrMed_4	#c53afcff
16595653	L	17Networks_LH_SalVentAttnA_FrMed_5	#c53afdff
16661189	L	17Networks_LH_SalVentAttnA_FrMed_6	#c53afeff
16726725	L	17Networks_LH_SalVentAttnA_FrMed_7	#c53affff
14063871	L	17Networks_LH_SalVentAttnB_IPL_1	#ff98d6ff
14129407	L	17Networks_LH_SalVentAttnB_IPL_2	#ff98d7ff
14194943	L	17Networks_LH_SalVentAttnB_PFCd_1	#ff98d8ff
13933055	L	17Networks_LH_SalVentAttnB_PFCl_1	#ff99d4ff
14064127	L	17Networks_LH_SalVentAttnB_PFCl_2	#ff99d6ff
14129663	L	17Networks_LH_SalVentAttnB_PFCl_3	#ff99d7ff
14195199	L	17Networks_LH_SalVentAttnB_PFCl_4	#ff99d8ff
14260735	L	17Networks_LH_SalVentAttnB_PFCl_5	#ff99d9ff
13998591	L	17Networks_LH_SalVentAttnB_Ins_1	#ff99d5ff
14326271	L	17Networks_LH_SalVentAttnB_Ins_2	#ff99daff
14391807	L	17Networks_LH_SalVentAttnB_Ins_3	#ff99dbff
14457343	L	17Networks_LH_SalVentAttnB_Ins_4	#ff99dcff
14522879	L	17Networks_LH_SalVentAttnB_Ins_5	#ff99ddff
14064383	L	17Networks_LH_SalVentAttnB_Ins_6	#ff9ad6ff
14129919	L	17Networks_LH_SalVentAttnB_Ins_7	#ff9ad7ff
13998335	L	17Networks_LH_SalVentAttnB_OFC_1	#ff98d5ff
13932543	L	17Networks_LH_SalVentAttnB_PFCmp_1	#ff97d4ff
14063615	L	17Networks_LH_SalVentAttnB_PFCmp_2	#ff97d6ff
14129151	L	17Networks_LH_SalVentAttnB_PFCmp_3	#ff97d7ff
14194687	L	17Networks_LH_SalVentAttnB_PFCmp_4	#ff97d8ff
14260223	L	17Networks_LH_SalVentAttnB_PFCmp_5	#ff97d9ff
3049338	L	17Networks_LH_LimbicB_OFC_1	#7a872eff
3114874	L	17Networks_LH_LimbicB_OFC_2	#7a872fff
3180410	L	17Networks_LH_LimbicB_OFC_3	#7a8730ff
3245946	L	17Networks_LH_LimbicB_OFC_4	#7a8731ff
3377018	L	17Networks_LH_LimbicB_OFC_5	#7a8733ff
3442554	L	17Networks_LH_LimbicB_OFC_6	#7a8734ff
3508090	L	17Networks_LH_LimbicB_OFC_7	#7a8735ff
3573626	L	17Networks_LH_LimbicB_OFC_8	#7a8736ff
3639162	L	17Networks_LH_LimbicB_OFC_9	#7a8737ff
3704698	L	17Networks_LH_LimbicB_OFC_10	#7a8738ff
3770234	L	17Networks_LH_LimbicB_OFC_11	#7a8739ff
3311738	L	17Networks_LH_LimbicB_OFC_12	#7a8832ff
10418396	L	17Networks_LH_LimbicA_TempPole_1	#dcf89eff
10483932	L	17Networks_LH_LimbicA_TempPole_2	#dcf89fff
10549468	L	17Networks_LH_LimbicA_TempPole_3	#dcf8a0ff
10615004	L	17Networks_LH_LimbicA_TempPole_4	#dcf8a1ff
10680540	L	17Networks_LH_LimbicA_TempPole_5	#dcf8a2ff
10746076	L	17Networks_LH_LimbicA_TempPole_6	#dcf8a3ff
10877148	L	17Networks_LH_LimbicA_TempPole_7	#dcf8a5ff
10942684	L	17Networks_LH_LimbicA_TempPole_8	#dcf8a6ff
11008220	L	17Networks_LH_LimbicA_TempPole_9	#dcf8a7ff
11073756	L	17Networks_LH_LimbicA_TempPole_10	#dcf8a8ff
11139292	L	17Networks_LH_LimbicA_TempPole_11	#dcf8a9ff
11204828	L	17Networks_LH_LimbicA_TempPole_12	#dcf8aaff
11270364	L	17Networks_LH_LimbicA_TempPole_13	#dcf8abff
10811868	L	17Networks_LH_LimbicA_TempPole_14	#dcf9a4ff
10877404	L	17Networks_LH_LimbicA_TempPole_15	#dcf9a5ff
10942940	L	17Networks_LH_LimbicA_TempPole_16	#dcf9a6ff
2331878	L	17Networks_LH_ContA_Temp_1	#e69423ff
2397414	L	17Networks_LH_ContA_Temp_2	#e69424ff
2069734	L	17Networks_LH_ContA_IPS_1	#e6941fff
2135270	L	17Networks_LH_ContA_IPS_2	#e69420ff
2200806	L	17Networks_LH_ContA_IPS_3	#e69421ff
2266342	L	17Networks_LH_ContA_IPS_4	#e69422ff
2462950	L	17Networks_LH_ContA_IPS_5	#e69425ff
2528486	L	17Networks_LH_ContA_IPS_6	#e69426ff
2594022	L	17Networks_LH_ContA_IPS_7	#e69427ff
2659558	L	17Networks_LH_ContA_IPS_8	#e69428ff
2725094	L	17Networks_LH_ContA_IPS_9	#e69429ff
2790630	L	17Networks_LH_ContA_IPS_10	#e6942aff
2332134	L	17Networks_LH_ContA_IPS_11	#e69523ff
2397670	L	17Networks_LH_ContA_PFCd_1	#e69524ff
2463206	L	17Networks_LH_ContA_PFCd_2	#e69525ff
2528742	L	17Networks_LH_ContA_PFCd_3	#e69526ff
2135526	L	17Networks_LH_ContA_PFCl_1	#e69520ff
2201062	L	17Networks_LH_ContA_PFCl_2	#e69521ff
2266598	L	17Networks_LH_ContA_PFCl_3	#e69522ff
2594278	L	17Networks_LH_ContA_PFCl_4	#e69527ff
2659814	L	17Networks_LH_ContA_PFCl_5	#e69528ff
2725350	L	17Networks_LH_ContA_PFCl_6	#e69529ff
2790886	L	17Networks_LH_ContA_PFCl_7	#e6952aff
2332390	L	17Networks_LH_ContA_PFCl_8	#e69623ff
2397926	L	17Networks_LH_ContA_PFCl_9	#e69624ff
2463462	L	17Networks_LH_ContA_PFCl_10	#e69625ff
2331879	L	17Networks_LH_ContA_PFClv_1	#e79423ff
2397415	L	17Networks_LH_ContA_PFClv_2	#e79424ff
2462951	L	17Networks_LH_ContA_PFClv_3	#e79425ff
2528487	L	17Networks_LH_ContA_PFClv_4	#e79426ff
2594023	L	17Networks_LH_ContA_Cingm_1	#e79427ff
4928135	L	17Networks_LH_ContB_Temp_1	#87324bff
4993671	L	17Networks_LH_ContB_Temp_2	#87324cff
5059207	L	17Networks_LH_ContB_Temp_3	#87324dff
4862599	L	17Networks_LH_ContB_IPL_1	#87324aff
5124743	L	17Networks_LH_ContB_IPL_2	#87324eff
5190279	L	17Networks_LH_ContB_IPL_3	#87324fff
5255815	L	17Networks_LH_ContB_IPL_4	#873250ff
5321351	L	17Networks_LH_ContB_IPL_5	#873251ff
5386887	L	17Networks_LH_ContB_IPL_6	#873252ff
4928391	L	17Networks_LH_ContB_PFCd_1	#87334bff
4993927	L	17Networks_LH_ContB_PFCd_2	#87334cff
5059463	L	17Networks_LH_ContB_PFCl_1	#87334dff
5124999	L	17Networks_LH_ContB_PFCl_2	#87334eff
5190535	L	17Networks_LH_ContB_PFCl_3	#87334fff
4928136	L	17Networks_LH_ContB_PFClv_1	#88324bff
4993672	L	17Networks_LH_ContB_PFClv_2	#88324cff
5059208	L	17Networks_LH_ContB_PFClv_3	#88324dff
5124744	L	17Networks_LH_ContB_PFCmp_1	#88324eff
11308151	L	17Networks_LH_ContC_pCun_1	#778cacff
11373687	L	17Networks_LH_ContC_pCun_2	#778cadff
11439223	L	17Networks_LH_ContC_pCun_3	#778caeff
11504759	L	17Networks_LH_ContC_pCun_4	#778cafff
11635831	L	17Networks_LH_ContC_pCun_5	#778cb1ff
11701367	L	17Networks_LH_ContC_pCun_6	#778cb2ff
11766903	L	17Networks_LH_ContC_pCun_7	#778cb3ff
11832439	L	17Networks_LH_ContC_pCun_8	#778cb4ff
11897975	L	17Networks_LH_ContC_pCun_9	#778cb5ff
11963511	L	17Networks_LH_ContC_pCun_10	#778cb6ff
12029047	L	17Networks_LH_ContC_pCun_11	#778cb7ff
11570551	L	17Networks_LH_ContC_pCun_12	#778db0ff
11570295	L	17Networks_LH_ContC_Cingp_1	#778cb0ff
12094583	L	17Networks_LH_ContC_Cingp_2	#778cb8ff
11636087	L	17Networks_LH_ContC_Cingp_3	#778db1ff
11701623	L	17Networks_LH_ContC_Cingp_4	#778db2ff
11767159	L	17Networks_LH_ContC_Cingp_5	#778db3ff
131071	L	17Networks_LH_DefaultA_IPL_1	#ffff01ff
196607	L	17Networks_LH_DefaultA_IPL_2	#ffff02ff
262143	L	17Networks_LH_DefaultA_IPL_3	#ffff03ff
327679	L	17Networks_LH_DefaultA_IPL_4	#ffff04ff
393215	L	17Networks_LH_DefaultA_IPL_5	#ffff05ff
458751	L	17Networks_LH_DefaultA_IPL_6	#ffff06ff
524287	L	17Networks_LH_DefaultA_IPL_7	#ffff07ff
589823	L	17Networks_LH_DefaultA_PFCd_1	#ffff08ff
63996	L	17Networks_LH_DefaultA_PFCd_2	#fcf900ff
129532	L	17Networks_LH_DefaultA_PFCd_3	#fcf901ff
64252	L	17Networks_LH_DefaultA_PFCd_4	#fcfa00ff
130815	L	17Networks_LH_DefaultA_pCunPCC_1	#fffe01ff
196351	L	17Networks_LH_DefaultA_pCunPCC_2	#fffe02ff
261887	L	17Networks_LH_DefaultA_pCunPCC_3	#fffe03ff
327423	L	17Networks_LH_DefaultA_pCunPCC_4	#fffe04ff
392959	L	17Networks_LH_DefaultA_pCunPCC_5	#fffe05ff
458495	L	17Networks_LH_DefaultA_pCunPCC_6	#fffe06ff
524031	L	17Networks_LH_DefaultA_pCunPCC_7	#fffe07ff
65535	L	17Networks_LH_DefaultA_pCunPCC_8	#ffff00ff
64508	L	17Networks_LH_DefaultA_pCunPCC_9	#fcfb00ff
64764	L	17Networks_LH_DefaultA_pCunPCC_10	#fcfc00ff
65020	L	17Networks_LH_DefaultA_pCunPCC_11	#fcfd00ff
65276	L	17Networks_LH_DefaultA_pCunPCC_12	#fcfe00ff
63485	L	17Networks_LH_DefaultA_pCunPCC_13	#fdf700ff
63741	L	17Networks_LH_DefaultA_pCunPCC_14	#fdf800ff
63997	L	17Networks_LH_DefaultA_pCunPCC_15	#fdf900ff
64253	L	17Networks_LH_DefaultA_pCunPCC_16	#fdfa00ff
64509	L	17Networks_LH_DefaultA_pCunPCC_17	#fdfb00ff
64765	L	17Networks_LH_DefaultA_pCunPCC_18	#fdfc00ff
131070	L	17Networks_LH_DefaultA_PFCm_1	#feff01ff
196606	L	17Networks_LH_DefaultA_PFCm_2	#feff02ff
262142	L	17Networks_LH_DefaultA_PFCm_3	#feff03ff
327678	L	17Networks_LH_DefaultA_PFCm_4	#feff04ff
393214	L	17Networks_LH_DefaultA_PFCm_5	#feff05ff
458750	L	17Networks_LH_DefaultA_PFCm_6	#feff06ff
524286	L	17Networks_LH_DefaultA_PFCm_7	#feff07ff
63995	L	17Networks_LH_DefaultA_PFCm_8	#fbf900ff
64251	L	17Networks_LH_DefaultA_PFCm_9	#fbfa00ff
4800205	L	17Networks_LH_DefaultB_Temp_1	#cd3e49ff
4865741	L	17Networks_LH_DefaultB_Temp_2	#cd3e4aff
4931277	L	17Networks_LH_DefaultB_Temp_3	#cd3e4bff
4996813	L	17Networks_LH_DefaultB_Temp_4	#cd3e4cff
5062349	L	17Networks_LH_DefaultB_Temp_5	#cd3e4dff
5193421	L	17Networks_LH_DefaultB_Temp_6	#cd3e4fff
5258957	L	17Networks_LH_DefaultB_Temp_7	#cd3e50ff
5324493	L	17Networks_LH_DefaultB_Temp_8	#cd3e51ff
5390029	L	17Networks_LH_DefaultB_Temp_9	#cd3e52ff
5455565	L	17Networks_LH_DefaultB_Temp_10	#cd3e53ff
5521101	L	17Networks_LH_DefaultB_Temp_11	#cd3e54ff
5586637	L	17Networks_LH_DefaultB_Temp_12	#cd3e55ff
5128141	L	17Networks_LH_DefaultB_Temp_13	#cd3f4eff
5127885	L	17Networks_LH_DefaultB_IPL_1	#cd3e4eff
5652173	L	17Networks_LH_DefaultB_IPL_2	#cd3e56ff
5193677	L	17Networks_LH_DefaultB_IPL_3	#cd3f4fff
5259213	L	17Networks_LH_DefaultB_IPL_4	#cd3f50ff
5324749	L	17Networks_LH_DefaultB_IPL_5	#cd3f51ff
5390285	L	17Networks_LH_DefaultB_IPL_6	#cd3f52ff
5455821	L	17Networks_LH_DefaultB_IPL_7	#cd3f53ff
5521357	L	17Networks_LH_DefaultB_IPL_8	#cd3f54ff
4931533	L	17Networks_LH_DefaultB_PFCd_1	#cd3f4bff
4997069	L	17Networks_LH_DefaultB_PFCd_2	#cd3f4cff
5062605	L	17Networks_LH_DefaultB_PFCd_3	#cd3f4dff
5586893	L	17Networks_LH_DefaultB_PFCd_4	#cd3f55ff
5128397	L	17Networks_LH_DefaultB_PFCd_5	#cd404eff
5193933	L	17Networks_LH_DefaultB_PFCd_6	#cd404fff
5259469	L	17Networks_LH_DefaultB_PFCd_7	#cd4050ff
5325005	L	17Networks_LH_DefaultB_PFCd_8	#cd4051ff
5390541	L	17Networks_LH_DefaultB_PFCd_9	#cd4052ff
5456077	L	17Networks_LH_DefaultB_PFCd_10	#cd4053ff
5652429	L	17Networks_LH_DefaultB_PFCl_1	#cd3f56ff
5521613	L	17Networks_LH_DefaultB_PFCl_2	#cd4054ff
4931278	L	17Networks_LH_DefaultB_PFCv_1	#ce3e4bff
4996814	L	17Networks_LH_DefaultB_PFCv_2	#ce3e4cff
5062350	L	17Networks_LH_DefaultB_PFCv_3	#ce3e4dff
5193422	L	17Networks_LH_DefaultB_PFCv_4	#ce3e4fff
5258958	L	17Networks_LH_DefaultB_PFCv_5	#ce3e50ff
5324494	L	17Networks_LH_DefaultB_PFCv_6	#ce3e51ff
5390030	L	17Networks_LH_DefaultB_PFCv_7	#ce3e52ff
5455566	L	17Networks_LH_DefaultB_PFCv_8	#ce3e53ff
5521102	L	17Networks_LH_DefaultB_PFCv_9	#ce3e54ff
8585216	L	17Networks_LH_DefaultC_IPL_1	#000083ff
8650752	L	17Networks_LH_DefaultC_IPL_2	#000084ff
8716288	L	17Networks_LH_DefaultC_Rsp_1	#000085ff
8781824	L	17Networks_LH_DefaultC_Rsp_2	#000086ff
8847360	L	17Networks_LH_DefaultC_Rsp_3	#000087ff
8912896	L	17Networks_LH_DefaultC_Rsp_4	#000088ff
8454400	L	17Networks_LH_DefaultC_PHC_1	#000181ff
8585472	L	17Networks_LH_DefaultC_PHC_2	#000183ff
8651008	L	17Networks_LH_DefaultC_PHC_3	#000184ff
8716544	L	17Networks_LH_DefaultC_PHC_4	#000185ff
8782080	L	17Networks_LH_DefaultC_PHC_5	#000186ff
8847616	L	17Networks_LH_DefaultC_PHC_6	#000187ff
16461836	L	17Networks_LH_TempPar_1	#0c30fbff
16527372	L	17Networks_LH_TempPar_2	#0c30fcff
16592908	L	17Networks_LH_TempPar_3	#0c30fdff
16658444	L	17Networks_LH_TempPar_4	#0c30feff
16328969	L	17Networks_LH_TempPar_5	#0929f9ff
16394505	L	17Networks_LH_TempPar_6	#0929faff
16460041	L	17Networks_LH_TempPar_7	#0929fbff
16525577	L	17Networks_LH_TempPar_8	#0929fcff
16591113	L	17Networks_LH_TempPar_9	#0929fdff
16656649	L	17Networks_LH_TempPar_10	#0929feff
16722185	L	17Networks_LH_TempPar_11	#0929ffff
16263689	L	17Networks_LH_TempPar_12	#092af8ff
65793	R	Background+FreeSurfer_Defined_Medial_Wall	#010101ff
8852344	R	17Networks_RH_VisCent_Striate_1	#781387ff
8917880	R	17Networks_RH_VisCent_Striate_2	#781388ff
8458872	R	17Networks_RH_VisCent_ExStr_1	#781281ff
8524408	R	17Networks_RH_VisCent_ExStr_2	#781282ff
8589944	R	17Networks_RH_VisCent_ExStr_3	#781283ff
8655480	R	17Networks_RH_VisCent_ExStr_4	#781284ff
8721016	R	17Networks_RH_VisCent_ExStr_5	#781285ff
8786552	R	17Networks_RH_VisCent_ExStr_6	#781286ff
8852088	R	17Networks_RH_VisCent_ExStr_7	#781287ff
8393592	R	17Networks_RH_VisCent_ExStr_8	#781380ff
8459128	R	17Networks_RH_VisCent_ExStr_9	#781381ff
8524664	R	17Networks_RH_VisCent_ExStr_10	#781382ff
8590200	R	17Networks_RH_VisCent_ExStr_11	#781383ff
8655736	R	17Networks_RH_VisCent_ExStr_12	#781384ff
8721272	R	17Networks_RH_VisCent_ExStr_13	#781385ff
8786808	R	17Networks_RH_VisCent_ExStr_14	#781386ff
8983416	R	17Networks_RH_VisCent_ExStr_15	#781389ff
9048952	R	17Networks_RH_VisCent_ExStr_16	#78138aff
9114488	R	17Networks_RH_VisCent_ExStr_17	#78138bff
9180024	R	17Networks_RH_VisCent_ExStr_18	#78138cff
9245560	R	17Networks_RH_VisCent_ExStr_19	#78138dff
9311096	R	17Networks_RH_VisCent_ExStr_20	#78138eff
8852600	R	17Networks_RH_VisCent_ExStr_21	#781487ff
8918136	R	17Networks_RH_VisCent_ExStr_22	#781488ff
8983672	R	17Networks_RH_VisCent_ExStr_23	#781489ff
9049208	R	17Networks_RH_VisCent_ExStr_24	#78148aff
9114744	R	17Networks_RH_VisCent_ExStr_25	#78148bff
9180280	R	17Networks_RH_VisCent_ExStr_26	#78148cff
9245816	R	17Networks_RH_VisCent_ExStr_27	#78148dff
9311352	R	17Networks_RH_VisCent_ExStr_28	#78148eff
8852856	R	17Networks_RH_VisCent_ExStr_29	#781587ff
8918392	R	17Networks_RH_VisCent_ExStr_30	#781588ff
8983928	R	17Networks_RH_VisCent_ExStr_31	#781589ff
511	R	17Networks_RH_VisPeri_StriCal_1	#ff0100ff
131583	R	17Networks_RH_VisPeri_StriCal_2	#ff0102ff
197119	R	17Networks_RH_VisPeri_StriCal_3	#ff0103ff
262655	R	17Networks_RH_VisPeri_StriCal_4	#ff0104ff
328191	R	17Networks_RH_VisPeri_StriCal_5	#ff0105ff
393727	R	17Networks_RH_VisPeri_StriCal_6	#ff0106ff
65790	R	17Networks_RH_VisPeri_ExStrInf_1	#fe0001ff
131326	R	17Networks_RH_VisPeri_ExStrInf_2	#fe0002ff
196862	R	17Networks_RH_VisPeri_ExStrInf_3	#fe0003ff
262398	R	17Networks_RH_VisPeri_ExStrInf_4	#fe0004ff
327934	R	17Networks_RH_VisPeri_ExStrInf_5	#fe0005ff
393470	R	17Networks_RH_VisPeri_ExStrInf_6	#fe0006ff
459006	R	17Networks_RH_VisPeri_ExStrInf_7	#fe0007ff
510	R	17Networks_RH_VisPeri_ExStrInf_8	#fe0100ff
66046	R	17Networks_RH_VisPeri_ExStrInf_9	#fe0101ff
254	R	17Networks_RH_VisPeri_ExStrSup_1	#fe0000ff
524542	R	17Networks_RH_VisPeri_ExStrSup_2	#fe0008ff
131582	R	17Networks_RH_VisPeri_ExStrSup_3	#fe0102ff
197118	R	17Networks_RH_VisPeri_ExStrSup_4	#fe0103ff
262654	R	17Networks_RH_VisPeri_ExStrSup_5	#fe0104ff
328190	R	17Networks_RH_VisPeri_ExStrSup_6	#fe0105ff
393726	R	17Networks_RH_VisPeri_ExStrSup_7	#fe0106ff
459262	R	17Networks_RH_VisPeri_ExStrSup_8	#fe0107ff
524798	R	17Networks_RH_VisPeri_ExStrSup_9	#fe0108ff
11698502	R	17Networks_RH_SomMotA_1	#4681b2ff
11764038	R	17Networks_RH_SomMotA_2	#4681b3ff
11829574	R	17Networks_RH_SomMotA_3	#4681b4ff
11895110	R	17Networks_RH_SomMotA_4	#4681b5ff
11436614	R	17Networks_RH_SomMotA_5	#4682aeff
11502150	R	17Networks_RH_SomMotA_6	#4682afff
11567686	R	17Networks_RH_SomMotA_7	#4682b0ff
11633222	R	17Networks_RH_SomMotA_8	#4682b1ff
11698758	R	17Networks_RH_SomMotA_9	#4682b2ff
11764294	R	17Networks_RH_SomMotA_10	#4682b3ff
11829830	R	17Networks_RH_SomMotA_11	#4682b4ff
11895366	R	17Networks_RH_SomMotA_12	#4682b5ff
11436870	R	17Networks_RH_SomMotA_13	#4683aeff
11502406	R	17Networks_RH_SomMotA_14	#4683afff
11567942	R	17Networks_RH_SomMotA_15	#4683b0ff
11633478	R	17Networks_RH_SomMotA_16	#4683b1ff
11699014	R	17Networks_RH_SomMotA_17	#4683b2ff
11764550	R	17Networks_RH_SomMotA_18	#4683b3ff
11830086	R	17Networks_RH_SomMotA_19	#4683b4ff
11961158	R	17Networks_RH_SomMotA_20	#4683b6ff
12026694	R	17Networks_RH_SomMotA_21	#4683b7ff
12092230	R	17Networks_RH_SomMotA_22	#4683b8ff
12157766	R	17Networks_RH_SomMotA_23	#4683b9ff
12223302	R	17Networks_RH_SomMotA_24	#4683baff
12288838	R	17Networks_RH_SomMotA_25	#4683bbff
12354374	R	17Networks_RH_SomMotA_26	#4683bcff
11895878	R	17Networks_RH_SomMotA_27	#4684b5ff
11961414	R	17Networks_RH_SomMotA_28	#4684b6ff
12026950	R	17Networks_RH_SomMotA_29	#4684b7ff
12092486	R	17Networks_RH_SomMotA_30	#4684b8ff
12158022	R	17Networks_RH_SomMotA_31	#4684b9ff
12223558	R	17Networks_RH_SomMotA_32	#4684baff
12289094	R	17Networks_RH_SomMotA_33	#4684bbff
12354630	R	17Networks_RH_SomMotA_34	#4684bcff
11896134	R	17Networks_RH_SomMotA_35	#4685b5ff
11961670	R	17Networks_RH_SomMotA_36	#4685b6ff
12027206	R	17Networks_RH_SomMotA_37	#4685b7ff
12092742	R	17Networks_RH_SomMotA_38	#4685b8ff
12158278	R	17Networks_RH_SomMotA_39	#4685b9ff
12223814	R	17Networks_RH_SomMotA_40	#4685baff
12289350	R	17Networks_RH_SomMotA_41	#4685bbff
10669099	R	17Networks_RH_SomMotB_Cent_1	#2bcca2ff
10734635	R	17Networks_RH_SomMotB_Cent_2	#2bcca3ff
10800171	R	17Networks_RH_SomMotB_Cent_3	#2bcca4ff
10931243	R	17Networks_RH_SomMotB_Cent_4	#2bcca6ff
10996779	R	17Networks_RH_SomMotB_Cent_5	#2bcca7ff
11062315	R	17Networks_RH_SomMotB_Cent_6	#2bcca8ff
11127851	R	17Networks_RH_SomMotB_Cent_7	#2bcca9ff
11193387	R	17Networks_RH_SomMotB_Cent_8	#2bccaaff
11258923	R	17Networks_RH_SomMotB_Cent_9	#2bccabff
10538283	R	17Networks_RH_SomMotB_S2_1	#2bcda0ff
10603819	R	17Networks_RH_SomMotB_S2_2	#2bcda1ff
10669355	R	17Networks_RH_SomMotB_S2_3	#2bcda2ff
10734891	R	17Networks_RH_SomMotB_S2_4	#2bcda3ff
10865963	R	17Networks_RH_SomMotB_S2_5	#2bcda5ff
10931499	R	17Networks_RH_SomMotB_S2_6	#2bcda6ff
10997035	R	17Networks_RH_SomMotB_S2_7	#2bcda7ff
11062571	R	17Networks_RH_SomMotB_S2_8	#2bcda8ff
11128107	R	17Networks_RH_SomMotB_S2_9	#2bcda9ff
11193643	R	17Networks_RH_SomMotB_S2_10	#2bcdaaff
11259179	R	17Networks_RH_SomMotB_S2_11	#2bcdabff
11324715	R	17Networks_RH_SomMotB_Ins_1	#2bcdacff
10472490	R	17Networks_RH_SomMotB_Aud_1	#2acc9fff
10538026	R	17Networks_RH_SomMotB_Aud_2	#2acca0ff
10603562	R	17Networks_RH_SomMotB_Aud_3	#2acca1ff
10669098	R	17Networks_RH_SomMotB_Aud_4	#2acca2ff
10800170	R	17Networks_RH_SomMotB_Aud_5	#2acca4ff
10865706	R	17Networks_RH_SomMotB_Aud_6	#2acca5ff
10931242	R	17Networks_RH_SomMotB_Aud_7	#2acca6ff
10996778	R	17Networks_RH_SomMotB_Aud_8	#2acca7ff
11062314	R	17Networks_RH_SomMotB_Aud_9	#2acca8ff
11127850	R	17Networks_RH_SomMotB_Aud_10	#2acca9ff
11193386	R	17Networks_RH_SomMotB_Aud_11	#2accaaff
10734890	R	17Networks_RH_SomMotB_Aud_12	#2acda3ff
3775562	R	17Networks_RH_DorsAttnA_TempOcc_1	#4a9c39ff
3841098	R	17Networks_RH_DorsAttnA_TempOcc_2	#4a9c3aff
3906634	R	17Networks_RH_DorsAttnA_TempOcc_3	#4a9c3bff
3972170	R	17Networks_RH_DorsAttnA_TempOcc_4	#4a9c3cff
4103242	R	17Networks_RH_DorsAttnA_TempOcc_5	#4a9c3eff
4168778	R	17Networks_RH_DorsAttnA_TempOcc_6	#4a9c3fff
4234314	R	17Networks_RH_DorsAttnA_TempOcc_7	#4a9c40ff
4299850	R	17Networks_RH_DorsAttnA_TempOcc_8	#4a9c41ff
4365386	R	17Networks_RH_DorsAttnA_TempOcc_9	#4a9c42ff
4430922	R	17Networks_RH_DorsAttnA_TempOcc_10	#4a9c43ff
4496458	R	17Networks_RH_DorsAttnA_TempOcc_11	#4a9c44ff
3840843	R	17Networks_RH_DorsAttnA_ParOcc_1	#4b9b3aff
3906379	R	17Networks_RH_DorsAttnA_ParOcc_2	#4b9b3bff
4037451	R	17Networks_RH_DorsAttnA_ParOcc_3	#4b9b3dff
4102987	R	17Networks_RH_DorsAttnA_ParOcc_4	#4b9b3eff
4168523	R	17Networks_RH_DorsAttnA_ParOcc_5	#4b9b3fff
4234059	R	17Networks_RH_DorsAttnA_ParOcc_6	#4b9b40ff
4299595	R	17Networks_RH_DorsAttnA_ParOcc_7	#4b9b41ff
4365131	R	17Networks_RH_DorsAttnA_ParOcc_8	#4b9b42ff
3709771	R	17Networks_RH_DorsAttnA_SPL_1	#4b9b38ff
3775307	R	17Networks_RH_DorsAttnA_SPL_2	#4b9b39ff
3971915	R	17Networks_RH_DorsAttnA_SPL_3	#4b9b3cff
4430667	R	17Networks_RH_DorsAttnA_SPL_4	#4b9b43ff
4496203	R	17Networks_RH_DorsAttnA_SPL_5	#4b9b44ff
4037707	R	17Networks_RH_DorsAttnA_SPL_6	#4b9c3dff
4103243	R	17Networks_RH_DorsAttnA_SPL_7	#4b9c3eff
4168779	R	17Networks_RH_DorsAttnA_SPL_8	#4b9c3fff
4234315	R	17Networks_RH_DorsAttnA_SPL_9	#4b9c40ff
4299851	R	17Networks_RH_DorsAttnA_SPL_10	#4b9c41ff
4365387	R	17Networks_RH_DorsAttnA_SPL_11	#4b9c42ff
4430923	R	17Networks_RH_DorsAttnA_SPL_12	#4b9c43ff
4496459	R	17Networks_RH_DorsAttnA_SPL_13	#4b9c44ff
1013249	R	17Networks_RH_DorsAttnB_TempOcc_1	#01760fff
620033	R	17Networks_RH_DorsAttnB_PostC_1	#017609ff
685569	R	17Networks_RH_DorsAttnB_PostC_2	#01760aff
751105	R	17Networks_RH_DorsAttnB_PostC_3	#01760bff
816641	R	17Networks_RH_DorsAttnB_PostC_4	#01760cff
882177	R	17Networks_RH_DorsAttnB_PostC_5	#01760dff
947713	R	17Networks_RH_DorsAttnB_PostC_6	#01760eff
1078785	R	17Networks_RH_DorsAttnB_PostC_7	#017610ff
1144321	R	17Networks_RH_DorsAttnB_PostC_8	#017611ff
1209857	R	17Networks_RH_DorsAttnB_PostC_9	#017612ff
1275393	R	17Networks_RH_DorsAttnB_PostC_10	#017613ff
1340929	R	17Networks_RH_DorsAttnB_PostC_11	#017614ff
1406465	R	17Networks_RH_DorsAttnB_PostC_12	#017615ff
1472001	R	17Networks_RH_DorsAttnB_PostC_13	#017616ff
1013505	R	17Networks_RH_DorsAttnB_PostC_14	#01770fff
1079041	R	17Networks_RH_DorsAttnB_PostC_15	#017710ff
1144577	R	17Networks_RH_DorsAttnB_PostC_16	#017711ff
882433	R	17Networks_RH_DorsAttnB_FEF_1	#01770dff
1210113	R	17Networks_RH_DorsAttnB_FEF_2	#017712ff
1275649	R	17Networks_RH_DorsAttnB_FEF_3	#017713ff
1341185	R	17Networks_RH_DorsAttnB_FEF_4	#017714ff
1406721	R	17Networks_RH_DorsAttnB_FEF_5	#017715ff
948225	R	17Networks_RH_DorsAttnB_FEF_6	#01780eff
1472257	R	17Networks_RH_DorsAttnB_PrCv_1	#017716ff
1013761	R	17Networks_RH_DorsAttnB_PrCv_2	#01780fff
16267972	R	17Networks_RH_SalVentAttnA_ParOper_1	#c43af8ff
16399044	R	17Networks_RH_SalVentAttnA_ParOper_2	#c43afaff
16464580	R	17Networks_RH_SalVentAttnA_ParOper_3	#c43afbff
16530116	R	17Networks_RH_SalVentAttnA_ParOper_4	#c43afcff
16595652	R	17Networks_RH_SalVentAttnA_ParOper_5	#c43afdff
16661188	R	17Networks_RH_SalVentAttnA_ParOper_6	#c43afeff
16464324	R	17Networks_RH_SalVentAttnA_PrC_1	#c439fbff
16267716	R	17Networks_RH_SalVentAttnA_FrOper_1	#c439f8ff
16398788	R	17Networks_RH_SalVentAttnA_FrOper_2	#c439faff
16529860	R	17Networks_RH_SalVentAttnA_FrOper_3	#c439fcff
16595396	R	17Networks_RH_SalVentAttnA_FrOper_4	#c439fdff
16660932	R	17Networks_RH_SalVentAttnA_FrOper_5	#c439feff
16726468	R	17Networks_RH_SalVentAttnA_FrOper_6	#c439ffff
16202435	R	17Networks_RH_SalVentAttnA_Ins_1	#c33af7ff
16267971	R	17Networks_RH_SalVentAttnA_Ins_2	#c33af8ff
16333507	R	17Networks_RH_SalVentAttnA_Ins_3	#c33af9ff
16464579	R	17Networks_RH_SalVentAttnA_Ins_4	#c33afbff
16530115	R	17Networks_RH_SalVentAttnA_Ins_5	#c33afcff
16595651	R	17Networks_RH_SalVentAttnA_Ins_6	#c33afdff
16661187	R	17Networks_RH_SalVentAttnA_Ins_7	#c33afeff
16726723	R	17Networks_RH_SalVentAttnA_Ins_8	#c33affff
16397248	R	17Networks_RH_SalVentAttnA_Ins_9	#c033faff
16071363	R	17Networks_RH_SalVentAttnA_ParMed_1	#c33af5ff
16136899	R	17Networks_RH_SalVentAttnA_ParMed_2	#c33af6ff
16399043	R	17Networks_RH_SalVentAttnA_ParMed_3	#c33afaff
16331712	R	17Networks_RH_SalVentAttnA_ParMed_4	#c033f9ff
15873216	R	17Networks_RH_SalVentAttnA_ParMed_5	#c034f2ff
15938752	R	17Networks_RH_SalVentAttnA_ParMed_6	#c034f3ff
16004288	R	17Networks_RH_SalVentAttnA_ParMed_7	#c034f4ff
16069824	R	17Networks_RH_SalVentAttnA_ParMed_8	#c034f5ff
16135360	R	17Networks_RH_SalVentAttnA_ParMed_9	#c034f6ff
16200896	R	17Networks_RH_SalVentAttnA_ParMed_10	#c034f7ff
16266432	R	17Networks_RH_SalVentAttnA_ParMed_11	#c034f8ff
16202179	R	17Networks_RH_SalVentAttnA_FrMed_1	#c339f7ff
16267715	R	17Networks_RH_SalVentAttnA_FrMed_2	#c339f8ff
16333251	R	17Networks_RH_SalVentAttnA_FrMed_3	#c339f9ff
16464323	R	17Networks_RH_SalVentAttnA_FrMed_4	#c339fbff
16529859	R	17Networks_RH_SalVentAttnA_FrMed_5	#c339fcff
16595395	R	17Networks_RH_SalVentAttnA_FrMed_6	#c339fdff
16660931	R	17Networks_RH_SalVentAttnA_FrMed_7	#c339feff
16726467	R	17Networks_RH_SalVentAttnA_FrMed_8	#c339ffff
16396992	R	17Networks_RH_SalVentAttnA_FrMed_9	#c032faff
15938496	R	17Networks_RH_SalVentAttnA_FrMed_10	#c033f3ff
14063870	R	17Networks_RH_SalVentAttnB_IPL_1	#fe98d6ff
14129406	R	17Networks_RH_SalVentAttnB_IPL_2	#fe98d7ff
14194942	R	17Networks_RH_SalVentAttnB_IPL_3	#fe98d8ff
13998334	R	17Networks_RH_SalVentAttnB_PFCd_1	#fe98d5ff
14260478	R	17Networks_RH_SalVentAttnB_PFCd_2	#fe98d9ff
14326014	R	17Networks_RH_SalVentAttnB_PFCd_3	#fe98daff
13932542	R	17Networks_RH_SalVentAttnB_PFCl_1	#fe97d4ff
14063614	R	17Networks_RH_SalVentAttnB_PFCl_2	#fe97d6ff
14129150	R	17Networks_RH_SalVentAttnB_PFCl_3	#fe97d7ff
14194686	R	17Networks_RH_SalVentAttnB_PFCl_4	#fe97d8ff
14260222	R	17Networks_RH_SalVentAttnB_PFCl_5	#fe97d9ff
14325758	R	17Networks_RH_SalVentAttnB_PFCl_6	#fe97daff
13998078	R	17Networks_RH_SalVentAttnB_PFClv_1	#fe97d5ff
14391294	R	17Networks_RH_SalVentAttnB_PFClv_2	#fe97dbff
13867262	R	17Networks_RH_SalVentAttnB_Ins_1	#fe98d3ff
13932798	R	17Networks_RH_SalVentAttnB_Ins_2	#fe98d4ff
14391550	R	17Networks_RH_SalVentAttnB_Ins_3	#fe98dbff
14457086	R	17Networks_RH_SalVentAttnB_Ins_4	#fe98dcff
14522622	R	17Networks_RH_SalVentAttnB_Ins_5	#fe98ddff
14064126	R	17Networks_RH_SalVentAttnB_Ins_6	#fe99d6ff
14129662	R	17Networks_RH_SalVentAttnB_Ins_7	#fe99d7ff
14195198	R	17Networks_RH_SalVentAttnB_Ins_8	#fe99d8ff
14260734	R	17Networks_RH_SalVentAttnB_Ins_9	#fe99d9ff
13933054	R	17Networks_RH_SalVentAttnB_PFCmp_1	#fe99d4ff
14326270	R	17Networks_RH_SalVentAttnB_PFCmp_2	#fe99daff
14391806	R	17Networks_RH_SalVentAttnB_PFCmp_3	#fe99dbff
14457342	R	17Networks_RH_SalVentAttnB_PFCmp_4	#fe99dcff
13998846	R	17Networks_RH_SalVentAttnB_PFCmp_5	#fe9ad5ff
13998079	R	17Networks_RH_SalVentAttnB_Cinga_1	#ff97d5ff
3049338	R	17Networks_RH_LimbicB_OFC_1	#7a872eff
3114874	R	17Networks_RH_LimbicB_OFC_2	#7a872fff
3180410	R	17Networks_RH_LimbicB_OFC_3	#7a8730ff
3245946	R	17Networks_RH_LimbicB_OFC_4	#7a8731ff
3311482	R	17Networks_RH_LimbicB_OFC_5	#7a8732ff
3442554	R	17Networks_RH_LimbicB_OFC_6	#7a8734ff
3508090	R	17Networks_RH_LimbicB_OFC_7	#7a8735ff
3573626	R	17Networks_RH_LimbicB_OFC_8	#7a8736ff
3639162	R	17Networks_RH_LimbicB_OFC_9	#7a8737ff
3704698	R	17Networks_RH_LimbicB_OFC_10	#7a8738ff
3770234	R	17Networks_RH_LimbicB_OFC_11	#7a8739ff
3835770	R	17Networks_RH_LimbicB_OFC_12	#7a873aff
3377274	R	17Networks_RH_LimbicB_OFC_13	#7a8833ff
3442810	R	17Networks_RH_LimbicB_OFC_14	#7a8834ff
10418396	R	17Networks_RH_LimbicA_TempPole_1	#dcf89eff
10483932	R	17Networks_RH_LimbicA_TempPole_2	#dcf89fff
10549468	R	17Networks_RH_LimbicA_TempPole_3	#dcf8a0ff
10615004	R	17Networks_RH_LimbicA_TempPole_4	#dcf8a1ff
10680540	R	17Networks_RH_LimbicA_TempPole_5	#dcf8a2ff
10746076	R	17Networks_RH_LimbicA_TempPole_6	#dcf8a3ff
10811612	R	17Networks_RH_LimbicA_TempPole_7	#dcf8a4ff
10942684	R	17Networks_RH_LimbicA_TempPole_8	#dcf8a6ff
11008220	R	17Networks_RH_LimbicA_TempPole_9	#dcf8a7ff
11073756	R	17Networks_RH_LimbicA_TempPole_10	#dcf8a8ff
11139292	R	17Networks_RH_LimbicA_TempPole_11	#dcf8a9ff
11204828	R	17Networks_RH_LimbicA_TempPole_12	#dcf8aaff
11270364	R	17Networks_RH_LimbicA_TempPole_13	#dcf8abff
11335900	R	17Networks_RH_LimbicA_TempPole_14	#dcf8acff
10877404	R	17Networks_RH_LimbicA_TempPole_15	#dcf9a5ff
10942940	R	17Networks_RH_LimbicA_TempPole_16	#dcf9a6ff
11008476	R	17Networks_RH_LimbicA_TempPole_17	#dcf9a7ff
2266342	R	17Networks_RH_ContA_Temp_1	#e69422ff
2331878	R	17Networks_RH_ContA_Temp_2	#e69423ff
2135014	R	17Networks_RH_ContA_IPS_1	#e69320ff
2200550	R	17Networks_RH_ContA_IPS_2	#e69321ff
2331622	R	17Networks_RH_ContA_IPS_3	#e69323ff
2397158	R	17Networks_RH_ContA_IPS_4	#e69324ff
2462694	R	17Networks_RH_ContA_IPS_5	#e69325ff
2528230	R	17Networks_RH_ContA_IPS_6	#e69326ff
2593766	R	17Networks_RH_ContA_IPS_7	#e69327ff
2659302	R	17Networks_RH_ContA_IPS_8	#e69328ff
2266086	R	17Networks_RH_ContA_PFCd_1	#e69322ff
2200806	R	17Networks_RH_ContA_PFCd_2	#e69421ff
2069733	R	17Networks_RH_ContA_PFCl_1	#e5941fff
2135269	R	17Networks_RH_ContA_PFCl_2	#e59420ff
2200805	R	17Networks_RH_ContA_PFCl_3	#e59421ff
2331877	R	17Networks_RH_ContA_PFCl_4	#e59423ff
2397413	R	17Networks_RH_ContA_PFCl_5	#e59424ff
2462949	R	17Networks_RH_ContA_PFCl_6	#e59425ff
2528485	R	17Networks_RH_ContA_PFCl_7	#e59426ff
2594021	R	17Networks_RH_ContA_PFCl_8	#e59427ff
2659557	R	17Networks_RH_ContA_PFCl_9	#e59428ff
2266341	R	17Networks_RH_ContA_Cingm_1	#e59422ff
2201061	R	17Networks_RH_ContA_Cingm_2	#e59521ff
4862856	R	17Networks_RH_ContB_Temp_1	#88334aff
4993928	R	17Networks_RH_ContB_Temp_2	#88334cff
5059464	R	17Networks_RH_ContB_Temp_3	#88334dff
5125000	R	17Networks_RH_ContB_Temp_4	#88334eff
5190536	R	17Networks_RH_ContB_Temp_5	#88334fff
4600455	R	17Networks_RH_ContB_IPL_1	#873246ff
4665991	R	17Networks_RH_ContB_IPL_2	#873247ff
4731527	R	17Networks_RH_ContB_IPL_3	#873248ff
4862599	R	17Networks_RH_ContB_IPL_4	#87324aff
4928135	R	17Networks_RH_ContB_IPL_5	#87324bff
4993671	R	17Networks_RH_ContB_IPL_6	#87324cff
5059207	R	17Networks_RH_ContB_IPL_7	#87324dff
5124743	R	17Networks_RH_ContB_IPL_8	#87324eff
5190279	R	17Networks_RH_ContB_IPL_9	#87324fff
4665735	R	17Networks_RH_ContB_PFCld_1	#873147ff
4731271	R	17Networks_RH_ContB_PFCld_2	#873148ff
4796807	R	17Networks_RH_ContB_PFCld_3	#873149ff
4927879	R	17Networks_RH_ContB_PFCld_4	#87314bff
4993415	R	17Networks_RH_ContB_PFCld_5	#87314cff
5058951	R	17Networks_RH_ContB_PFCld_6	#87314dff
5124487	R	17Networks_RH_ContB_PFCld_7	#87314eff
5190023	R	17Networks_RH_ContB_PFCld_8	#87314fff
5255559	R	17Networks_RH_ContB_PFCld_9	#873150ff
4600199	R	17Networks_RH_ContB_PFClv_1	#873146ff
4862343	R	17Networks_RH_ContB_PFClv_2	#87314aff
4797063	R	17Networks_RH_ContB_PFClv_3	#873249ff
5255815	R	17Networks_RH_ContB_PFClv_4	#873250ff
4797319	R	17Networks_RH_ContB_PFClv_5	#873349ff
4862855	R	17Networks_RH_ContB_PFClv_6	#87334aff
4928391	R	17Networks_RH_ContB_PFClv_7	#87334bff
4993927	R	17Networks_RH_ContB_PFClv_8	#87334cff
5059463	R	17Networks_RH_ContB_PFClv_9	#87334dff
4928134	R	17Networks_RH_ContB_PFCmp_1	#86324bff
4993670	R	17Networks_RH_ContB_PFCmp_2	#86324cff
11439479	R	17Networks_RH_ContC_pCun_1	#778daeff
11505015	R	17Networks_RH_ContC_pCun_2	#778dafff
11636087	R	17Networks_RH_ContC_pCun_3	#778db1ff
11701623	R	17Networks_RH_ContC_pCun_4	#778db2ff
11767159	R	17Networks_RH_ContC_pCun_5	#778db3ff
11832695	R	17Networks_RH_ContC_pCun_6	#778db4ff
11898231	R	17Networks_RH_ContC_pCun_7	#778db5ff
11963767	R	17Networks_RH_ContC_pCun_8	#778db6ff
12029303	R	17Networks_RH_ContC_Cingp_1	#778db7ff
12094839	R	17Networks_RH_ContC_Cingp_2	#778db8ff
11636343	R	17Networks_RH_ContC_Cingp_3	#778eb1ff
11701879	R	17Networks_RH_ContC_Cingp_4	#778eb2ff
196606	R	17Networks_RH_DefaultA_Temp_1	#feff02ff
262142	R	17Networks_RH_DefaultA_Temp_2	#feff03ff
65279	R	17Networks_RH_DefaultA_IPL_1	#fffe00ff
196351	R	17Networks_RH_DefaultA_IPL_2	#fffe02ff
261887	R	17Networks_RH_DefaultA_IPL_3	#fffe03ff
327423	R	17Networks_RH_DefaultA_IPL_4	#fffe04ff
392959	R	17Networks_RH_DefaultA_IPL_5	#fffe05ff
458495	R	17Networks_RH_DefaultA_IPL_6	#fffe06ff
524031	R	17Networks_RH_DefaultA_IPL_7	#fffe07ff
131071	R	17Networks_RH_DefaultA_PFCd_1	#ffff01ff
262143	R	17Networks_RH_DefaultA_PFCd_2	#ffff03ff
327679	R	17Networks_RH_DefaultA_PFCd_3	#ffff04ff
393215	R	17Networks_RH_DefaultA_PFCd_4	#ffff05ff
458751	R	17Networks_RH_DefaultA_PFCd_5	#ffff06ff
130559	R	17Networks_RH_DefaultA_pCunPCC_1	#fffd01ff
196095	R	17Networks_RH_DefaultA_pCunPCC_2	#fffd02ff
261631	R	17Networks_RH_DefaultA_pCunPCC_3	#fffd03ff
327167	R	17Networks_RH_DefaultA_pCunPCC_4	#fffd04ff
392703	R	17Networks_RH_DefaultA_pCunPCC_5	#fffd05ff
458239	R	17Networks_RH_DefaultA_pCunPCC_6	#fffd06ff
523775	R	17Networks_RH_DefaultA_pCunPCC_7	#fffd07ff
130815	R	17Networks_RH_DefaultA_pCunPCC_8	#fffe01ff
65535	R	17Networks_RH_DefaultA_pCunPCC_9	#ffff00ff
196607	R	17Networks_RH_DefaultA_pCunPCC_10	#ffff02ff
524287	R	17Networks_RH_DefaultA_pCunPCC_11	#ffff07ff
131069	R	17Networks_RH_DefaultA_PFCm_1	#fdff01ff
196605	R	17Networks_RH_DefaultA_PFCm_2	#fdff02ff
262141	R	17Networks_RH_DefaultA_PFCm_3	#fdff03ff
327677	R	17Networks_RH_DefaultA_PFCm_4	#fdff04ff
393213	R	17Networks_RH_DefaultA_PFCm_5	#fdff05ff
458749	R	17Networks_RH_DefaultA_PFCm_6	#fdff06ff
524285	R	17Networks_RH_DefaultA_PFCm_7	#fdff07ff
63994	R	17Networks_RH_DefaultA_PFCm_8	#faf900ff
64250	R	17Networks_RH_DefaultA_PFCm_9	#fafa00ff
64506	R	17Networks_RH_DefaultA_PFCm_10	#fafb00ff
64762	R	17Networks_RH_DefaultA_PFCm_11	#fafc00ff
65018	R	17Networks_RH_DefaultA_PFCm_12	#fafd00ff
5258958	R	17Networks_RH_DefaultB_Temp_1	#ce3e50ff
5324494	R	17Networks_RH_DefaultB_Temp_2	#ce3e51ff
5390030	R	17Networks_RH_DefaultB_Temp_3	#ce3e52ff
5455566	R	17Networks_RH_DefaultB_Temp_4	#ce3e53ff
5193678	R	17Networks_RH_DefaultB_AntTemp_1	#ce3f4fff
5259214	R	17Networks_RH_DefaultB_AntTemp_2	#ce3f50ff
5324750	R	17Networks_RH_DefaultB_AntTemp_3	#ce3f51ff
5062606	R	17Networks_RH_DefaultB_PFCd_1	#ce3f4dff
5128142	R	17Networks_RH_DefaultB_PFCd_2	#ce3f4eff
5390286	R	17Networks_RH_DefaultB_PFCd_3	#ce3f52ff
5455822	R	17Networks_RH_DefaultB_PFCd_4	#ce3f53ff
5521358	R	17Networks_RH_DefaultB_PFCd_5	#ce3f54ff
5586894	R	17Networks_RH_DefaultB_PFCd_6	#ce3f55ff
5652430	R	17Networks_RH_DefaultB_PFCd_7	#ce3f56ff
5193934	R	17Networks_RH_DefaultB_PFCd_8	#ce404fff
4931277	R	17Networks_RH_DefaultB_PFCv_1	#cd3e4bff
4996813	R	17Networks_RH_DefaultB_PFCv_2	#cd3e4cff
5127885	R	17Networks_RH_DefaultB_PFCv_3	#cd3e4eff
5193421	R	17Networks_RH_DefaultB_PFCv_4	#cd3e4fff
5258957	R	17Networks_RH_DefaultB_PFCv_5	#cd3e50ff
5324493	R	17Networks_RH_DefaultB_PFCv_6	#cd3e51ff
5390029	R	17Networks_RH_DefaultB_PFCv_7	#cd3e52ff
8651008	R	17Networks_RH_DefaultC_IPL_1	#000184ff
8716544	R	17Networks_RH_DefaultC_IPL_2	#000185ff
8782080	R	17Networks_RH_DefaultC_IPL_3	#000186ff
8585217	R	17Networks_RH_DefaultC_Rsp_1	#010083ff
8650753	R	17Networks_RH_DefaultC_Rsp_2	#010084ff
8716289	R	17Networks_RH_DefaultC_Rsp_3	#010085ff
8781825	R	17Networks_RH_DefaultC_Rsp_4	#010086ff
8847361	R	17Networks_RH_DefaultC_PHC_1	#010087ff
8912897	R	17Networks_RH_DefaultC_PHC_2	#010088ff
8978433	R	17Networks_RH_DefaultC_PHC_3	#010089ff
9043969	R	17Networks_RH_DefaultC_PHC_4	#01008aff
16658188	R	17Networks_RH_TempPar_1	#0c2ffeff
16199692	R	17Networks_RH_TempPar_2	#0c30f7ff
16265228	R	17Networks_RH_TempPar_3	#0c30f8ff
16330764	R	17Networks_RH_TempPar_4	#0c30f9ff
16396300	R	17Networks_RH_TempPar_5	#0c30faff
16461836	R	17Networks_RH_TempPar_6	#0c30fbff
16527372	R	17Networks_RH_TempPar_7	#0c30fcff
16592908	R	17Networks_RH_TempPar_8	#0c30fdff
16723980	R	17Networks_RH_TempPar_9	#0c30ffff
16394505	R	17Networks_RH_TempPar_10	#0929faff
16460041	R	17Networks_RH_TempPar_11	#0929fbff
16525577	R	17Networks_RH_TempPar_12	#0929fcff
16591113	R	17Networks_RH_TempPar_13	#0929fdff
16656649	R	17Networks_RH_TempPar_14	#0929feff
16198153	R	17Networks_RH_TempPar_15	#092af7ff
16263689	R	17Networks_RH_TempPar_16	#092af8ff
16329225	R	17Networks_RH_TempPar_17	#092af9ff
16394761	R	17Networks_RH_TempPar_18	#092afaff
16460297	R	17Networks_RH_TempPar_19	#092afbff
16525833	R	17Networks_RH_TempPar_20	#092afcff
