index	hemi	name	color
65793	L	Background+FreeSurfer_Defined_Medial_Wall	#010101ff
8393080	L	7Networks_LH_Vis_1	#781180ff
8458616	L	7Networks_LH_Vis_2	#781181ff
8524152	L	7Networks_LH_Vis_3	#781182ff
8589688	L	7Networks_LH_Vis_4	#781183ff
8655224	L	7Networks_LH_Vis_5	#781184ff
8720760	L	7Networks_LH_Vis_6	#781185ff
8786296	L	7Networks_LH_Vis_7	#781186ff
8327800	L	7Networks_LH_Vis_8	#78127fff
8393336	L	7Networks_LH_Vis_9	#781280ff
8458872	L	7Networks_LH_Vis_10	#781281ff
8524408	L	7Networks_LH_Vis_11	#781282ff
8589944	L	7Networks_LH_Vis_12	#781283ff
8655480	L	7Networks_LH_Vis_13	#781284ff
8721016	L	7Networks_LH_Vis_14	#781285ff
8852088	L	7Networks_LH_Vis_15	#781287ff
8917624	L	7Networks_LH_Vis_16	#781288ff
8983160	L	7Networks_LH_Vis_17	#781289ff
9048696	L	7Networks_LH_Vis_18	#78128aff
9114232	L	7Networks_LH_Vis_19	#78128bff
9179768	L	7Networks_LH_Vis_20	#78128cff
9245304	L	7Networks_LH_Vis_21	#78128dff
8786808	L	7Networks_LH_Vis_22	#781386ff
8852344	L	7Networks_LH_Vis_23	#781387ff
8917880	L	7Networks_LH_Vis_24	#781388ff
8983416	L	7Networks_LH_Vis_25	#781389ff
9048952	L	7Networks_LH_Vis_26	#78138aff
9114488	L	7Networks_LH_Vis_27	#78138bff
9180024	L	7Networks_LH_Vis_28	#78138cff
9245560	L	7Networks_LH_Vis_29	#78138dff
8787064	L	7Networks_LH_Vis_30	#781486ff
8852600	L	7Networks_LH_Vis_31	#781487ff
11763782	L	7Networks_LH_SomMot_1	#4680b3ff
11829318	L	7Networks_LH_SomMot_2	#4680b4ff
11370822	L	7Networks_LH_SomMot_3	#4681adff
11436358	L	7Networks_LH_SomMot_4	#4681aeff
11501894	L	7Networks_LH_SomMot_5	#4681afff
11567430	L	7Networks_LH_SomMot_6	#4681b0ff
11632966	L	7Networks_LH_SomMot_7	#4681b1ff
11698502	L	7Networks_LH_SomMot_8	#4681b2ff
11764038	L	7Networks_LH_SomMot_9	#4681b3ff
11829574	L	7Networks_LH_SomMot_10	#4681b4ff
11371078	L	7Networks_LH_SomMot_11	#4682adff
11436614	L	7Networks_LH_SomMot_12	#4682aeff
11502150	L	7Networks_LH_SomMot_13	#4682afff
11567686	L	7Networks_LH_SomMot_14	#4682b0ff
11633222	L	7Networks_LH_SomMot_15	#4682b1ff
11698758	L	7Networks_LH_SomMot_16	#4682b2ff
11764294	L	7Networks_LH_SomMot_17	#4682b3ff
11895366	L	7Networks_LH_SomMot_18	#4682b5ff
11960902	L	7Networks_LH_SomMot_19	#4682b6ff
12026438	L	7Networks_LH_SomMot_20	#4682b7ff
12091974	L	7Networks_LH_SomMot_21	#4682b8ff
12157510	L	7Networks_LH_SomMot_22	#4682b9ff
12223046	L	7Networks_LH_SomMot_23	#4682baff
12288582	L	7Networks_LH_SomMot_24	#4682bbff
11830086	L	7Networks_LH_SomMot_25	#4683b4ff
11895622	L	7Networks_LH_SomMot_26	#4683b5ff
11961158	L	7Networks_LH_SomMot_27	#4683b6ff
12026694	L	7Networks_LH_SomMot_28	#4683b7ff
12092230	L	7Networks_LH_SomMot_29	#4683b8ff
12157766	L	7Networks_LH_SomMot_30	#4683b9ff
12223302	L	7Networks_LH_SomMot_31	#4683baff
12288838	L	7Networks_LH_SomMot_32	#4683bbff
11830342	L	7Networks_LH_SomMot_33	#4684b4ff
11895878	L	7Networks_LH_SomMot_34	#4684b5ff
11961414	L	7Networks_LH_SomMot_35	#4684b6ff
12026950	L	7Networks_LH_SomMot_36	#4684b7ff
12092486	L	7Networks_LH_SomMot_37	#4684b8ff
488960	L	7Networks_LH_DorsAttn_Post_1	#007607ff
554496	L	7Networks_LH_DorsAttn_Post_2	#007608ff
620032	L	7Networks_LH_DorsAttn_Post_3	#007609ff
685568	L	7Networks_LH_DorsAttn_Post_4	#00760aff
751104	L	7Networks_LH_DorsAttn_Post_5	#00760bff
816640	L	7Networks_LH_DorsAttn_Post_6	#00760cff
882176	L	7Networks_LH_DorsAttn_Post_7	#00760dff
1013248	L	7Networks_LH_DorsAttn_Post_8	#00760fff
1078784	L	7Networks_LH_DorsAttn_Post_9	#007610ff
1144320	L	7Networks_LH_DorsAttn_Post_10	#007611ff
1209856	L	7Networks_LH_DorsAttn_Post_11	#007612ff
1275392	L	7Networks_LH_DorsAttn_Post_12	#007613ff
1340928	L	7Networks_LH_DorsAttn_Post_13	#007614ff
1406464	L	7Networks_LH_DorsAttn_Post_14	#007615ff
947968	L	7Networks_LH_DorsAttn_Post_15	#00770eff
1013504	L	7Networks_LH_DorsAttn_Post_16	#00770fff
1079040	L	7Networks_LH_DorsAttn_Post_17	#007710ff
1472000	L	7Networks_LH_DorsAttn_FEF_1	#007616ff
1144576	L	7Networks_LH_DorsAttn_FEF_2	#007711ff
1210112	L	7Networks_LH_DorsAttn_FEF_3	#007712ff
1275648	L	7Networks_LH_DorsAttn_FEF_4	#007713ff
1341184	L	7Networks_LH_DorsAttn_PrCv_1	#007714ff
1406720	L	7Networks_LH_DorsAttn_PrCv_2	#007715ff
16464580	L	7Networks_LH_SalVentAttn_ParOper_1	#c43afbff
16530116	L	7Networks_LH_SalVentAttn_ParOper_2	#c43afcff
16595652	L	7Networks_LH_SalVentAttn_ParOper_3	#c43afdff
16661188	L	7Networks_LH_SalVentAttn_ParOper_4	#c43afeff
16726724	L	7Networks_LH_SalVentAttn_TempOcc_1	#c43affff
16202692	L	7Networks_LH_SalVentAttn_FrOperIns_1	#c43bf7ff
16268228	L	7Networks_LH_SalVentAttn_FrOperIns_2	#c43bf8ff
16333764	L	7Networks_LH_SalVentAttn_FrOperIns_3	#c43bf9ff
16464836	L	7Networks_LH_SalVentAttn_FrOperIns_4	#c43bfbff
16530372	L	7Networks_LH_SalVentAttn_FrOperIns_5	#c43bfcff
16595908	L	7Networks_LH_SalVentAttn_FrOperIns_6	#c43bfdff
16661444	L	7Networks_LH_SalVentAttn_FrOperIns_7	#c43bfeff
16726980	L	7Networks_LH_SalVentAttn_FrOperIns_8	#c43bffff
16397505	L	7Networks_LH_SalVentAttn_FrOperIns_9	#c134faff
16331969	L	7Networks_LH_SalVentAttn_PFCl_1	#c134f9ff
16267973	L	7Networks_LH_SalVentAttn_Med_1	#c53af8ff
16333509	L	7Networks_LH_SalVentAttn_Med_2	#c53af9ff
16464581	L	7Networks_LH_SalVentAttn_Med_3	#c53afbff
16530117	L	7Networks_LH_SalVentAttn_Med_4	#c53afcff
16595653	L	7Networks_LH_SalVentAttn_Med_5	#c53afdff
16661189	L	7Networks_LH_SalVentAttn_Med_6	#c53afeff
16726725	L	7Networks_LH_SalVentAttn_Med_7	#c53affff
10746076	L	7Networks_LH_Limbic_OFC_1	#dcf8a3ff
10877148	L	7Networks_LH_Limbic_OFC_2	#dcf8a5ff
10942684	L	7Networks_LH_Limbic_OFC_3	#dcf8a6ff
11008220	L	7Networks_LH_Limbic_OFC_4	#dcf8a7ff
11073756	L	7Networks_LH_Limbic_OFC_5	#dcf8a8ff
10811612	L	7Networks_LH_Limbic_TempPole_1	#dcf8a4ff
11139292	L	7Networks_LH_Limbic_TempPole_2	#dcf8a9ff
11204828	L	7Networks_LH_Limbic_TempPole_3	#dcf8aaff
11270364	L	7Networks_LH_Limbic_TempPole_4	#dcf8abff
11335900	L	7Networks_LH_Limbic_TempPole_5	#dcf8acff
10877404	L	7Networks_LH_Limbic_TempPole_6	#dcf9a5ff
10942940	L	7Networks_LH_Limbic_TempPole_7	#dcf9a6ff
11008476	L	7Networks_LH_Limbic_TempPole_8	#dcf9a7ff
2200806	L	7Networks_LH_Cont_Par_1	#e69421ff
2331878	L	7Networks_LH_Cont_Par_2	#e69423ff
2397414	L	7Networks_LH_Cont_Par_3	#e69424ff
2462950	L	7Networks_LH_Cont_Par_4	#e69425ff
2528486	L	7Networks_LH_Cont_Par_5	#e69426ff
2594022	L	7Networks_LH_Cont_Par_6	#e69427ff
2659558	L	7Networks_LH_Cont_Temp_1	#e69428ff
2135526	L	7Networks_LH_Cont_OFC_1	#e69520ff
2201062	L	7Networks_LH_Cont_PFCl_1	#e69521ff
2266598	L	7Networks_LH_Cont_PFCl_2	#e69522ff
2397670	L	7Networks_LH_Cont_PFCl_3	#e69524ff
2463206	L	7Networks_LH_Cont_PFCl_4	#e69525ff
2528742	L	7Networks_LH_Cont_PFCl_5	#e69526ff
2594278	L	7Networks_LH_Cont_PFCl_6	#e69527ff
2659814	L	7Networks_LH_Cont_PFCl_7	#e69528ff
2725350	L	7Networks_LH_Cont_PFCl_8	#e69529ff
2397415	L	7Networks_LH_Cont_PFCv_1	#e79424ff
2332135	L	7Networks_LH_Cont_pCun_1	#e79523ff
2397671	L	7Networks_LH_Cont_pCun_2	#e79524ff
2463207	L	7Networks_LH_Cont_Cing_1	#e79525ff
2528743	L	7Networks_LH_Cont_Cing_2	#e79526ff
2266342	L	7Networks_LH_Cont_PFCmp_1	#e69422ff
4734669	L	7Networks_LH_Default_Temp_1	#cd3e48ff
4800205	L	7Networks_LH_Default_Temp_2	#cd3e49ff
4865741	L	7Networks_LH_Default_Temp_3	#cd3e4aff
4931277	L	7Networks_LH_Default_Temp_4	#cd3e4bff
4996813	L	7Networks_LH_Default_Temp_5	#cd3e4cff
5062349	L	7Networks_LH_Default_Temp_6	#cd3e4dff
5127885	L	7Networks_LH_Default_Temp_7	#cd3e4eff
5258957	L	7Networks_LH_Default_Temp_8	#cd3e50ff
5324493	L	7Networks_LH_Default_Temp_9	#cd3e51ff
5390029	L	7Networks_LH_Default_Temp_10	#cd3e52ff
5455565	L	7Networks_LH_Default_Par_1	#cd3e53ff
5521101	L	7Networks_LH_Default_Par_2	#cd3e54ff
5586637	L	7Networks_LH_Default_Par_3	#cd3e55ff
5652173	L	7Networks_LH_Default_Par_4	#cd3e56ff
5193677	L	7Networks_LH_Default_Par_5	#cd3f4fff
5259213	L	7Networks_LH_Default_Par_6	#cd3f50ff
5324749	L	7Networks_LH_Default_Par_7	#cd3f51ff
4669389	L	7Networks_LH_Default_PFC_1	#cd3f47ff
4734925	L	7Networks_LH_Default_PFC_2	#cd3f48ff
4800461	L	7Networks_LH_Default_PFC_3	#cd3f49ff
4865997	L	7Networks_LH_Default_PFC_4	#cd3f4aff
4931533	L	7Networks_LH_Default_PFC_5	#cd3f4bff
4997069	L	7Networks_LH_Default_PFC_6	#cd3f4cff
5062605	L	7Networks_LH_Default_PFC_7	#cd3f4dff
5390285	L	7Networks_LH_Default_PFC_8	#cd3f52ff
5455821	L	7Networks_LH_Default_PFC_9	#cd3f53ff
5521357	L	7Networks_LH_Default_PFC_10	#cd3f54ff
5586893	L	7Networks_LH_Default_PFC_11	#cd3f55ff
5128397	L	7Networks_LH_Default_PFC_12	#cd404eff
5193933	L	7Networks_LH_Default_PFC_13	#cd404fff
5259469	L	7Networks_LH_Default_PFC_14	#cd4050ff
5325005	L	7Networks_LH_Default_PFC_15	#cd4051ff
5390541	L	7Networks_LH_Default_PFC_16	#cd4052ff
5456077	L	7Networks_LH_Default_PFC_17	#cd4053ff
5521613	L	7Networks_LH_Default_PFC_18	#cd4054ff
5587149	L	7Networks_LH_Default_PFC_19	#cd4055ff
5128653	L	7Networks_LH_Default_PFC_20	#cd414eff
5194189	L	7Networks_LH_Default_PFC_21	#cd414fff
5259725	L	7Networks_LH_Default_PFC_22	#cd4150ff
5325261	L	7Networks_LH_Default_PFC_23	#cd4151ff
5390797	L	7Networks_LH_Default_PFC_24	#cd4152ff
5128141	L	7Networks_LH_Default_pCunPCC_1	#cd3f4eff
5652429	L	7Networks_LH_Default_pCunPCC_2	#cd3f56ff
5652685	L	7Networks_LH_Default_pCunPCC_3	#cd4056ff
5456333	L	7Networks_LH_Default_pCunPCC_4	#cd4153ff
5521869	L	7Networks_LH_Default_pCunPCC_5	#cd4154ff
5587405	L	7Networks_LH_Default_pCunPCC_6	#cd4155ff
5652941	L	7Networks_LH_Default_pCunPCC_7	#cd4156ff
5194445	L	7Networks_LH_Default_pCunPCC_8	#cd424fff
5259981	L	7Networks_LH_Default_pCunPCC_9	#cd4250ff
5325517	L	7Networks_LH_Default_pCunPCC_10	#cd4251ff
5391053	L	7Networks_LH_Default_pCunPCC_11	#cd4252ff
65793	R	Background+FreeSurfer_Defined_Medial_Wall	#010101ff
8524156	R	7Networks_RH_Vis_1	#7c1182ff
8589692	R	7Networks_RH_Vis_2	#7c1183ff
8655228	R	7Networks_RH_Vis_3	#7c1184ff
8720764	R	7Networks_RH_Vis_4	#7c1185ff
8786300	R	7Networks_RH_Vis_5	#7c1186ff
8851836	R	7Networks_RH_Vis_6	#7c1187ff
8393340	R	7Networks_RH_Vis_7	#7c1280ff
8458876	R	7Networks_RH_Vis_8	#7c1281ff
8524412	R	7Networks_RH_Vis_9	#7c1282ff
8589948	R	7Networks_RH_Vis_10	#7c1283ff
8655484	R	7Networks_RH_Vis_11	#7c1284ff
8721020	R	7Networks_RH_Vis_12	#7c1285ff
8786556	R	7Networks_RH_Vis_13	#7c1286ff
8917628	R	7Networks_RH_Vis_14	#7c1288ff
8983164	R	7Networks_RH_Vis_15	#7c1289ff
9048700	R	7Networks_RH_Vis_16	#7c128aff
9114236	R	7Networks_RH_Vis_17	#7c128bff
9179772	R	7Networks_RH_Vis_18	#7c128cff
9245308	R	7Networks_RH_Vis_19	#7c128dff
9310844	R	7Networks_RH_Vis_20	#7c128eff
8852348	R	7Networks_RH_Vis_21	#7c1387ff
8917884	R	7Networks_RH_Vis_22	#7c1388ff
8983420	R	7Networks_RH_Vis_23	#7c1389ff
9048956	R	7Networks_RH_Vis_24	#7c138aff
9114492	R	7Networks_RH_Vis_25	#7c138bff
9180028	R	7Networks_RH_Vis_26	#7c138cff
9245564	R	7Networks_RH_Vis_27	#7c138dff
9311100	R	7Networks_RH_Vis_28	#7c138eff
8852604	R	7Networks_RH_Vis_29	#7c1487ff
8918140	R	7Networks_RH_Vis_30	#7c1488ff
11763786	R	7Networks_RH_SomMot_1	#4a80b3ff
11829322	R	7Networks_RH_SomMot_2	#4a80b4ff
11894858	R	7Networks_RH_SomMot_3	#4a80b5ff
11436362	R	7Networks_RH_SomMot_4	#4a81aeff
11501898	R	7Networks_RH_SomMot_5	#4a81afff
11567434	R	7Networks_RH_SomMot_6	#4a81b0ff
11632970	R	7Networks_RH_SomMot_7	#4a81b1ff
11698506	R	7Networks_RH_SomMot_8	#4a81b2ff
11764042	R	7Networks_RH_SomMot_9	#4a81b3ff
11829578	R	7Networks_RH_SomMot_10	#4a81b4ff
11895114	R	7Networks_RH_SomMot_11	#4a81b5ff
11436618	R	7Networks_RH_SomMot_12	#4a82aeff
11502154	R	7Networks_RH_SomMot_13	#4a82afff
11567690	R	7Networks_RH_SomMot_14	#4a82b0ff
11633226	R	7Networks_RH_SomMot_15	#4a82b1ff
11698762	R	7Networks_RH_SomMot_16	#4a82b2ff
11764298	R	7Networks_RH_SomMot_17	#4a82b3ff
11829834	R	7Networks_RH_SomMot_18	#4a82b4ff
11960906	R	7Networks_RH_SomMot_19	#4a82b6ff
12026442	R	7Networks_RH_SomMot_20	#4a82b7ff
12091978	R	7Networks_RH_SomMot_21	#4a82b8ff
12157514	R	7Networks_RH_SomMot_22	#4a82b9ff
12223050	R	7Networks_RH_SomMot_23	#4a82baff
12288586	R	7Networks_RH_SomMot_24	#4a82bbff
12354122	R	7Networks_RH_SomMot_25	#4a82bcff
11895626	R	7Networks_RH_SomMot_26	#4a83b5ff
11961162	R	7Networks_RH_SomMot_27	#4a83b6ff
12026698	R	7Networks_RH_SomMot_28	#4a83b7ff
12092234	R	7Networks_RH_SomMot_29	#4a83b8ff
12157770	R	7Networks_RH_SomMot_30	#4a83b9ff
12223306	R	7Networks_RH_SomMot_31	#4a83baff
12288842	R	7Networks_RH_SomMot_32	#4a83bbff
12354378	R	7Networks_RH_SomMot_33	#4a83bcff
11895882	R	7Networks_RH_SomMot_34	#4a84b5ff
11961418	R	7Networks_RH_SomMot_35	#4a84b6ff
12026954	R	7Networks_RH_SomMot_36	#4a84b7ff
12092490	R	7Networks_RH_SomMot_37	#4a84b8ff
12158026	R	7Networks_RH_SomMot_38	#4a84b9ff
12223562	R	7Networks_RH_SomMot_39	#4a84baff
12289098	R	7Networks_RH_SomMot_40	#4a84bbff
1013252	R	7Networks_RH_DorsAttn_Post_1	#04760fff
554756	R	7Networks_RH_DorsAttn_Post_2	#047708ff
620292	R	7Networks_RH_DorsAttn_Post_3	#047709ff
685828	R	7Networks_RH_DorsAttn_Post_4	#04770aff
751364	R	7Networks_RH_DorsAttn_Post_5	#04770bff
816900	R	7Networks_RH_DorsAttn_Post_6	#04770cff
882436	R	7Networks_RH_DorsAttn_Post_7	#04770dff
947972	R	7Networks_RH_DorsAttn_Post_8	#04770eff
1079044	R	7Networks_RH_DorsAttn_Post_9	#047710ff
1144580	R	7Networks_RH_DorsAttn_Post_10	#047711ff
1210116	R	7Networks_RH_DorsAttn_Post_11	#047712ff
1275652	R	7Networks_RH_DorsAttn_Post_12	#047713ff
1341188	R	7Networks_RH_DorsAttn_Post_13	#047714ff
1406724	R	7Networks_RH_DorsAttn_Post_14	#047715ff
1472260	R	7Networks_RH_DorsAttn_Post_15	#047716ff
1013764	R	7Networks_RH_DorsAttn_Post_16	#04780fff
1079300	R	7Networks_RH_DorsAttn_Post_17	#047810ff
1144836	R	7Networks_RH_DorsAttn_Post_18	#047811ff
1210372	R	7Networks_RH_DorsAttn_Post_19	#047812ff
1013253	R	7Networks_RH_DorsAttn_FEF_1	#05760fff
1078789	R	7Networks_RH_DorsAttn_FEF_2	#057610ff
1144325	R	7Networks_RH_DorsAttn_FEF_3	#057611ff
1209861	R	7Networks_RH_DorsAttn_PrCv_1	#057612ff
16333513	R	7Networks_RH_SalVentAttn_TempOccPar_1	#c93af9ff
16399049	R	7Networks_RH_SalVentAttn_TempOccPar_2	#c93afaff
16530121	R	7Networks_RH_SalVentAttn_TempOccPar_3	#c93afcff
16595657	R	7Networks_RH_SalVentAttn_TempOccPar_4	#c93afdff
16661193	R	7Networks_RH_SalVentAttn_TempOccPar_5	#c93afeff
16726729	R	7Networks_RH_SalVentAttn_TempOccPar_6	#c93affff
16397254	R	7Networks_RH_SalVentAttn_TempOccPar_7	#c633faff
16464841	R	7Networks_RH_SalVentAttn_PrC_1	#c93bfbff
16333769	R	7Networks_RH_SalVentAttn_FrOperIns_1	#c93bf9ff
16399305	R	7Networks_RH_SalVentAttn_FrOperIns_2	#c93bfaff
16530377	R	7Networks_RH_SalVentAttn_FrOperIns_3	#c93bfcff
16595913	R	7Networks_RH_SalVentAttn_FrOperIns_4	#c93bfdff
16661449	R	7Networks_RH_SalVentAttn_FrOperIns_5	#c93bfeff
16726985	R	7Networks_RH_SalVentAttn_FrOperIns_6	#c93bffff
16397510	R	7Networks_RH_SalVentAttn_FrOperIns_7	#c634faff
16463046	R	7Networks_RH_SalVentAttn_FrOperIns_8	#c634fbff
16464328	R	7Networks_RH_SalVentAttn_PFCl_1	#c839fbff
16202184	R	7Networks_RH_SalVentAttn_Med_1	#c839f7ff
16267720	R	7Networks_RH_SalVentAttn_Med_2	#c839f8ff
16398792	R	7Networks_RH_SalVentAttn_Med_3	#c839faff
16529864	R	7Networks_RH_SalVentAttn_Med_4	#c839fcff
16595400	R	7Networks_RH_SalVentAttn_Med_5	#c839fdff
16660936	R	7Networks_RH_SalVentAttn_Med_6	#c839feff
16726472	R	7Networks_RH_SalVentAttn_Med_7	#c839ffff
16333512	R	7Networks_RH_SalVentAttn_Med_8	#c83af9ff
10746336	R	7Networks_RH_Limbic_OFC_1	#e0f9a3ff
10877408	R	7Networks_RH_Limbic_OFC_2	#e0f9a5ff
10942944	R	7Networks_RH_Limbic_OFC_3	#e0f9a6ff
11008480	R	7Networks_RH_Limbic_OFC_4	#e0f9a7ff
11074016	R	7Networks_RH_Limbic_OFC_5	#e0f9a8ff
11139552	R	7Networks_RH_Limbic_OFC_6	#e0f9a9ff
10811872	R	7Networks_RH_Limbic_TempPole_1	#e0f9a4ff
11205088	R	7Networks_RH_Limbic_TempPole_2	#e0f9aaff
11270624	R	7Networks_RH_Limbic_TempPole_3	#e0f9abff
11336160	R	7Networks_RH_Limbic_TempPole_4	#e0f9acff
10877664	R	7Networks_RH_Limbic_TempPole_5	#e0faa5ff
10943200	R	7Networks_RH_Limbic_TempPole_6	#e0faa6ff
11008736	R	7Networks_RH_Limbic_TempPole_7	#e0faa7ff
2200554	R	7Networks_RH_Cont_Par_1	#ea9321ff
2331626	R	7Networks_RH_Cont_Par_2	#ea9323ff
2397162	R	7Networks_RH_Cont_Par_3	#ea9324ff
2462698	R	7Networks_RH_Cont_Par_4	#ea9325ff
2528234	R	7Networks_RH_Cont_Par_5	#ea9326ff
2593770	R	7Networks_RH_Cont_Par_6	#ea9327ff
2266090	R	7Networks_RH_Cont_Temp_1	#ea9322ff
2659306	R	7Networks_RH_Cont_Temp_2	#ea9328ff
2331881	R	7Networks_RH_Cont_PFCv_1	#e99423ff
1807593	R	7Networks_RH_Cont_PFCl_1	#e9941bff
1873129	R	7Networks_RH_Cont_PFCl_2	#e9941cff
1938665	R	7Networks_RH_Cont_PFCl_3	#e9941dff
2004201	R	7Networks_RH_Cont_PFCl_4	#e9941eff
2069737	R	7Networks_RH_Cont_PFCl_5	#e9941fff
2135273	R	7Networks_RH_Cont_PFCl_6	#e99420ff
2266345	R	7Networks_RH_Cont_PFCl_7	#e99422ff
2397417	R	7Networks_RH_Cont_PFCl_8	#e99424ff
2462953	R	7Networks_RH_Cont_PFCl_9	#e99425ff
2528489	R	7Networks_RH_Cont_PFCl_10	#e99426ff
2594025	R	7Networks_RH_Cont_PFCl_11	#e99427ff
2659561	R	7Networks_RH_Cont_PFCl_12	#e99428ff
2201065	R	7Networks_RH_Cont_PFCl_13	#e99521ff
2266601	R	7Networks_RH_Cont_PFCl_14	#e99522ff
2332137	R	7Networks_RH_Cont_PFCl_15	#e99523ff
2331625	R	7Networks_RH_Cont_pCun_1	#e99323ff
2397161	R	7Networks_RH_Cont_pCun_2	#e99324ff
2266089	R	7Networks_RH_Cont_Cing_1	#e99322ff
2462697	R	7Networks_RH_Cont_Cing_2	#e99325ff
2462954	R	7Networks_RH_Cont_PFCmp_1	#ea9425ff
2528490	R	7Networks_RH_Cont_PFCmp_2	#ea9426ff
4996817	R	7Networks_RH_Default_Par_1	#d13e4cff
5127889	R	7Networks_RH_Default_Par_2	#d13e4eff
5193425	R	7Networks_RH_Default_Par_3	#d13e4fff
5258961	R	7Networks_RH_Default_Par_4	#d13e50ff
5324497	R	7Networks_RH_Default_Par_5	#d13e51ff
4996561	R	7Networks_RH_Default_Temp_1	#d13d4cff
5062097	R	7Networks_RH_Default_Temp_2	#d13d4dff
5193169	R	7Networks_RH_Default_Temp_3	#d13d4fff
5258705	R	7Networks_RH_Default_Temp_4	#d13d50ff
5324241	R	7Networks_RH_Default_Temp_5	#d13d51ff
5389777	R	7Networks_RH_Default_Temp_6	#d13d52ff
5455313	R	7Networks_RH_Default_Temp_7	#d13d53ff
5520849	R	7Networks_RH_Default_Temp_8	#d13d54ff
5127633	R	7Networks_RH_Default_PFCv_1	#d13d4eff
5062353	R	7Networks_RH_Default_PFCv_2	#d13e4dff
5390033	R	7Networks_RH_Default_PFCv_3	#d13e52ff
5455569	R	7Networks_RH_Default_PFCv_4	#d13e53ff
4800208	R	7Networks_RH_Default_PFCdPFCm_1	#d03e49ff
4865744	R	7Networks_RH_Default_PFCdPFCm_2	#d03e4aff
4931280	R	7Networks_RH_Default_PFCdPFCm_3	#d03e4bff
4996816	R	7Networks_RH_Default_PFCdPFCm_4	#d03e4cff
5062352	R	7Networks_RH_Default_PFCdPFCm_5	#d03e4dff
5193424	R	7Networks_RH_Default_PFCdPFCm_6	#d03e4fff
5258960	R	7Networks_RH_Default_PFCdPFCm_7	#d03e50ff
5324496	R	7Networks_RH_Default_PFCdPFCm_8	#d03e51ff
5390032	R	7Networks_RH_Default_PFCdPFCm_9	#d03e52ff
5455568	R	7Networks_RH_Default_PFCdPFCm_10	#d03e53ff
5521104	R	7Networks_RH_Default_PFCdPFCm_11	#d03e54ff
5586640	R	7Networks_RH_Default_PFCdPFCm_12	#d03e55ff
5128144	R	7Networks_RH_Default_PFCdPFCm_13	#d03f4eff
5127888	R	7Networks_RH_Default_pCunPCC_1	#d03e4eff
5062608	R	7Networks_RH_Default_pCunPCC_2	#d03f4dff
5193680	R	7Networks_RH_Default_pCunPCC_3	#d03f4fff
5259216	R	7Networks_RH_Default_pCunPCC_4	#d03f50ff
5324752	R	7Networks_RH_Default_pCunPCC_5	#d03f51ff
5390288	R	7Networks_RH_Default_pCunPCC_6	#d03f52ff
5455824	R	7Networks_RH_Default_pCunPCC_7	#d03f53ff
5521360	R	7Networks_RH_Default_pCunPCC_8	#d03f54ff
5062864	R	7Networks_RH_Default_pCunPCC_9	#d0404dff
