{
  "Authors": [
    "Jung, B.",
    "Taylor, P.A.",
    "Seidlitz, J.",
    "Sponheim, C.",
    "Perkins P.",
    "Ungerleider, L.G.",
    "Glen, D.",
    "Messinger, A."
  ],
  "Curators": [
    "Esteban O"
  ],
  "Identifier": "NMT31Sym",
  "Funding": {
    "NIMH": "ZICMH002899",
    "NINDS": "ZICMH002888"
  },
  "License": "Public Domain",
  "Name": "The NIMH Macaque Template v2 (NMT v2)",
  "ReferencesAndLinks": [
    "https://doi.org/10.1016/j.neuroimage.2021.117997",
    "https://doi.org/10.1101/2020.09.16.30005",
    "https://doi.org/10.1093/cercor/bhw248"
  ],
  "Species": "Macaca mulatta"
}
