Index	Abbreviation	Full_Name	First_Level	Last_Level
4	Cl	claustrum	4	6
7	DEn	dorsal_endopiriform_claustrum	5	6
8	VEn	ventral_endopiriform_claustrum	5	6
9	Pir	piriform_cortex	4	6
12	Hi	hippocampus	5	6
13	S	subicular_complex	5	6
14	fi	fimbria	5	6
15	f	fornix	3	6
19	BM	basomedial_amygdaloid_nucleus	5	6
20	VCo	ventral_cortical_amygdaloid_nucleus	5	6
21	AHi	amygdalohippocampal_area	5	6
23	La	lateral_amygdaloid_nucleus	5	5
26	APir	amygdalopiriform_transition_area	5	6
27	BL	basolateral_amygdaloid_nucleus	5	5
31	PaL	paralaminar_amygdaloid_nucleus	5	6
34	Ce	central_amygdaloid_nucleus	5	6
36	Me	medial_amygdaloid_nucleus	5	6
37	AA	anterior_amygdaloid_area	5	6
39	EA	extended_amygdala	5	6
40	IPAC	posterior_interstitial_nucleus	5	6
41	STIA	intraamygdaloid_stria_terminalis	5	6
45	Cd	caudate	5	5
48	Pu	putamen	5	6
49	ASt	amygdalostriatal_transition	5	6
50	ic	internal_capsule	5	6
52	Acb	accumbens	5	6
53	Tu	olfactory_tubercule	5	6
55	GP	globus_pallidus	5	5
59	ac	anterior_commissure	5	6
60	VP	ventral_pallidum	5	6
62	BR	basal_nucleus_region	4	5
65	ST	bed_nucleus_of_the_stria_terminalis	4	6
67	SFi	septimbrial_nucleus	5	6
68	SDB	septum_diagonal_band	5	6
70	opt	optic_tract	4	6
72	PO	preoptic_area	5	6
73	LTer-VOLT	lamina_terminalis	5	6
78	Pa	paraventricular_hypothalamus	5	6
80	VMH	ventromedial_hypothalamic_nucleus	5	6
81	MEm	medial_emminence	5	6
82	Arc	arcuate_nucleus	5	6
84	SOpt	supraoptic_hypothalamus	5	6
85	AH	anterior_hypothalamic_area	5	6
86	DM	dorsal_medial_hypothalamic_nucleus	5	6
87	LHy	lateral_hypothalamic_region	5	5
91	STh	subthalamic_nucleus	5	6
94	PH	posterior_hypothalamic_nucleus	5	6
96	PeF	prefornical_hypothalamus	5	6
97	MM/RM	mammillary/retromammillary_hypothalamus	5	5
101	APit	anterior_pituitary	5	6
102	PPit	posterior_pituitary	5	6
104	ZI-H	zona_incerta_and_lenticular_fascicles	3	6
106	Rt	reticular_thalamus	3	6
109	AR	anterior_thalamus_region	5	5
113	CL-PC	centrolateral_and_paracentral_thalamus	5	6
114	CMn-PF	centromedial-parafascicular_thalamus	5	6
115	SPFC	suprafascicular_nucleus	5	5
117	SG	supra_geniculate	5	6
118	Lim	limitans_thalamus	5	6
119	MD	mediodorsal_thalamus	4	6
121	IMD	intermediodorsal_thalamus	5	6
122	PT-PV-sm	paratenial-paraventral-thalamus	5	6
123	PVP	paraventricular_posterior_thalamus	5	6
124	PVA	paraventricular_anterior_thalamus	5	6
125	IAM	interanteromedial_thalamus	5	6
126	CM	central_medial_thalamus	5	6
127	Re-Rh-Xi	Reuniens-rhomboid-xiphoid_thalamus	5	6
130	VA	ventral_anterior_thalamus	5	6
131	VLA	ventral_lateral_anterior_thalamus	5	6
133	VLX	ventral_lateral_x_thalamus	5	6
134	VLPV	ventral_lateral_posteroventral_thalamus	5	6
135	VLPD	ventral_lateral_posterodorsal_thalamus	5	6
137	VPM-VPL	ventroposterior_medial_and_lateral_thalamus	5	6
138	VMPo-VMB	ventromedial_posterior+basal_thalamus	5	6
139	VPI	ventroposterior_inferior_thalamus	5	6
140	VM	ventral_medial_thalamus	5	6
142	LP	lateral_posterior_thalamus	4	6
143	LD	lateral_dorsal_thalamus	4	6
145	APul	anterior_pulvinar	5	6
146	MPul	medial_pulvinar	5	6
147	LPul	lateral_pulvinar	5	6
148	IPul	inferior_pulvinar	5	6
149	bsc	brachium_superior_colliculus	5	6
151	DLG	dorsal_lateral_geniculate	4	6
152	MG	medial_geniculate	4	6
154	Pi	pineal_gland	4	6
155	Hb	habenula	4	6
157	PCR	posterior_commissural_region	5	5
161	p1Rt	p1_mesencephalic_reticulum	5	6
166	SC	superior_colliculus	5	6
167	ICoC	inferior_colliculus_complex	5	5
171	n4	fourth_nerve	5	6
172	PAG	periaqueductal_gray	5	6
175	PBG	parabigeminal_nucleus	5	6
176	MiTg	mircrocellular_tegmentum	5	6
177	PrCnF	precuneiform_nucleus	5	6
178	CnF	cuneiform_nucleus	5	6
179	VLTg	ventrolateral_tegmentum	5	6
180	PTg	pedunculopontine_nucleus	5	6
181	ATg	anterior_tegmental_nucleus	5	6
183	mRt	mesencephalic_reticular_formation	5	6
184	RIs	retroisthmic_nucleus	5	6
187	OM	occulomotor_nuclei	5	6
188	mlf	mediolateral_fascicle	5	6
190	MR	medial_Raphe	5	6
191	DR	dorsal_Raphe	5	6
192	LiR	linear_Raphe	5	6
194	R+	rubral_region	4	5
198	RF	retrorubral_field	5	6
199	SN	substantia_nigra	5	6
200	VTA	ventral_tegmental_area	5	6
201	IP	interpeduncular_nucleus	5	6
202	n3	occulomotor_nerve	5	6
203	cp	cerebral_peduncle	5	6
207	PBC	parabrachial_complex	4	5
213	LC-Me5	locus-coeruleus_region	5	6
214	me5	mesencephalic_trigeminal_nerve	5	6
215	CG	central_gray_nucleus	5	6
217	LDTg	lateral_dorsal_tegmentum	5	6
218	MDTg	medial_dorsal_tegmentum	5	6
221	ll	lateral_lemniscus	5	6
222	DLL	dorsal_lateral_leminscus_nucleus	5	6
223	ILL-VLL	intermediate+ventral_lateral_lemniscus_nuclei	5	6
226	SubC	subceruleus	5	6
227	RtTg	reticulotegmentum	5	6
228	xscp	superior_cerebellar_peduncle_decussation	5	6
229	PnO	pontine_reticulum_oral	5	6
230	PnC	pontine_reticulum_caudal	5	6
232	SO	superior_olive	5	6
233	ml	medial_lemniscus	5	6
234	tz	trapezoid_bundle_region	5	6
236	Pn	pontine_nucleus	5	6
237	spf	pontine_fibers	5	5
243	icp	inferior_cerebellar_peduncle	5	6
244	oc	olivocerebellar_tract	5	6
246	Lat	lateral_cerebellar_nucleus	5	6
247	Int	interposed_cerebellar_nuclei	5	5
250	Fas	fastigial_cerebellar_nucleus	5	6
252	Fl-PFl	floculus_parafloculus	4	5
256	AVCbCx	anterior_vermis_cerebellar_cortex	5	5
262	PVCbCx	posterior_vermis_cerebellar_cortex	5	5
268	ICbCx	intermediate_cerebellar_cortex	4	5
276	LCbCx	lateral_cerebellar_cortex	4	5
283	Ve	vestibular_nucleus	5	6
284	DVC	cochlear_nucleus	5	6
285	n8	vestibulochoclear_nerve	5	6
286	Pr	prepositus_nucleus	5	6
288	Nu5	motor_trigeminal_nucleus	5	6
289	Pr5	principal_trigeminal_nucleus	5	6
290	Sp5	spinal_trigeminal_nucleus	5	5
295	CuGr	cuneate_gracile_nuclei	5	6
296	obex	obex	5	6
297	Sol	solitary_tract_nucleus	5	6
298	Nu10-12	visceral_motor_nuclei	5	6
301	Nu6	abducens_motor_nucleus	5	6
302	Nu7	facial_motor_nucleus	5	6
304	PCIRt	parvicellular_and_intermediate_reticular_nuclei	5	6
305	DPGi	dorsal_paragigantocellular_reticular_nucleus	5	6
306	Gi	gigantocellular_reticular_nucleus	5	6
307	MdRt	medullar_reticular_nucleus	5	6
309	RMg	Raphe_magnus_nucleus	5	6
310	ROb	Raphe_obscurus_nucleus	5	6
313	IO	inferior_olive	5	6
314	LRt	lateral_reticular_nucleus	5	6
316	py	pyramidal_tract	5	6
317	pyx	pyramidal_tract_decussation	5	6
318	cst	corticospinal_tract	5	6
