{
  "Authors": ["Fonov V", "Evans AC", "Botteron K", "Almli CR", "McKinstry RC", "Collins DL"],
  "Acknowledgements": "Curated and added to TemplateFlow by Ciric R, Markiewicz CJ, and Esteban O",
  "BIDSVersion": "1.1.0",
  "HowToAcknowledge": "Reference the following entries from the ReferencesAndLinks field: {1, 2}",
  "Identifier": "MNI152NLin2009cAsym",
  "License": "See LICENSE file",
  "Name": "ICBM 152 Nonlinear Asymmetrical template version 2009c",
  "RRID": "SCR_008796",
  "ReferencesAndLinks": {
    "1": "https://doi.org/10.1016/j.neuroimage.2010.07.033",
    "2": "https://doi.org/10.1016/S1053-8119(09)70884-5",
    "3": "http://nist.mni.mcgill.ca/?p=904",
    "4": "https://doi.org/10.1007/3-540-48714-X_16"
  },
  "TemplateFlowVersion": "1.0.0",
  "res": {
    "01": {
      "origin": [-96.0, -132.0, -78.0],
      "shape": [193, 229, 193],
      "zooms": [1.0, 1.0, 1.0]
    },
    "02": {
      "origin": [-96.5, -132.5, -78.5],
      "shape": [97, 115, 97],
      "zooms": [2.0, 2.0, 2.0]
    }
  }
}
