index	name	color
1	7Networks_LH_Vis_1	#780e7f
2	7Networks_LH_Vis_2	#780e80
3	7Networks_LH_Vis_3	#780e81
4	7Networks_LH_Vis_4	#780e82
5	7Networks_LH_Vis_5	#780e83
6	7Networks_LH_Vis_6	#780e84
7	7Networks_LH_Vis_7	#780e85
8	7Networks_LH_Vis_8	#780e86
9	7Networks_LH_Vis_9	#780f7f
10	7Networks_LH_Vis_10	#780f80
11	7Networks_LH_Vis_11	#780f81
12	7Networks_LH_Vis_12	#780f82
13	7Networks_LH_Vis_13	#780f83
14	7Networks_LH_Vis_14	#780f84
15	7Networks_LH_Vis_15	#780f85
16	7Networks_LH_Vis_16	#780f86
17	7Networks_LH_Vis_17	#78107f
18	7Networks_LH_Vis_18	#781080
19	7Networks_LH_Vis_19	#781081
20	7Networks_LH_Vis_20	#781082
21	7Networks_LH_Vis_21	#781083
22	7Networks_LH_Vis_22	#781084
23	7Networks_LH_Vis_23	#781085
24	7Networks_LH_Vis_24	#781086
25	7Networks_LH_Vis_25	#78117f
26	7Networks_LH_Vis_26	#781180
27	7Networks_LH_Vis_27	#781181
28	7Networks_LH_Vis_28	#781182
29	7Networks_LH_Vis_29	#781183
30	7Networks_LH_Vis_30	#781184
31	7Networks_LH_Vis_31	#781185
32	7Networks_LH_Vis_32	#781186
33	7Networks_LH_Vis_33	#78127f
34	7Networks_LH_Vis_34	#781280
35	7Networks_LH_Vis_35	#781281
36	7Networks_LH_Vis_36	#781282
37	7Networks_LH_Vis_37	#781283
38	7Networks_LH_Vis_38	#781284
39	7Networks_LH_Vis_39	#781285
40	7Networks_LH_Vis_40	#781287
41	7Networks_LH_Vis_41	#781288
42	7Networks_LH_Vis_42	#781289
43	7Networks_LH_Vis_43	#78128a
44	7Networks_LH_Vis_44	#78128b
45	7Networks_LH_Vis_45	#78128c
46	7Networks_LH_Vis_46	#78128d
47	7Networks_LH_Vis_47	#781386
48	7Networks_LH_Vis_48	#781387
49	7Networks_LH_Vis_49	#781388
50	7Networks_LH_Vis_50	#781389
51	7Networks_LH_Vis_51	#78138a
52	7Networks_LH_Vis_52	#78138b
53	7Networks_LH_Vis_53	#78138c
54	7Networks_LH_Vis_54	#78138d
55	7Networks_LH_Vis_55	#781486
56	7Networks_LH_Vis_56	#781487
57	7Networks_LH_Vis_57	#781488
58	7Networks_LH_Vis_58	#781489
59	7Networks_LH_Vis_59	#78148a
60	7Networks_LH_Vis_60	#78148b
61	7Networks_LH_Vis_61	#78148c
62	7Networks_LH_Vis_62	#78148d
63	7Networks_LH_Vis_63	#781586
64	7Networks_LH_Vis_64	#781587
65	7Networks_LH_Vis_65	#781588
66	7Networks_LH_Vis_66	#781589
67	7Networks_LH_Vis_67	#78158a
68	7Networks_LH_Vis_68	#78158b
69	7Networks_LH_Vis_69	#78158c
70	7Networks_LH_Vis_70	#78158d
71	7Networks_LH_Vis_71	#781686
72	7Networks_LH_Vis_72	#781687
73	7Networks_LH_Vis_73	#781688
74	7Networks_LH_Vis_74	#781689
75	7Networks_LH_Vis_75	#78168a
76	7Networks_LH_Vis_76	#78168b
77	7Networks_LH_Vis_77	#78168c
78	7Networks_LH_Vis_78	#78168d
79	7Networks_LH_Vis_79	#781786
80	7Networks_LH_Vis_80	#781787
81	7Networks_LH_Vis_81	#781788
82	7Networks_LH_SomMot_1	#467db0
83	7Networks_LH_SomMot_2	#467db1
84	7Networks_LH_SomMot_3	#467db2
85	7Networks_LH_SomMot_4	#467db3
86	7Networks_LH_SomMot_5	#467db4
87	7Networks_LH_SomMot_6	#467ead
88	7Networks_LH_SomMot_7	#467eae
89	7Networks_LH_SomMot_8	#467eaf
90	7Networks_LH_SomMot_9	#467eb0
91	7Networks_LH_SomMot_10	#467eb1
92	7Networks_LH_SomMot_11	#467eb2
93	7Networks_LH_SomMot_12	#467eb3
94	7Networks_LH_SomMot_13	#467eb4
95	7Networks_LH_SomMot_14	#467fad
96	7Networks_LH_SomMot_15	#467fae
97	7Networks_LH_SomMot_16	#467faf
98	7Networks_LH_SomMot_17	#467fb0
99	7Networks_LH_SomMot_18	#467fb1
100	7Networks_LH_SomMot_19	#467fb2
101	7Networks_LH_SomMot_20	#467fb3
102	7Networks_LH_SomMot_21	#467fb4
103	7Networks_LH_SomMot_22	#4680ad
104	7Networks_LH_SomMot_23	#4680ae
105	7Networks_LH_SomMot_24	#4680af
106	7Networks_LH_SomMot_25	#4680b0
107	7Networks_LH_SomMot_26	#4680b1
108	7Networks_LH_SomMot_27	#4680b2
109	7Networks_LH_SomMot_28	#4680b3
110	7Networks_LH_SomMot_29	#4680b4
111	7Networks_LH_SomMot_30	#4681ad
112	7Networks_LH_SomMot_31	#4681ae
113	7Networks_LH_SomMot_32	#4681af
114	7Networks_LH_SomMot_33	#4681b0
115	7Networks_LH_SomMot_34	#4681b1
116	7Networks_LH_SomMot_35	#4681b2
117	7Networks_LH_SomMot_36	#4681b3
118	7Networks_LH_SomMot_37	#4681b4
119	7Networks_LH_SomMot_38	#4682ad
120	7Networks_LH_SomMot_39	#4682ae
121	7Networks_LH_SomMot_40	#4682af
122	7Networks_LH_SomMot_41	#4682b0
123	7Networks_LH_SomMot_42	#4682b1
124	7Networks_LH_SomMot_43	#4682b2
125	7Networks_LH_SomMot_44	#4682b3
126	7Networks_LH_SomMot_45	#4682b5
127	7Networks_LH_SomMot_46	#4682b6
128	7Networks_LH_SomMot_47	#4682b7
129	7Networks_LH_SomMot_48	#4682b8
130	7Networks_LH_SomMot_49	#4682b9
131	7Networks_LH_SomMot_50	#4682ba
132	7Networks_LH_SomMot_51	#4682bb
133	7Networks_LH_SomMot_52	#4683b4
134	7Networks_LH_SomMot_53	#4683b5
135	7Networks_LH_SomMot_54	#4683b6
136	7Networks_LH_SomMot_55	#4683b7
137	7Networks_LH_SomMot_56	#4683b8
138	7Networks_LH_SomMot_57	#4683b9
139	7Networks_LH_SomMot_58	#4683ba
140	7Networks_LH_SomMot_59	#4683bb
141	7Networks_LH_SomMot_60	#4684b4
142	7Networks_LH_SomMot_61	#4684b5
143	7Networks_LH_SomMot_62	#4684b6
144	7Networks_LH_SomMot_63	#4684b7
145	7Networks_LH_SomMot_64	#4684b8
146	7Networks_LH_SomMot_65	#4684b9
147	7Networks_LH_SomMot_66	#4684ba
148	7Networks_LH_SomMot_67	#4684bb
149	7Networks_LH_SomMot_68	#4685b4
150	7Networks_LH_SomMot_69	#4685b5
151	7Networks_LH_SomMot_70	#4685b6
152	7Networks_LH_SomMot_71	#4685b7
153	7Networks_LH_SomMot_72	#4685b8
154	7Networks_LH_SomMot_73	#4685b9
155	7Networks_LH_SomMot_74	#4685ba
156	7Networks_LH_SomMot_75	#4685bb
157	7Networks_LH_SomMot_76	#4686b4
158	7Networks_LH_SomMot_77	#4686b5
159	7Networks_LH_SomMot_78	#4686b6
160	7Networks_LH_SomMot_79	#4686b7
161	7Networks_LH_SomMot_80	#4686b8
162	7Networks_LH_SomMot_81	#4686b9
163	7Networks_LH_SomMot_82	#4686ba
164	7Networks_LH_SomMot_83	#4686bb
165	7Networks_LH_SomMot_84	#4687b4
166	7Networks_LH_SomMot_85	#4687b5
167	7Networks_LH_SomMot_86	#4687b6
168	7Networks_LH_SomMot_87	#4687b7
169	7Networks_LH_SomMot_88	#4687b8
170	7Networks_LH_SomMot_89	#4687b9
171	7Networks_LH_SomMot_90	#4687ba
172	7Networks_LH_SomMot_91	#4687bb
173	7Networks_LH_DorsAttn_Post_1	#007407
174	7Networks_LH_DorsAttn_Post_2	#007408
175	7Networks_LH_DorsAttn_Post_3	#007409
176	7Networks_LH_DorsAttn_Post_4	#00740a
177	7Networks_LH_DorsAttn_Post_5	#00740b
178	7Networks_LH_DorsAttn_Post_6	#00740c
179	7Networks_LH_DorsAttn_Post_7	#00740d
180	7Networks_LH_DorsAttn_Post_8	#00740e
181	7Networks_LH_DorsAttn_Post_9	#007507
182	7Networks_LH_DorsAttn_Post_10	#007508
183	7Networks_LH_DorsAttn_Post_11	#007509
184	7Networks_LH_DorsAttn_Post_12	#00750a
185	7Networks_LH_DorsAttn_Post_13	#00750b
186	7Networks_LH_DorsAttn_Post_14	#00750c
187	7Networks_LH_DorsAttn_Post_15	#00750d
188	7Networks_LH_DorsAttn_Post_16	#00750e
189	7Networks_LH_DorsAttn_Post_17	#007607
190	7Networks_LH_DorsAttn_Post_18	#007608
191	7Networks_LH_DorsAttn_Post_19	#007609
192	7Networks_LH_DorsAttn_Post_20	#00760a
193	7Networks_LH_DorsAttn_Post_21	#00760b
194	7Networks_LH_DorsAttn_Post_22	#00760c
195	7Networks_LH_DorsAttn_Post_23	#00760d
196	7Networks_LH_DorsAttn_Post_24	#00760f
197	7Networks_LH_DorsAttn_Post_25	#007610
198	7Networks_LH_DorsAttn_Post_26	#007611
199	7Networks_LH_DorsAttn_Post_27	#007612
200	7Networks_LH_DorsAttn_Post_28	#007613
201	7Networks_LH_DorsAttn_Post_29	#007614
202	7Networks_LH_DorsAttn_Post_30	#007615
203	7Networks_LH_DorsAttn_Post_31	#00770e
204	7Networks_LH_DorsAttn_Post_32	#00770f
205	7Networks_LH_DorsAttn_Post_33	#007710
206	7Networks_LH_DorsAttn_Post_34	#007711
207	7Networks_LH_DorsAttn_Post_35	#007712
208	7Networks_LH_DorsAttn_Post_36	#007713
209	7Networks_LH_DorsAttn_Post_37	#007714
210	7Networks_LH_DorsAttn_Post_38	#007715
211	7Networks_LH_DorsAttn_Post_39	#00780e
212	7Networks_LH_DorsAttn_Post_40	#00780f
213	7Networks_LH_DorsAttn_Post_41	#007810
214	7Networks_LH_DorsAttn_Post_42	#007811
215	7Networks_LH_DorsAttn_Post_43	#007812
216	7Networks_LH_DorsAttn_Post_44	#007813
217	7Networks_LH_DorsAttn_Post_45	#007814
218	7Networks_LH_DorsAttn_Post_46	#007815
219	7Networks_LH_DorsAttn_Post_47	#00790e
220	7Networks_LH_DorsAttn_Post_48	#00790f
221	7Networks_LH_DorsAttn_Post_49	#007910
222	7Networks_LH_DorsAttn_Post_50	#007911
223	7Networks_LH_DorsAttn_FEF_1	#00760e
224	7Networks_LH_DorsAttn_FEF_2	#007616
225	7Networks_LH_DorsAttn_FEF_3	#007716
226	7Networks_LH_DorsAttn_FEF_4	#007816
227	7Networks_LH_DorsAttn_FEF_5	#007912
228	7Networks_LH_DorsAttn_FEF_6	#007913
229	7Networks_LH_DorsAttn_FEF_7	#007914
230	7Networks_LH_DorsAttn_PrCv_1	#007915
231	7Networks_LH_DorsAttn_PrCv_2	#007a0e
232	7Networks_LH_DorsAttn_PrCv_3	#007a0f
233	7Networks_LH_DorsAttn_PrCv_4	#007a10
234	7Networks_LH_SalVentAttn_ParOper_1	#c43af7
235	7Networks_LH_SalVentAttn_ParOper_2	#c43af8
236	7Networks_LH_SalVentAttn_ParOper_3	#c43af9
237	7Networks_LH_SalVentAttn_ParOper_4	#c43afb
238	7Networks_LH_SalVentAttn_ParOper_5	#c43afc
239	7Networks_LH_SalVentAttn_ParOper_6	#c43afd
240	7Networks_LH_SalVentAttn_ParOper_7	#c43afe
241	7Networks_LH_SalVentAttn_ParOper_8	#c43aff
242	7Networks_LH_SalVentAttn_ParOper_9	#c133fa
243	7Networks_LH_SalVentAttn_TempOcc_1	#c133f9
244	7Networks_LH_SalVentAttn_TempOcc_2	#c133fb
245	7Networks_LH_SalVentAttn_FrOper_1	#c43afa
246	7Networks_LH_SalVentAttn_FrOper_2	#c43bf3
247	7Networks_LH_SalVentAttn_FrOper_3	#c43bf4
248	7Networks_LH_SalVentAttn_FrOper_4	#c43bf5
249	7Networks_LH_SalVentAttn_FrOper_5	#c43bf6
250	7Networks_LH_SalVentAttn_FrOper_6	#c43bf7
251	7Networks_LH_SalVentAttn_FrOper_7	#c43bf8
252	7Networks_LH_SalVentAttn_FrOper_8	#c43bf9
253	7Networks_LH_SalVentAttn_FrOper_9	#c43bfb
254	7Networks_LH_SalVentAttn_FrOper_10	#c43bfc
255	7Networks_LH_SalVentAttn_FrOper_11	#c43bfd
256	7Networks_LH_SalVentAttn_FrOper_12	#c43bfe
257	7Networks_LH_SalVentAttn_FrOper_13	#c43bff
258	7Networks_LH_SalVentAttn_FrOper_14	#c134fa
259	7Networks_LH_SalVentAttn_FrOper_15	#c135f3
260	7Networks_LH_SalVentAttn_FrOper_16	#c135f4
261	7Networks_LH_SalVentAttn_FrOper_17	#c135f5
262	7Networks_LH_SalVentAttn_FrOper_18	#c135f6
263	7Networks_LH_SalVentAttn_FrOper_19	#c135f7
264	7Networks_LH_SalVentAttn_FrOper_20	#c135f8
265	7Networks_LH_SalVentAttn_FrOper_21	#c135f9
266	7Networks_LH_SalVentAttn_FrOper_22	#c135fa
267	7Networks_LH_SalVentAttn_FrOper_23	#c136f3
268	7Networks_LH_SalVentAttn_PFCl_1	#c134f9
269	7Networks_LH_SalVentAttn_PFCl_2	#c134fb
270	7Networks_LH_SalVentAttn_Med_1	#c539fa
271	7Networks_LH_SalVentAttn_Med_2	#c53af3
272	7Networks_LH_SalVentAttn_Med_3	#c53af4
273	7Networks_LH_SalVentAttn_Med_4	#c53af5
274	7Networks_LH_SalVentAttn_Med_5	#c53af6
275	7Networks_LH_SalVentAttn_Med_6	#c53af7
276	7Networks_LH_SalVentAttn_Med_7	#c53af8
277	7Networks_LH_SalVentAttn_Med_8	#c53af9
278	7Networks_LH_SalVentAttn_Med_9	#c53afb
279	7Networks_LH_SalVentAttn_Med_10	#c53afc
280	7Networks_LH_SalVentAttn_Med_11	#c53afd
281	7Networks_LH_SalVentAttn_Med_12	#c53afe
282	7Networks_LH_SalVentAttn_Med_13	#c53aff
283	7Networks_LH_SalVentAttn_Med_14	#c233fa
284	7Networks_LH_SalVentAttn_Med_15	#c234f3
285	7Networks_LH_SalVentAttn_Med_16	#c234f4
286	7Networks_LH_SalVentAttn_Med_17	#c234f5
287	7Networks_LH_SalVentAttn_Med_18	#c234f6
288	7Networks_LH_SalVentAttn_Med_19	#c234f7
289	7Networks_LH_Limbic_OFC_1	#dcf89f
290	7Networks_LH_Limbic_OFC_2	#dcf8a0
291	7Networks_LH_Limbic_OFC_3	#dcf8a1
292	7Networks_LH_Limbic_OFC_4	#dcf8a2
293	7Networks_LH_Limbic_OFC_5	#dcf8a3
294	7Networks_LH_Limbic_OFC_6	#dcf8a5
295	7Networks_LH_Limbic_OFC_7	#dcf8a6
296	7Networks_LH_Limbic_OFC_8	#dcf8a7
297	7Networks_LH_Limbic_OFC_9	#dcf8a8
298	7Networks_LH_Limbic_OFC_10	#dcf8a9
299	7Networks_LH_Limbic_OFC_11	#dcf8aa
300	7Networks_LH_Limbic_OFC_12	#dcf8ab
301	7Networks_LH_Limbic_OFC_13	#dcf9a4
302	7Networks_LH_Limbic_OFC_14	#dcf9a5
303	7Networks_LH_Limbic_TempPole_1	#dcf8a4
304	7Networks_LH_Limbic_TempPole_2	#dcf8ac
305	7Networks_LH_Limbic_TempPole_3	#dcf9a6
306	7Networks_LH_Limbic_TempPole_4	#dcf9a7
307	7Networks_LH_Limbic_TempPole_5	#dcf9a8
308	7Networks_LH_Limbic_TempPole_6	#dcf9a9
309	7Networks_LH_Limbic_TempPole_7	#dcf9aa
310	7Networks_LH_Limbic_TempPole_8	#dcf9ab
311	7Networks_LH_Limbic_TempPole_9	#dcf9ac
312	7Networks_LH_Limbic_TempPole_10	#dcfaa5
313	7Networks_LH_Limbic_TempPole_11	#dcfaa6
314	7Networks_LH_Limbic_TempPole_12	#dcfaa7
315	7Networks_LH_Limbic_TempPole_13	#dcfaa8
316	7Networks_LH_Limbic_TempPole_14	#dcfaa9
317	7Networks_LH_Limbic_TempPole_15	#dcfaaa
318	7Networks_LH_Cont_Par_1	#e6941c
319	7Networks_LH_Cont_Par_2	#e6941d
320	7Networks_LH_Cont_Par_3	#e6941e
321	7Networks_LH_Cont_Par_4	#e6941f
322	7Networks_LH_Cont_Par_5	#e69420
323	7Networks_LH_Cont_Par_6	#e69421
324	7Networks_LH_Cont_Par_7	#e69423
325	7Networks_LH_Cont_Par_8	#e69424
326	7Networks_LH_Cont_Par_9	#e69425
327	7Networks_LH_Cont_Par_10	#e69426
328	7Networks_LH_Cont_Par_11	#e69427
329	7Networks_LH_Cont_Par_12	#e69428
330	7Networks_LH_Cont_Par_13	#e69429
331	7Networks_LH_Cont_Par_14	#e69522
332	7Networks_LH_Cont_Par_15	#e69523
333	7Networks_LH_Cont_Temp_1	#e6942a
334	7Networks_LH_Cont_Temp_2	#e69524
335	7Networks_LH_Cont_Temp_3	#e69525
336	7Networks_LH_Cont_Temp_4	#e69526
337	7Networks_LH_Cont_PFCd_1	#e69527
338	7Networks_LH_Cont_PFCl_1	#e6951c
339	7Networks_LH_Cont_PFCl_2	#e6951d
340	7Networks_LH_Cont_PFCl_3	#e6951e
341	7Networks_LH_Cont_PFCl_4	#e6951f
342	7Networks_LH_Cont_PFCl_5	#e69520
343	7Networks_LH_Cont_PFCl_6	#e69521
344	7Networks_LH_Cont_PFCl_7	#e69528
345	7Networks_LH_Cont_PFCl_8	#e69529
346	7Networks_LH_Cont_PFCl_9	#e6952a
347	7Networks_LH_Cont_PFCl_10	#e69623
348	7Networks_LH_Cont_PFCl_11	#e69624
349	7Networks_LH_Cont_PFCl_12	#e69625
350	7Networks_LH_Cont_PFCl_13	#e69626
351	7Networks_LH_Cont_PFCl_14	#e69627
352	7Networks_LH_Cont_PFCl_15	#e69628
353	7Networks_LH_Cont_PFCl_16	#e69629
354	7Networks_LH_Cont_PFCl_17	#e6962a
355	7Networks_LH_Cont_PFCl_18	#e69723
356	7Networks_LH_Cont_PFCl_19	#e69724
357	7Networks_LH_Cont_PFCl_20	#e69725
358	7Networks_LH_Cont_OFC_1	#e79423
359	7Networks_LH_Cont_PFCv_1	#e79424
360	7Networks_LH_Cont_PFCv_2	#e79425
361	7Networks_LH_Cont_pCun_1	#e79523
362	7Networks_LH_Cont_pCun_2	#e79524
363	7Networks_LH_Cont_pCun_3	#e79525
364	7Networks_LH_Cont_pCun_4	#e79526
365	7Networks_LH_Cont_Cing_1	#e79521
366	7Networks_LH_Cont_Cing_2	#e79522
367	7Networks_LH_Cont_Cing_3	#e79527
368	7Networks_LH_Cont_Cing_4	#e79528
369	7Networks_LH_Cont_Cing_5	#e79529
370	7Networks_LH_Cont_Cing_6	#e7952a
371	7Networks_LH_Cont_Cing_7	#e79623
372	7Networks_LH_Cont_Cing_8	#e79624
373	7Networks_LH_Cont_PFCmp_1	#e69422
374	7Networks_LH_Cont_PFCmp_2	#e69621
375	7Networks_LH_Default_Par_1	#cd3d4e
376	7Networks_LH_Default_Par_2	#cd3e47
377	7Networks_LH_Default_Par_3	#cd3e48
378	7Networks_LH_Default_Par_4	#cd3e49
379	7Networks_LH_Default_Par_5	#cd3e4a
380	7Networks_LH_Default_Par_6	#cd3e4b
381	7Networks_LH_Default_Par_7	#cd3e4c
382	7Networks_LH_Default_Par_8	#cd3e4d
383	7Networks_LH_Default_Par_9	#cd3e4f
384	7Networks_LH_Default_Par_10	#cd3e50
385	7Networks_LH_Default_Par_11	#cd3e51
386	7Networks_LH_Default_Par_12	#cd3e52
387	7Networks_LH_Default_Par_13	#cd3e53
388	7Networks_LH_Default_Par_14	#cd3e54
389	7Networks_LH_Default_Par_15	#cd3e55
390	7Networks_LH_Default_Par_16	#cd3f4e
391	7Networks_LH_Default_Par_17	#cd3f4f
392	7Networks_LH_Default_Par_18	#cd3f50
393	7Networks_LH_Default_Par_19	#cd3f51
394	7Networks_LH_Default_Temp_1	#cd3d4f
395	7Networks_LH_Default_Temp_2	#cd3e4e
396	7Networks_LH_Default_Temp_3	#cd3e56
397	7Networks_LH_Default_Temp_4	#cd3f52
398	7Networks_LH_Default_Temp_5	#cd3f53
399	7Networks_LH_Default_Temp_6	#cd3f54
400	7Networks_LH_Default_Temp_7	#cd3f55
401	7Networks_LH_Default_Temp_8	#cd3f56
402	7Networks_LH_Default_Temp_9	#cd404f
403	7Networks_LH_Default_Temp_10	#cd4050
404	7Networks_LH_Default_Temp_11	#cd4051
405	7Networks_LH_Default_Temp_12	#cd4052
406	7Networks_LH_Default_Temp_13	#cd4053
407	7Networks_LH_Default_Temp_14	#cd4054
408	7Networks_LH_Default_Temp_15	#cd4055
409	7Networks_LH_Default_Temp_16	#cd4056
410	7Networks_LH_Default_Temp_17	#cd414f
411	7Networks_LH_Default_Temp_18	#cd4150
412	7Networks_LH_Default_Temp_19	#cd4151
413	7Networks_LH_Default_Temp_20	#cd4152
414	7Networks_LH_Default_Temp_21	#cd4153
415	7Networks_LH_Default_Temp_22	#cd4154
416	7Networks_LH_Default_PFC_1	#cd3d47
417	7Networks_LH_Default_PFC_2	#cd3d48
418	7Networks_LH_Default_PFC_3	#cd3d49
419	7Networks_LH_Default_PFC_4	#cd3d4a
420	7Networks_LH_Default_PFC_5	#cd3d4b
421	7Networks_LH_Default_PFC_6	#cd3d4c
422	7Networks_LH_Default_PFC_7	#cd3d4d
423	7Networks_LH_Default_PFC_8	#cd3f47
424	7Networks_LH_Default_PFC_9	#cd3f48
425	7Networks_LH_Default_PFC_10	#cd3f49
426	7Networks_LH_Default_PFC_11	#cd3f4a
427	7Networks_LH_Default_PFC_12	#cd3f4b
428	7Networks_LH_Default_PFC_13	#cd3f4c
429	7Networks_LH_Default_PFC_14	#cd3f4d
430	7Networks_LH_Default_PFC_15	#cd404e
431	7Networks_LH_Default_PFC_16	#cd414e
432	7Networks_LH_Default_PFC_17	#cd4155
433	7Networks_LH_Default_PFC_18	#cd424e
434	7Networks_LH_Default_PFC_19	#cd424f
435	7Networks_LH_Default_PFC_20	#cd4250
436	7Networks_LH_Default_PFC_21	#cd4251
437	7Networks_LH_Default_PFC_22	#cd4252
438	7Networks_LH_Default_PFC_23	#cd4253
439	7Networks_LH_Default_PFC_24	#cd4254
440	7Networks_LH_Default_PFC_25	#cd4255
441	7Networks_LH_Default_PFC_26	#cd434e
442	7Networks_LH_Default_PFC_27	#cd434f
443	7Networks_LH_Default_PFC_28	#cd4350
444	7Networks_LH_Default_PFC_29	#cd4351
445	7Networks_LH_Default_PFC_30	#cd4352
446	7Networks_LH_Default_PFC_31	#cd4353
447	7Networks_LH_Default_PFC_32	#cd4354
448	7Networks_LH_Default_PFC_33	#cd4355
449	7Networks_LH_Default_PFC_34	#cd444e
450	7Networks_LH_Default_PFC_35	#cd444f
451	7Networks_LH_Default_PFC_36	#cd4450
452	7Networks_LH_Default_PFC_37	#cd4451
453	7Networks_LH_Default_PFC_38	#cd4452
454	7Networks_LH_Default_PFC_39	#cd4453
455	7Networks_LH_Default_PFC_40	#cd4454
456	7Networks_LH_Default_PFC_41	#cd4455
457	7Networks_LH_Default_PFC_42	#cd454e
458	7Networks_LH_Default_PFC_43	#cd454f
459	7Networks_LH_Default_PFC_44	#cd4550
460	7Networks_LH_Default_PFC_45	#cd4551
461	7Networks_LH_Default_PFC_46	#cd4552
462	7Networks_LH_Default_PFC_47	#cd4553
463	7Networks_LH_Default_PFC_48	#cd4554
464	7Networks_LH_Default_PFC_49	#cd4555
465	7Networks_LH_Default_PFC_50	#cd464e
466	7Networks_LH_Default_PCC_1	#cd4156
467	7Networks_LH_Default_PCC_2	#cd4256
468	7Networks_LH_Default_PCC_3	#cd4356
469	7Networks_LH_Default_PCC_4	#cd4456
470	7Networks_LH_Default_PCC_5	#cd4556
471	7Networks_LH_Default_PCC_6	#cd464f
472	7Networks_LH_Default_PCC_7	#cd4650
473	7Networks_LH_Default_PCC_8	#cd4651
474	7Networks_LH_Default_PCC_9	#cd4652
475	7Networks_LH_Default_PCC_10	#cd4653
476	7Networks_LH_Default_PCC_11	#cd4654
477	7Networks_LH_Default_PCC_12	#cd4655
478	7Networks_LH_Default_PCC_13	#cd4656
479	7Networks_LH_Default_PCC_14	#ce3f4f
480	7Networks_LH_Default_PCC_15	#ce3f50
481	7Networks_LH_Default_PCC_16	#ce3f51
482	7Networks_LH_Default_PCC_17	#ce3f52
483	7Networks_LH_Default_PCC_18	#ce3f53
484	7Networks_LH_Default_PCC_19	#ce3f54
485	7Networks_LH_Default_PCC_20	#ce3f55
486	7Networks_LH_Default_PCC_21	#ce3f56
487	7Networks_LH_Default_PCC_22	#ce404f
488	7Networks_LH_Default_PCC_23	#ce4050
489	7Networks_LH_Default_PCC_24	#ce4051
490	7Networks_LH_Default_PCC_25	#ce4052
491	7Networks_LH_Default_PCC_26	#ce4053
492	7Networks_LH_Default_PCC_27	#ce4054
493	7Networks_LH_Default_PCC_28	#ce4055
494	7Networks_LH_Default_PCC_29	#ce4056
495	7Networks_LH_Default_PCC_30	#ce414f
496	7Networks_LH_Default_PCC_31	#ce4150
497	7Networks_LH_Default_PCC_32	#ce4151
498	7Networks_LH_Default_PHC_1	#ce3e4f
499	7Networks_LH_Default_PHC_2	#ce3e50
500	7Networks_LH_Default_PHC_3	#ce3e51
501	7Networks_RH_Vis_1	#7c0e80
502	7Networks_RH_Vis_2	#7c0e81
503	7Networks_RH_Vis_3	#7c0e82
504	7Networks_RH_Vis_4	#7c0e83
505	7Networks_RH_Vis_5	#7c0e84
506	7Networks_RH_Vis_6	#7c0e85
507	7Networks_RH_Vis_7	#7c0e86
508	7Networks_RH_Vis_8	#7c0e87
509	7Networks_RH_Vis_9	#7c0f80
510	7Networks_RH_Vis_10	#7c0f81
511	7Networks_RH_Vis_11	#7c0f82
512	7Networks_RH_Vis_12	#7c0f83
513	7Networks_RH_Vis_13	#7c0f84
514	7Networks_RH_Vis_14	#7c0f85
515	7Networks_RH_Vis_15	#7c0f86
516	7Networks_RH_Vis_16	#7c0f87
517	7Networks_RH_Vis_17	#7c1080
518	7Networks_RH_Vis_18	#7c1081
519	7Networks_RH_Vis_19	#7c1082
520	7Networks_RH_Vis_20	#7c1083
521	7Networks_RH_Vis_21	#7c1084
522	7Networks_RH_Vis_22	#7c1085
523	7Networks_RH_Vis_23	#7c1086
524	7Networks_RH_Vis_24	#7c1087
525	7Networks_RH_Vis_25	#7c1180
526	7Networks_RH_Vis_26	#7c1181
527	7Networks_RH_Vis_27	#7c1182
528	7Networks_RH_Vis_28	#7c1183
529	7Networks_RH_Vis_29	#7c1184
530	7Networks_RH_Vis_30	#7c1185
531	7Networks_RH_Vis_31	#7c1186
532	7Networks_RH_Vis_32	#7c1187
533	7Networks_RH_Vis_33	#7c1280
534	7Networks_RH_Vis_34	#7c1281
535	7Networks_RH_Vis_35	#7c1282
536	7Networks_RH_Vis_36	#7c1283
537	7Networks_RH_Vis_37	#7c1284
538	7Networks_RH_Vis_38	#7c1285
539	7Networks_RH_Vis_39	#7c1286
540	7Networks_RH_Vis_40	#7c1288
541	7Networks_RH_Vis_41	#7c1289
542	7Networks_RH_Vis_42	#7c128a
543	7Networks_RH_Vis_43	#7c128b
544	7Networks_RH_Vis_44	#7c128c
545	7Networks_RH_Vis_45	#7c128d
546	7Networks_RH_Vis_46	#7c128e
547	7Networks_RH_Vis_47	#7c1387
548	7Networks_RH_Vis_48	#7c1388
549	7Networks_RH_Vis_49	#7c1389
550	7Networks_RH_Vis_50	#7c138a
551	7Networks_RH_Vis_51	#7c138b
552	7Networks_RH_Vis_52	#7c138c
553	7Networks_RH_Vis_53	#7c138d
554	7Networks_RH_Vis_54	#7c138e
555	7Networks_RH_Vis_55	#7c1487
556	7Networks_RH_Vis_56	#7c1488
557	7Networks_RH_Vis_57	#7c1489
558	7Networks_RH_Vis_58	#7c148a
559	7Networks_RH_Vis_59	#7c148b
560	7Networks_RH_Vis_60	#7c148c
561	7Networks_RH_Vis_61	#7c148d
562	7Networks_RH_Vis_62	#7c148e
563	7Networks_RH_Vis_63	#7c1587
564	7Networks_RH_Vis_64	#7c1588
565	7Networks_RH_Vis_65	#7c1589
566	7Networks_RH_Vis_66	#7c158a
567	7Networks_RH_Vis_67	#7c158b
568	7Networks_RH_Vis_68	#7c158c
569	7Networks_RH_Vis_69	#7c158d
570	7Networks_RH_Vis_70	#7c158e
571	7Networks_RH_Vis_71	#7c1687
572	7Networks_RH_Vis_72	#7c1688
573	7Networks_RH_Vis_73	#7c1689
574	7Networks_RH_Vis_74	#7c168a
575	7Networks_RH_Vis_75	#7c168b
576	7Networks_RH_Vis_76	#7c168c
577	7Networks_RH_Vis_77	#7c168d
578	7Networks_RH_Vis_78	#7c168e
579	7Networks_RH_Vis_79	#7c1787
580	7Networks_RH_Vis_80	#7c1788
581	7Networks_RH_Vis_81	#7c1789
582	7Networks_RH_SomMot_1	#4a7cb3
583	7Networks_RH_SomMot_2	#4a7cb4
584	7Networks_RH_SomMot_3	#4a7cb5
585	7Networks_RH_SomMot_4	#4a7dae
586	7Networks_RH_SomMot_5	#4a7daf
587	7Networks_RH_SomMot_6	#4a7db0
588	7Networks_RH_SomMot_7	#4a7db1
589	7Networks_RH_SomMot_8	#4a7db2
590	7Networks_RH_SomMot_9	#4a7db3
591	7Networks_RH_SomMot_10	#4a7db4
592	7Networks_RH_SomMot_11	#4a7db5
593	7Networks_RH_SomMot_12	#4a7eae
594	7Networks_RH_SomMot_13	#4a7eaf
595	7Networks_RH_SomMot_14	#4a7eb0
596	7Networks_RH_SomMot_15	#4a7eb1
597	7Networks_RH_SomMot_16	#4a7eb2
598	7Networks_RH_SomMot_17	#4a7eb3
599	7Networks_RH_SomMot_18	#4a7eb4
600	7Networks_RH_SomMot_19	#4a7eb5
601	7Networks_RH_SomMot_20	#4a7fae
602	7Networks_RH_SomMot_21	#4a7faf
603	7Networks_RH_SomMot_22	#4a7fb0
604	7Networks_RH_SomMot_23	#4a7fb1
605	7Networks_RH_SomMot_24	#4a7fb2
606	7Networks_RH_SomMot_25	#4a7fb3
607	7Networks_RH_SomMot_26	#4a7fb4
608	7Networks_RH_SomMot_27	#4a7fb5
609	7Networks_RH_SomMot_28	#4a80ae
610	7Networks_RH_SomMot_29	#4a80af
611	7Networks_RH_SomMot_30	#4a80b0
612	7Networks_RH_SomMot_31	#4a80b1
613	7Networks_RH_SomMot_32	#4a80b2
614	7Networks_RH_SomMot_33	#4a80b3
615	7Networks_RH_SomMot_34	#4a80b4
616	7Networks_RH_SomMot_35	#4a80b5
617	7Networks_RH_SomMot_36	#4a81ae
618	7Networks_RH_SomMot_37	#4a81af
619	7Networks_RH_SomMot_38	#4a81b0
620	7Networks_RH_SomMot_39	#4a81b1
621	7Networks_RH_SomMot_40	#4a81b2
622	7Networks_RH_SomMot_41	#4a81b3
623	7Networks_RH_SomMot_42	#4a81b4
624	7Networks_RH_SomMot_43	#4a81b5
625	7Networks_RH_SomMot_44	#4a82ae
626	7Networks_RH_SomMot_45	#4a82af
627	7Networks_RH_SomMot_46	#4a82b0
628	7Networks_RH_SomMot_47	#4a82b1
629	7Networks_RH_SomMot_48	#4a82b2
630	7Networks_RH_SomMot_49	#4a82b3
631	7Networks_RH_SomMot_50	#4a82b4
632	7Networks_RH_SomMot_51	#4a82b6
633	7Networks_RH_SomMot_52	#4a82b7
634	7Networks_RH_SomMot_53	#4a82b8
635	7Networks_RH_SomMot_54	#4a82b9
636	7Networks_RH_SomMot_55	#4a82ba
637	7Networks_RH_SomMot_56	#4a82bb
638	7Networks_RH_SomMot_57	#4a82bc
639	7Networks_RH_SomMot_58	#4a83b5
640	7Networks_RH_SomMot_59	#4a83b6
641	7Networks_RH_SomMot_60	#4a83b7
642	7Networks_RH_SomMot_61	#4a83b8
643	7Networks_RH_SomMot_62	#4a83b9
644	7Networks_RH_SomMot_63	#4a83ba
645	7Networks_RH_SomMot_64	#4a83bb
646	7Networks_RH_SomMot_65	#4a83bc
647	7Networks_RH_SomMot_66	#4a84b5
648	7Networks_RH_SomMot_67	#4a84b6
649	7Networks_RH_SomMot_68	#4a84b7
650	7Networks_RH_SomMot_69	#4a84b8
651	7Networks_RH_SomMot_70	#4a84b9
652	7Networks_RH_SomMot_71	#4a84ba
653	7Networks_RH_SomMot_72	#4a84bb
654	7Networks_RH_SomMot_73	#4a84bc
655	7Networks_RH_SomMot_74	#4a85b5
656	7Networks_RH_SomMot_75	#4a85b6
657	7Networks_RH_SomMot_76	#4a85b7
658	7Networks_RH_SomMot_77	#4a85b8
659	7Networks_RH_SomMot_78	#4a85b9
660	7Networks_RH_SomMot_79	#4a85ba
661	7Networks_RH_SomMot_80	#4a85bb
662	7Networks_RH_SomMot_81	#4a85bc
663	7Networks_RH_SomMot_82	#4a86b5
664	7Networks_RH_SomMot_83	#4a86b6
665	7Networks_RH_SomMot_84	#4a86b7
666	7Networks_RH_SomMot_85	#4a86b8
667	7Networks_RH_SomMot_86	#4a86b9
668	7Networks_RH_SomMot_87	#4a86ba
669	7Networks_RH_SomMot_88	#4a86bb
670	7Networks_RH_SomMot_89	#4a86bc
671	7Networks_RH_SomMot_90	#4a87b5
672	7Networks_RH_SomMot_91	#4a87b6
673	7Networks_RH_SomMot_92	#4a87b7
674	7Networks_RH_SomMot_93	#4a87b8
675	7Networks_RH_SomMot_94	#4a87b9
676	7Networks_RH_SomMot_95	#4a87ba
677	7Networks_RH_SomMot_96	#4a87bb
678	7Networks_RH_SomMot_97	#4a87bc
679	7Networks_RH_SomMot_98	#4a88b5
680	7Networks_RH_SomMot_99	#4a88b6
681	7Networks_RH_SomMot_100	#4a88b7
682	7Networks_RH_SomMot_101	#4a88b8
683	7Networks_RH_SomMot_102	#4a88b9
684	7Networks_RH_SomMot_103	#4a88ba
685	7Networks_RH_DorsAttn_Post_1	#04740f
686	7Networks_RH_DorsAttn_Post_2	#047508
687	7Networks_RH_DorsAttn_Post_3	#047509
688	7Networks_RH_DorsAttn_Post_4	#04750a
689	7Networks_RH_DorsAttn_Post_5	#04750b
690	7Networks_RH_DorsAttn_Post_6	#04750c
691	7Networks_RH_DorsAttn_Post_7	#04750d
692	7Networks_RH_DorsAttn_Post_8	#04750e
693	7Networks_RH_DorsAttn_Post_9	#04750f
694	7Networks_RH_DorsAttn_Post_10	#047608
695	7Networks_RH_DorsAttn_Post_11	#047609
696	7Networks_RH_DorsAttn_Post_12	#04760a
697	7Networks_RH_DorsAttn_Post_13	#04760b
698	7Networks_RH_DorsAttn_Post_14	#04760c
699	7Networks_RH_DorsAttn_Post_15	#04760d
700	7Networks_RH_DorsAttn_Post_16	#04760e
701	7Networks_RH_DorsAttn_Post_17	#04760f
702	7Networks_RH_DorsAttn_Post_18	#047708
703	7Networks_RH_DorsAttn_Post_19	#047709
704	7Networks_RH_DorsAttn_Post_20	#04770a
705	7Networks_RH_DorsAttn_Post_21	#04770b
706	7Networks_RH_DorsAttn_Post_22	#04770c
707	7Networks_RH_DorsAttn_Post_23	#04770d
708	7Networks_RH_DorsAttn_Post_24	#04770e
709	7Networks_RH_DorsAttn_Post_25	#047710
710	7Networks_RH_DorsAttn_Post_26	#047711
711	7Networks_RH_DorsAttn_Post_27	#047712
712	7Networks_RH_DorsAttn_Post_28	#047713
713	7Networks_RH_DorsAttn_Post_29	#047714
714	7Networks_RH_DorsAttn_Post_30	#047715
715	7Networks_RH_DorsAttn_Post_31	#047716
716	7Networks_RH_DorsAttn_Post_32	#04780f
717	7Networks_RH_DorsAttn_Post_33	#047810
718	7Networks_RH_DorsAttn_Post_34	#047811
719	7Networks_RH_DorsAttn_Post_35	#047812
720	7Networks_RH_DorsAttn_Post_36	#047813
721	7Networks_RH_DorsAttn_Post_37	#047814
722	7Networks_RH_DorsAttn_Post_38	#047815
723	7Networks_RH_DorsAttn_Post_39	#047816
724	7Networks_RH_DorsAttn_Post_40	#04790f
725	7Networks_RH_DorsAttn_Post_41	#047910
726	7Networks_RH_DorsAttn_Post_42	#047911
727	7Networks_RH_DorsAttn_Post_43	#047912
728	7Networks_RH_DorsAttn_Post_44	#047913
729	7Networks_RH_DorsAttn_Post_45	#047914
730	7Networks_RH_DorsAttn_Post_46	#047915
731	7Networks_RH_DorsAttn_Post_47	#047916
732	7Networks_RH_DorsAttn_Post_48	#047a0f
733	7Networks_RH_DorsAttn_Post_49	#047a10
734	7Networks_RH_DorsAttn_Post_50	#047a11
735	7Networks_RH_DorsAttn_Post_51	#047a12
736	7Networks_RH_DorsAttn_Post_52	#047a13
737	7Networks_RH_DorsAttn_FEF_1	#05760d
738	7Networks_RH_DorsAttn_FEF_2	#05760f
739	7Networks_RH_DorsAttn_FEF_3	#057610
740	7Networks_RH_DorsAttn_FEF_4	#057611
741	7Networks_RH_DorsAttn_FEF_5	#057612
742	7Networks_RH_DorsAttn_FEF_6	#057613
743	7Networks_RH_DorsAttn_PrCv_1	#057614
744	7Networks_RH_DorsAttn_PrCv_2	#057615
745	7Networks_RH_DorsAttn_PrCv_3	#057616
746	7Networks_RH_SalVentAttn_TempOccPar_1	#c93af4
747	7Networks_RH_SalVentAttn_TempOccPar_2	#c93af5
748	7Networks_RH_SalVentAttn_TempOccPar_3	#c93af6
749	7Networks_RH_SalVentAttn_TempOccPar_4	#c93af7
750	7Networks_RH_SalVentAttn_TempOccPar_5	#c93af8
751	7Networks_RH_SalVentAttn_TempOccPar_6	#c93af9
752	7Networks_RH_SalVentAttn_TempOccPar_7	#c93afa
753	7Networks_RH_SalVentAttn_TempOccPar_8	#c93afc
754	7Networks_RH_SalVentAttn_TempOccPar_9	#c93afd
755	7Networks_RH_SalVentAttn_TempOccPar_10	#c93afe
756	7Networks_RH_SalVentAttn_TempOccPar_11	#c93aff
757	7Networks_RH_SalVentAttn_TempOccPar_12	#c633fa
758	7Networks_RH_SalVentAttn_TempOccPar_13	#c633fb
759	7Networks_RH_SalVentAttn_TempOccPar_14	#c634f4
760	7Networks_RH_SalVentAttn_TempOccPar_15	#c634f5
761	7Networks_RH_SalVentAttn_TempOccPar_16	#c634f6
762	7Networks_RH_SalVentAttn_TempOccPar_17	#c634f7
763	7Networks_RH_SalVentAttn_TempOccPar_18	#c634f8
764	7Networks_RH_SalVentAttn_PrC_1	#c93bfb
765	7Networks_RH_SalVentAttn_PrC_2	#c93bfc
766	7Networks_RH_SalVentAttn_FrOper_1	#c93afb
767	7Networks_RH_SalVentAttn_FrOper_2	#c93bf4
768	7Networks_RH_SalVentAttn_FrOper_3	#c93bf5
769	7Networks_RH_SalVentAttn_FrOper_4	#c93bf6
770	7Networks_RH_SalVentAttn_FrOper_5	#c93bf7
771	7Networks_RH_SalVentAttn_FrOper_6	#c93bf8
772	7Networks_RH_SalVentAttn_FrOper_7	#c93bf9
773	7Networks_RH_SalVentAttn_FrOper_8	#c93bfa
774	7Networks_RH_SalVentAttn_FrOper_9	#c93bfd
775	7Networks_RH_SalVentAttn_FrOper_10	#c93bfe
776	7Networks_RH_SalVentAttn_FrOper_11	#c93bff
777	7Networks_RH_SalVentAttn_FrOper_12	#c634fa
778	7Networks_RH_SalVentAttn_FrOper_13	#c634fb
779	7Networks_RH_SalVentAttn_FrOper_14	#c635f4
780	7Networks_RH_SalVentAttn_FrOper_15	#c635f5
781	7Networks_RH_SalVentAttn_FrOper_16	#c635f6
782	7Networks_RH_SalVentAttn_FrOper_17	#c635f7
783	7Networks_RH_SalVentAttn_FrOper_18	#c635f8
784	7Networks_RH_SalVentAttn_FrOper_19	#c635f9
785	7Networks_RH_SalVentAttn_FrOper_20	#c635fa
786	7Networks_RH_SalVentAttn_FrOper_21	#c635fb
787	7Networks_RH_SalVentAttn_FrOper_22	#c636f4
788	7Networks_RH_SalVentAttn_FrOper_23	#c636f5
789	7Networks_RH_SalVentAttn_FrOper_24	#c636f6
790	7Networks_RH_SalVentAttn_PFCl_1	#c839fb
791	7Networks_RH_SalVentAttn_PFCl_2	#c839fc
792	7Networks_RH_SalVentAttn_Med_1	#c838f9
793	7Networks_RH_SalVentAttn_Med_2	#c839f2
794	7Networks_RH_SalVentAttn_Med_3	#c839f3
795	7Networks_RH_SalVentAttn_Med_4	#c839f4
796	7Networks_RH_SalVentAttn_Med_5	#c839f5
797	7Networks_RH_SalVentAttn_Med_6	#c839f6
798	7Networks_RH_SalVentAttn_Med_7	#c839f7
799	7Networks_RH_SalVentAttn_Med_8	#c839f8
800	7Networks_RH_SalVentAttn_Med_9	#c839fa
801	7Networks_RH_SalVentAttn_Med_10	#c839fd
802	7Networks_RH_SalVentAttn_Med_11	#c839fe
803	7Networks_RH_SalVentAttn_Med_12	#c839ff
804	7Networks_RH_SalVentAttn_Med_13	#c83af9
805	7Networks_RH_SalVentAttn_Med_14	#c83afa
806	7Networks_RH_SalVentAttn_Med_15	#c83afb
807	7Networks_RH_SalVentAttn_Med_16	#c83afc
808	7Networks_RH_SalVentAttn_Med_17	#c83afd
809	7Networks_RH_SalVentAttn_Med_18	#c83afe
810	7Networks_RH_SalVentAttn_Med_19	#c83aff
811	7Networks_RH_SalVentAttn_Med_20	#c83bf9
812	7Networks_RH_Limbic_OFC_1	#e0f99f
813	7Networks_RH_Limbic_OFC_2	#e0f9a0
814	7Networks_RH_Limbic_OFC_3	#e0f9a1
815	7Networks_RH_Limbic_OFC_4	#e0f9a2
816	7Networks_RH_Limbic_OFC_5	#e0f9a3
817	7Networks_RH_Limbic_OFC_6	#e0f9a5
818	7Networks_RH_Limbic_OFC_7	#e0f9a6
819	7Networks_RH_Limbic_OFC_8	#e0f9a7
820	7Networks_RH_Limbic_OFC_9	#e0f9a8
821	7Networks_RH_Limbic_OFC_10	#e0f9a9
822	7Networks_RH_Limbic_OFC_11	#e0f9aa
823	7Networks_RH_Limbic_OFC_12	#e0f9ab
824	7Networks_RH_Limbic_OFC_13	#e0faa4
825	7Networks_RH_Limbic_OFC_14	#e0faa5
826	7Networks_RH_Limbic_TempPole_1	#e0f99e
827	7Networks_RH_Limbic_TempPole_2	#e0f9a4
828	7Networks_RH_Limbic_TempPole_3	#e0f9ac
829	7Networks_RH_Limbic_TempPole_4	#e0faa6
830	7Networks_RH_Limbic_TempPole_5	#e0faa7
831	7Networks_RH_Limbic_TempPole_6	#e0faa8
832	7Networks_RH_Limbic_TempPole_7	#e0faa9
833	7Networks_RH_Limbic_TempPole_8	#e0faaa
834	7Networks_RH_Limbic_TempPole_9	#e0faab
835	7Networks_RH_Limbic_TempPole_10	#e0faac
836	7Networks_RH_Limbic_TempPole_11	#e0fba5
837	7Networks_RH_Limbic_TempPole_12	#e0fba6
838	7Networks_RH_Limbic_TempPole_13	#e0fba7
839	7Networks_RH_Limbic_TempPole_14	#e0fba8
840	7Networks_RH_Limbic_TempPole_15	#e0fba9
841	7Networks_RH_Limbic_TempPole_16	#e0fbaa
842	7Networks_RH_Limbic_TempPole_17	#e0fbab
843	7Networks_RH_Cont_Par_1	#ea931b
844	7Networks_RH_Cont_Par_2	#ea931c
845	7Networks_RH_Cont_Par_3	#ea931d
846	7Networks_RH_Cont_Par_4	#ea931e
847	7Networks_RH_Cont_Par_5	#ea931f
848	7Networks_RH_Cont_Par_6	#ea9320
849	7Networks_RH_Cont_Par_7	#ea9321
850	7Networks_RH_Cont_Par_8	#ea9323
851	7Networks_RH_Cont_Par_9	#ea9324
852	7Networks_RH_Cont_Par_10	#ea9325
853	7Networks_RH_Cont_Par_11	#ea9326
854	7Networks_RH_Cont_Par_12	#ea9327
855	7Networks_RH_Cont_Par_13	#ea9328
856	7Networks_RH_Cont_Par_14	#ea9329
857	7Networks_RH_Cont_Par_15	#ea9422
858	7Networks_RH_Cont_Par_16	#ea9423
859	7Networks_RH_Cont_Par_17	#ea9424
860	7Networks_RH_Cont_Temp_1	#ea9322
861	7Networks_RH_Cont_Temp_2	#ea9421
862	7Networks_RH_Cont_Temp_3	#ea9425
863	7Networks_RH_Cont_Temp_4	#ea9426
864	7Networks_RH_Cont_PFCv_1	#e99423
865	7Networks_RH_Cont_PFCv_2	#e99424
866	7Networks_RH_Cont_PFCl_1	#e9931a
867	7Networks_RH_Cont_PFCl_2	#e9931b
868	7Networks_RH_Cont_PFCl_3	#e9931c
869	7Networks_RH_Cont_PFCl_4	#e9931d
870	7Networks_RH_Cont_PFCl_5	#e9931e
871	7Networks_RH_Cont_PFCl_6	#e9931f
872	7Networks_RH_Cont_PFCl_7	#e99320
873	7Networks_RH_Cont_PFCl_8	#e99321
874	7Networks_RH_Cont_PFCl_9	#e9941a
875	7Networks_RH_Cont_PFCl_10	#e9941b
876	7Networks_RH_Cont_PFCl_11	#e9941c
877	7Networks_RH_Cont_PFCl_12	#e9941d
878	7Networks_RH_Cont_PFCl_13	#e9941e
879	7Networks_RH_Cont_PFCl_14	#e9941f
880	7Networks_RH_Cont_PFCl_15	#e99420
881	7Networks_RH_Cont_PFCl_16	#e99422
882	7Networks_RH_Cont_PFCl_17	#e99425
883	7Networks_RH_Cont_PFCl_18	#e99426
884	7Networks_RH_Cont_PFCl_19	#e99427
885	7Networks_RH_Cont_PFCl_20	#e99428
886	7Networks_RH_Cont_PFCl_21	#e99521
887	7Networks_RH_Cont_PFCl_22	#e99522
888	7Networks_RH_Cont_PFCl_23	#e99523
889	7Networks_RH_Cont_PFCl_24	#e99524
890	7Networks_RH_Cont_PFCl_25	#e99525
891	7Networks_RH_Cont_PFCl_26	#e99526
892	7Networks_RH_Cont_PFCl_27	#e99527
893	7Networks_RH_Cont_PFCl_28	#e99528
894	7Networks_RH_Cont_PFCl_29	#e99621
895	7Networks_RH_Cont_PFCl_30	#e99622
896	7Networks_RH_Cont_PFCl_31	#e99623
897	7Networks_RH_Cont_PFCl_32	#e99624
898	7Networks_RH_Cont_PFCl_33	#e99625
899	7Networks_RH_Cont_PFCl_34	#e99626
900	7Networks_RH_Cont_pCun_1	#e99323
901	7Networks_RH_Cont_pCun_2	#e99324
902	7Networks_RH_Cont_pCun_3	#e99325
903	7Networks_RH_Cont_Cing_1	#e99322
904	7Networks_RH_Cont_Cing_2	#e99326
905	7Networks_RH_Cont_Cing_3	#e99327
906	7Networks_RH_Cont_Cing_4	#e99328
907	7Networks_RH_Cont_Cing_5	#e99421
908	7Networks_RH_Cont_PFCmp_1	#ea9427
909	7Networks_RH_Cont_PFCmp_2	#ea9428
910	7Networks_RH_Cont_PFCmp_3	#ea9429
911	7Networks_RH_Cont_PFCmp_4	#ea942a
912	7Networks_RH_Cont_PFCmp_5	#ea942b
913	7Networks_RH_Default_Par_1	#d13e47
914	7Networks_RH_Default_Par_2	#d13e48
915	7Networks_RH_Default_Par_3	#d13e49
916	7Networks_RH_Default_Par_4	#d13e4a
917	7Networks_RH_Default_Par_5	#d13e4b
918	7Networks_RH_Default_Par_6	#d13e4c
919	7Networks_RH_Default_Par_7	#d13e4e
920	7Networks_RH_Default_Par_8	#d13e4f
921	7Networks_RH_Default_Par_9	#d13e50
922	7Networks_RH_Default_Par_10	#d13e51
923	7Networks_RH_Default_Par_11	#d13e52
924	7Networks_RH_Default_Par_12	#d13e53
925	7Networks_RH_Default_Par_13	#d13e54
926	7Networks_RH_Default_Par_14	#d13f4d
927	7Networks_RH_Default_Par_15	#d13f4e
928	7Networks_RH_Default_Par_16	#d13f4f
929	7Networks_RH_Default_Temp_1	#d13d47
930	7Networks_RH_Default_Temp_2	#d13d48
931	7Networks_RH_Default_Temp_3	#d13d49
932	7Networks_RH_Default_Temp_4	#d13d4a
933	7Networks_RH_Default_Temp_5	#d13d4b
934	7Networks_RH_Default_Temp_6	#d13d4c
935	7Networks_RH_Default_Temp_7	#d13d4d
936	7Networks_RH_Default_Temp_8	#d13d4f
937	7Networks_RH_Default_Temp_9	#d13d50
938	7Networks_RH_Default_Temp_10	#d13d51
939	7Networks_RH_Default_Temp_11	#d13d52
940	7Networks_RH_Default_Temp_12	#d13d53
941	7Networks_RH_Default_Temp_13	#d13d54
942	7Networks_RH_Default_Temp_14	#d13d55
943	7Networks_RH_Default_Temp_15	#d13e55
944	7Networks_RH_Default_Temp_16	#d13f50
945	7Networks_RH_Default_Temp_17	#d13f51
946	7Networks_RH_Default_Temp_18	#d13f52
947	7Networks_RH_Default_PFCv_1	#d13d4e
948	7Networks_RH_Default_PFCv_2	#d13e4d
949	7Networks_RH_Default_PFCv_3	#d13f53
950	7Networks_RH_Default_PFCv_4	#d13f54
951	7Networks_RH_Default_PFCv_5	#d1404d
952	7Networks_RH_Default_PFCv_6	#d1404e
953	7Networks_RH_Default_PFCv_7	#d1404f
954	7Networks_RH_Default_PFCv_8	#d14050
955	7Networks_RH_Default_PFCv_9	#d14051
956	7Networks_RH_Default_PFCv_10	#d14052
957	7Networks_RH_Default_PFCm_1	#d03d4c
958	7Networks_RH_Default_PFCm_2	#d03d4d
959	7Networks_RH_Default_PFCm_3	#d03d4e
960	7Networks_RH_Default_PFCm_4	#d03e47
961	7Networks_RH_Default_PFCm_5	#d03e48
962	7Networks_RH_Default_PFCm_6	#d03e49
963	7Networks_RH_Default_PFCm_7	#d03e4a
964	7Networks_RH_Default_PFCm_8	#d03e4b
965	7Networks_RH_Default_PFCm_9	#d03e4c
966	7Networks_RH_Default_PFCm_10	#d03e4d
967	7Networks_RH_Default_PFCm_11	#d03e4f
968	7Networks_RH_Default_PFCm_12	#d03e50
969	7Networks_RH_Default_PFCm_13	#d03e51
970	7Networks_RH_Default_PFCm_14	#d03e52
971	7Networks_RH_Default_PFCm_15	#d03e53
972	7Networks_RH_Default_PFCm_16	#d03e54
973	7Networks_RH_Default_PFCm_17	#d03e55
974	7Networks_RH_Default_PFCm_18	#d03f4e
975	7Networks_RH_Default_PFCm_19	#d03f4f
976	7Networks_RH_Default_PFCm_20	#d03f50
977	7Networks_RH_Default_PFCm_21	#d03f51
978	7Networks_RH_Default_PFCm_22	#d03f52
979	7Networks_RH_Default_PFCm_23	#d03f53
980	7Networks_RH_Default_PFCm_24	#d03f54
981	7Networks_RH_Default_PCC_1	#d03e46
982	7Networks_RH_Default_PCC_2	#d03e4e
983	7Networks_RH_Default_PCC_3	#d03f4d
984	7Networks_RH_Default_PCC_4	#d0404d
985	7Networks_RH_Default_PCC_5	#d0404e
986	7Networks_RH_Default_PCC_6	#d0404f
987	7Networks_RH_Default_PCC_7	#d04050
988	7Networks_RH_Default_PCC_8	#d04051
989	7Networks_RH_Default_PCC_9	#d04052
990	7Networks_RH_Default_PCC_10	#d04053
991	7Networks_RH_Default_PCC_11	#d04054
992	7Networks_RH_Default_PCC_12	#d0414d
993	7Networks_RH_Default_PCC_13	#d0414e
994	7Networks_RH_Default_PCC_14	#d0414f
995	7Networks_RH_Default_PCC_15	#d04150
996	7Networks_RH_Default_PCC_16	#d04151
997	7Networks_RH_Default_PCC_17	#d04152
998	7Networks_RH_Default_PCC_18	#d04153
999	7Networks_RH_Cont_PCC_1	#eb9525
1000	7Networks_RH_Cont_PCC_2	#eb9526
