index	name	color
1	17Networks_LH_VisCent_ExStr_1	#781186
2	17Networks_LH_VisCent_ExStr_2	#781187
3	17Networks_LH_VisCent_ExStr_3	#781280
4	17Networks_LH_VisCent_ExStr_4	#781281
5	17Networks_LH_VisCent_ExStr_5	#781282
6	17Networks_LH_VisCent_ExStr_6	#781283
7	17Networks_LH_VisCent_ExStr_7	#781284
8	17Networks_LH_VisCent_ExStr_8	#781285
9	17Networks_LH_VisCent_ExStr_9	#781286
10	17Networks_LH_VisCent_ExStr_10	#781288
11	17Networks_LH_VisCent_ExStr_11	#781289
12	17Networks_LH_VisCent_ExStr_12	#78128a
13	17Networks_LH_VisCent_ExStr_13	#78128b
14	17Networks_LH_VisCent_ExStr_14	#78128c
15	17Networks_LH_VisCent_ExStr_15	#78128d
16	17Networks_LH_VisCent_ExStr_16	#78128e
17	17Networks_LH_VisCent_ExStr_17	#781387
18	17Networks_LH_VisCent_ExStr_18	#781388
19	17Networks_LH_VisCent_ExStr_19	#781389
20	17Networks_LH_VisCent_ExStr_20	#78138a
21	17Networks_LH_VisCent_ExStr_21	#78138b
22	17Networks_LH_VisPeri_ExStrSup_1	#ff0101
23	17Networks_LH_VisPeri_ExStrSup_2	#ff0102
24	17Networks_LH_VisPeri_ExStrSup_3	#ff0103
25	17Networks_LH_VisPeri_ExStrSup_4	#ff0104
26	17Networks_LH_VisPeri_ExStrSup_5	#ff0105
27	17Networks_LH_VisPeri_ExStrSup_6	#ff0106
28	17Networks_LH_VisPeri_ExStrSup_7	#ff0107
29	17Networks_LH_VisPeri_ExStrSup_8	#ff0200
30	17Networks_LH_VisPeri_ExStrSup_9	#ff0201
31	17Networks_LH_VisPeri_ExStrSup_10	#ff0202
32	17Networks_LH_VisPeri_ExStrSup_11	#ff0203
33	17Networks_LH_VisPeri_ExStrSup_12	#ff0204
34	17Networks_LH_VisPeri_ExStrSup_13	#ff0205
35	17Networks_LH_VisPeri_ExStrSup_14	#ff0206
36	17Networks_LH_VisPeri_ExStrSup_15	#ff0207
37	17Networks_LH_VisPeri_ExStrSup_16	#ff0300
38	17Networks_LH_VisPeri_ExStrSup_17	#ff0301
39	17Networks_LH_SomMotA_1	#4681af
40	17Networks_LH_SomMotA_2	#4681b0
41	17Networks_LH_SomMotA_3	#4681b1
42	17Networks_LH_SomMotA_4	#4681b2
43	17Networks_LH_SomMotA_5	#4681b3
44	17Networks_LH_SomMotA_6	#4681b4
45	17Networks_LH_SomMotA_7	#4682ad
46	17Networks_LH_SomMotA_8	#4682ae
47	17Networks_LH_SomMotA_9	#4682af
48	17Networks_LH_SomMotA_10	#4682b0
49	17Networks_LH_SomMotA_11	#4682b1
50	17Networks_LH_SomMotA_12	#4682b2
51	17Networks_LH_SomMotA_13	#4682b3
52	17Networks_LH_SomMotA_14	#4682b5
53	17Networks_LH_SomMotA_15	#4682b6
54	17Networks_LH_SomMotA_16	#4682b7
55	17Networks_LH_SomMotA_17	#4682b8
56	17Networks_LH_SomMotA_18	#4682b9
57	17Networks_LH_SomMotA_19	#4682ba
58	17Networks_LH_SomMotA_20	#4682bb
59	17Networks_LH_SomMotA_21	#4683b4
60	17Networks_LH_SomMotA_22	#4683b5
61	17Networks_LH_SomMotA_23	#4683b6
62	17Networks_LH_SomMotA_24	#4683b7
63	17Networks_LH_SomMotA_25	#4683b8
64	17Networks_LH_SomMotA_26	#4683b9
65	17Networks_LH_SomMotA_27	#4683ba
66	17Networks_LH_SomMotA_28	#4683bb
67	17Networks_LH_SomMotA_29	#4684b4
68	17Networks_LH_SomMotB_Aud_1	#2bcba2
69	17Networks_LH_SomMotB_Aud_2	#2bcba3
70	17Networks_LH_SomMotB_Aud_3	#2bcba4
71	17Networks_LH_SomMotB_Aud_4	#2bcc9d
72	17Networks_LH_SomMotB_Aud_5	#2bcc9e
73	17Networks_LH_SomMotB_Aud_6	#2bcc9f
74	17Networks_LH_SomMotB_Aud_7	#2bcca0
75	17Networks_LH_SomMotB_Aud_8	#2bcca1
76	17Networks_LH_SomMotB_Aud_9	#2bcca2
77	17Networks_LH_SomMotB_Aud_10	#2bcca3
78	17Networks_LH_SomMotB_Aud_11	#2bcca5
79	17Networks_LH_SomMotB_Aud_12	#2bcca6
80	17Networks_LH_SomMotB_Aud_13	#2bcca7
81	17Networks_LH_SomMotB_Aud_14	#2bcca8
82	17Networks_LH_SomMotB_Aud_15	#2bcca9
83	17Networks_LH_SomMotB_Aud_16	#2bccaa
84	17Networks_LH_SomMotB_Aud_17	#2bccab
85	17Networks_LH_SomMotB_Aud_18	#2bcda4
86	17Networks_LH_SomMotB_Aud_19	#2bcda5
87	17Networks_LH_SomMotB_Aud_20	#2bcda6
88	17Networks_LH_SomMotB_Aud_21	#2bcda7
89	17Networks_LH_SomMotB_Aud_22	#2bcda8
90	17Networks_LH_SomMotB_Aud_23	#2bcda9
91	17Networks_LH_SomMotB_Aud_24	#2bcdaa
92	17Networks_LH_DorsAttnA_TempOcc_1	#4a9b3a
93	17Networks_LH_DorsAttnA_TempOcc_2	#4a9b3b
94	17Networks_LH_DorsAttnA_TempOcc_3	#4a9b3d
95	17Networks_LH_DorsAttnA_TempOcc_4	#4a9b3e
96	17Networks_LH_DorsAttnA_TempOcc_5	#4a9b3f
97	17Networks_LH_DorsAttnA_TempOcc_6	#4a9b40
98	17Networks_LH_DorsAttnA_TempOcc_7	#4a9b41
99	17Networks_LH_DorsAttnA_TempOcc_8	#4a9b42
100	17Networks_LH_DorsAttnA_SPL_1	#4a9c38
101	17Networks_LH_DorsAttnA_SPL_2	#4a9c39
102	17Networks_LH_DorsAttnA_SPL_3	#4a9c3a
103	17Networks_LH_DorsAttnA_SPL_4	#4a9c3b
104	17Networks_LH_DorsAttnA_SPL_5	#4a9c3d
105	17Networks_LH_DorsAttnA_SPL_6	#4a9c3e
106	17Networks_LH_DorsAttnA_SPL_7	#4a9c3f
107	17Networks_LH_DorsAttnA_SPL_8	#4a9c40
108	17Networks_LH_DorsAttnA_SPL_9	#4a9c41
109	17Networks_LH_DorsAttnA_SPL_10	#4a9c42
110	17Networks_LH_DorsAttnA_SPL_11	#4a9c43
111	17Networks_LH_DorsAttnA_SPL_12	#4a9d3c
112	17Networks_LH_DorsAttnB_PostC_1	#00760c
113	17Networks_LH_DorsAttnB_PostC_2	#00760d
114	17Networks_LH_DorsAttnB_PostC_3	#00760e
115	17Networks_LH_DorsAttnB_PostC_4	#007610
116	17Networks_LH_DorsAttnB_PostC_5	#007611
117	17Networks_LH_DorsAttnB_PostC_6	#007612
118	17Networks_LH_DorsAttnB_PostC_7	#007613
119	17Networks_LH_DorsAttnB_PostC_8	#007614
120	17Networks_LH_DorsAttnB_PostC_9	#007615
121	17Networks_LH_DorsAttnB_PostC_10	#007616
122	17Networks_LH_DorsAttnB_FEF_1	#00770f
123	17Networks_LH_DorsAttnB_FEF_2	#007710
124	17Networks_LH_DorsAttnB_FEF_3	#007711
125	17Networks_LH_DorsAttnB_FEF_4	#007712
126	17Networks_LH_DorsAttnB_PrCv_1	#007713
127	17Networks_LH_SalVentAttnA_ParOper_1	#c43af9
128	17Networks_LH_SalVentAttnA_ParOper_2	#c43afb
129	17Networks_LH_SalVentAttnA_ParOper_3	#c43afc
130	17Networks_LH_SalVentAttnA_ParOper_4	#c43afd
131	17Networks_LH_SalVentAttnA_ParOper_5	#c43afe
132	17Networks_LH_SalVentAttnA_Ins_1	#c43bf7
133	17Networks_LH_SalVentAttnA_Ins_2	#c43bf8
134	17Networks_LH_SalVentAttnA_Ins_3	#c43bf9
135	17Networks_LH_SalVentAttnA_Ins_4	#c43bfb
136	17Networks_LH_SalVentAttnA_Ins_5	#c43bfc
137	17Networks_LH_SalVentAttnA_Ins_6	#c43bfd
138	17Networks_LH_SalVentAttnA_Ins_7	#c43bfe
139	17Networks_LH_SalVentAttnA_Ins_8	#c43bff
140	17Networks_LH_SalVentAttnA_Ins_9	#c134fa
141	17Networks_LH_SalVentAttnA_Ins_10	#c135f3
142	17Networks_LH_SalVentAttnA_ParMed_1	#c43bfa
143	17Networks_LH_SalVentAttnA_ParMed_2	#c134f9
144	17Networks_LH_SalVentAttnA_ParMed_3	#c134fb
145	17Networks_LH_SalVentAttnA_ParMed_4	#c135f4
146	17Networks_LH_SalVentAttnA_ParMed_5	#c135f5
147	17Networks_LH_SalVentAttnA_ParMed_6	#c135f6
148	17Networks_LH_SalVentAttnA_FrMed_1	#c53af9
149	17Networks_LH_SalVentAttnA_FrMed_2	#c53afb
150	17Networks_LH_SalVentAttnA_FrMed_3	#c53afc
151	17Networks_LH_SalVentAttnA_FrMed_4	#c53afd
152	17Networks_LH_SalVentAttnA_FrMed_5	#c53afe
153	17Networks_LH_SalVentAttnB_PFCd_1	#ff98d7
154	17Networks_LH_SalVentAttnB_PFCl_1	#ff99d6
155	17Networks_LH_SalVentAttnB_PFCl_2	#ff99d7
156	17Networks_LH_SalVentAttnB_PFCl_3	#ff99d8
157	17Networks_LH_SalVentAttnB_PFCl_4	#ff99d9
158	17Networks_LH_SalVentAttnB_PFCv_1	#ff99da
159	17Networks_LH_SalVentAttnB_PFCv_2	#ff99db
160	17Networks_LH_SalVentAttnB_PFCv_3	#ff99dc
161	17Networks_LH_SalVentAttnB_PFCv_4	#ff99dd
162	17Networks_LH_SalVentAttnB_PFCmp_1	#ff97d6
163	17Networks_LH_SalVentAttnB_PFCmp_2	#ff97d7
164	17Networks_LH_SalVentAttnB_PFCmp_3	#ff97d8
165	17Networks_LH_Limbic_OFC_1	#7a872f
166	17Networks_LH_Limbic_OFC_2	#7a8730
167	17Networks_LH_Limbic_OFC_3	#7a8731
168	17Networks_LH_Limbic_OFC_4	#7a8733
169	17Networks_LH_Limbic_OFC_5	#7a8734
170	17Networks_LH_Limbic_OFC_6	#7a8735
171	17Networks_LH_Limbic_OFC_7	#7a8736
172	17Networks_LH_Limbic_OFC_8	#7a8737
173	17Networks_LH_Limbic_OFC_9	#7a8738
174	17Networks_LH_Limbic_OFC_10	#7a8739
175	17Networks_LH_Limbic_TempPole_1	#dcf8a0
176	17Networks_LH_Limbic_TempPole_2	#dcf8a1
177	17Networks_LH_Limbic_TempPole_3	#dcf8a2
178	17Networks_LH_Limbic_TempPole_4	#dcf8a3
179	17Networks_LH_Limbic_TempPole_5	#dcf8a5
180	17Networks_LH_Limbic_TempPole_6	#dcf8a6
181	17Networks_LH_Limbic_TempPole_7	#dcf8a7
182	17Networks_LH_Limbic_TempPole_8	#dcf8a8
183	17Networks_LH_Limbic_TempPole_9	#dcf8a9
184	17Networks_LH_Limbic_TempPole_10	#dcf8aa
185	17Networks_LH_Limbic_TempPole_11	#dcf8ab
186	17Networks_LH_Limbic_TempPole_12	#dcf9a4
187	17Networks_LH_ContA_Temp_1	#e69423
188	17Networks_LH_ContA_Temp_2	#e69424
189	17Networks_LH_ContA_IPS_1	#e69422
190	17Networks_LH_ContA_IPS_2	#e69425
191	17Networks_LH_ContA_IPS_3	#e69426
192	17Networks_LH_ContA_IPS_4	#e69427
193	17Networks_LH_ContA_IPS_5	#e69428
194	17Networks_LH_ContA_IPS_6	#e69429
195	17Networks_LH_ContA_PFCd_1	#e69523
196	17Networks_LH_ContA_PFCd_2	#e69524
197	17Networks_LH_ContA_PFCl_1	#e69521
198	17Networks_LH_ContA_PFCl_2	#e69522
199	17Networks_LH_ContA_PFCl_3	#e69525
200	17Networks_LH_ContA_PFCl_4	#e69526
201	17Networks_LH_ContA_PFCl_5	#e69527
202	17Networks_LH_ContA_PFCl_6	#e69528
203	17Networks_LH_ContA_PFCl_7	#e69529
204	17Networks_LH_ContA_PFCl_8	#e6952a
205	17Networks_LH_ContA_Cinga_1	#e79424
206	17Networks_LH_ContB_Temp_1	#87324b
207	17Networks_LH_ContB_Temp_2	#87324c
208	17Networks_LH_ContB_IPL_1	#87324a
209	17Networks_LH_ContB_IPL_2	#87324d
210	17Networks_LH_ContB_IPL_3	#87324e
211	17Networks_LH_ContB_IPL_4	#87324f
212	17Networks_LH_ContB_IPL_5	#873250
213	17Networks_LH_ContB_PFCd_1	#87334b
214	17Networks_LH_ContB_PFCl_1	#87334c
215	17Networks_LH_ContB_PFCl_2	#87334d
216	17Networks_LH_ContB_PFClv_1	#88324b
217	17Networks_LH_ContB_PFClv_2	#88324c
218	17Networks_LH_ContB_PFClv_3	#88324d
219	17Networks_LH_ContB_PFCmp_1	#88324e
220	17Networks_LH_ContC_pCun_1	#778caf
221	17Networks_LH_ContC_pCun_2	#778cb1
222	17Networks_LH_ContC_pCun_3	#778cb2
223	17Networks_LH_ContC_pCun_4	#778cb3
224	17Networks_LH_ContC_pCun_5	#778cb4
225	17Networks_LH_ContC_pCun_6	#778cb5
226	17Networks_LH_ContC_Cingp_1	#778cb6
227	17Networks_LH_ContC_Cingp_2	#778cb7
228	17Networks_LH_DefaultA_IPL_1	#ffff01
229	17Networks_LH_DefaultA_IPL_2	#ffff02
230	17Networks_LH_DefaultA_IPL_3	#ffff03
231	17Networks_LH_DefaultA_IPL_4	#ffff04
232	17Networks_LH_DefaultA_PFCd_1	#ffff05
233	17Networks_LH_DefaultA_PFCd_2	#ffff06
234	17Networks_LH_DefaultA_PFCd_3	#ffff07
235	17Networks_LH_DefaultA_PCC_1	#fffe01
236	17Networks_LH_DefaultA_PCC_2	#fffe02
237	17Networks_LH_DefaultA_PCC_3	#fffe03
238	17Networks_LH_DefaultA_PCC_4	#fffe04
239	17Networks_LH_DefaultA_PCC_5	#fffe05
240	17Networks_LH_DefaultA_PCC_6	#fffe06
241	17Networks_LH_DefaultA_PCC_7	#fffe07
242	17Networks_LH_DefaultA_PCC_8	#ffff00
243	17Networks_LH_DefaultA_PCC_9	#fcf900
244	17Networks_LH_DefaultA_PCC_10	#fcfa00
245	17Networks_LH_DefaultA_PCC_11	#fcfb00
246	17Networks_LH_DefaultA_PCC_12	#fcfc00
247	17Networks_LH_DefaultA_PFCm_1	#feff01
248	17Networks_LH_DefaultA_PFCm_2	#feff02
249	17Networks_LH_DefaultA_PFCm_3	#feff03
250	17Networks_LH_DefaultA_PFCm_4	#feff04
251	17Networks_LH_DefaultA_PFCm_5	#feff05
252	17Networks_LH_DefaultA_PFCm_6	#feff06
253	17Networks_LH_DefaultA_PFCm_7	#feff07
254	17Networks_LH_DefaultA_PFCm_8	#fbf900
255	17Networks_LH_DefaultB_Temp_1	#cd3e4c
256	17Networks_LH_DefaultB_Temp_2	#cd3e4d
257	17Networks_LH_DefaultB_Temp_3	#cd3e4f
258	17Networks_LH_DefaultB_Temp_4	#cd3e50
259	17Networks_LH_DefaultB_Temp_5	#cd3e51
260	17Networks_LH_DefaultB_Temp_6	#cd3e52
261	17Networks_LH_DefaultB_Temp_7	#cd3e53
262	17Networks_LH_DefaultB_IPL_1	#cd3e54
263	17Networks_LH_DefaultB_IPL_2	#cd3e55
264	17Networks_LH_DefaultB_IPL_3	#cd3e56
265	17Networks_LH_DefaultB_IPL_4	#cd3f4f
266	17Networks_LH_DefaultB_PFCd_1	#cd3f4c
267	17Networks_LH_DefaultB_PFCd_2	#cd3f4d
268	17Networks_LH_DefaultB_PFCd_3	#cd3f50
269	17Networks_LH_DefaultB_PFCd_4	#cd3f51
270	17Networks_LH_DefaultB_PFCd_5	#cd3f52
271	17Networks_LH_DefaultB_PFCd_6	#cd3f53
272	17Networks_LH_DefaultB_PFCd_7	#cd3f54
273	17Networks_LH_DefaultB_PFCl_1	#cd3f55
274	17Networks_LH_DefaultB_PFCl_2	#cd3f56
275	17Networks_LH_DefaultB_PFCv_1	#ce3e4c
276	17Networks_LH_DefaultB_PFCv_2	#ce3e4d
277	17Networks_LH_DefaultB_PFCv_3	#ce3e4f
278	17Networks_LH_DefaultB_PFCv_4	#ce3e50
279	17Networks_LH_DefaultB_PFCv_5	#ce3e51
280	17Networks_LH_DefaultB_PFCv_6	#ce3e52
281	17Networks_LH_DefaultB_PFCv_7	#ce3e53
282	17Networks_LH_DefaultC_IPL_1	#000083
283	17Networks_LH_DefaultC_IPL_2	#000084
284	17Networks_LH_DefaultC_Rsp_1	#000085
285	17Networks_LH_DefaultC_Rsp_2	#000086
286	17Networks_LH_DefaultC_Rsp_3	#000087
287	17Networks_LH_DefaultC_Rsp_4	#000088
288	17Networks_LH_DefaultC_PHC_1	#000181
289	17Networks_LH_DefaultC_PHC_2	#000183
290	17Networks_LH_DefaultC_PHC_3	#000184
291	17Networks_LH_DefaultC_PHC_4	#000185
292	17Networks_LH_DefaultC_PHC_5	#000186
293	17Networks_LH_TempPar_1	#0c30fd
294	17Networks_LH_TempPar_2	#0c30fe
295	17Networks_LH_TempPar_3	#0929f9
296	17Networks_LH_TempPar_4	#0929fa
297	17Networks_LH_TempPar_5	#0929fb
298	17Networks_LH_TempPar_6	#0929fc
299	17Networks_LH_TempPar_7	#0929fd
300	17Networks_LH_TempPar_8	#0929fe
301	17Networks_RH_VisCent_ExStr_1	#7c1286
302	17Networks_RH_VisCent_ExStr_2	#7c1287
303	17Networks_RH_VisCent_ExStr_3	#7c1380
304	17Networks_RH_VisCent_ExStr_4	#7c1381
305	17Networks_RH_VisCent_ExStr_5	#7c1382
306	17Networks_RH_VisCent_ExStr_6	#7c1383
307	17Networks_RH_VisCent_ExStr_7	#7c1384
308	17Networks_RH_VisCent_ExStr_8	#7c1385
309	17Networks_RH_VisCent_ExStr_9	#7c1386
310	17Networks_RH_VisCent_ExStr_10	#7c1388
311	17Networks_RH_VisCent_ExStr_11	#7c1389
312	17Networks_RH_VisCent_ExStr_12	#7c138a
313	17Networks_RH_VisCent_ExStr_13	#7c138b
314	17Networks_RH_VisCent_ExStr_14	#7c138c
315	17Networks_RH_VisCent_ExStr_15	#7c138d
316	17Networks_RH_VisCent_ExStr_16	#7c138e
317	17Networks_RH_VisCent_ExStr_17	#7c1487
318	17Networks_RH_VisCent_ExStr_18	#7c1488
319	17Networks_RH_VisCent_ExStr_19	#7c1489
320	17Networks_RH_VisCent_ExStr_20	#7c148a
321	17Networks_RH_VisCent_ExStr_21	#7c148b
322	17Networks_RH_VisPeri_ExStrSup_1	#fa0000
323	17Networks_RH_VisPeri_ExStrSup_2	#fa0002
324	17Networks_RH_VisPeri_ExStrSup_3	#fa0003
325	17Networks_RH_VisPeri_ExStrSup_4	#fa0004
326	17Networks_RH_VisPeri_ExStrSup_5	#fa0005
327	17Networks_RH_VisPeri_ExStrSup_6	#fa0006
328	17Networks_RH_VisPeri_ExStrSup_7	#fa0007
329	17Networks_RH_VisPeri_ExStrSup_8	#fa0008
330	17Networks_RH_VisPeri_ExStrSup_9	#fa0101
331	17Networks_RH_VisPeri_ExStrSup_10	#fa0102
332	17Networks_RH_VisPeri_ExStrSup_11	#fa0103
333	17Networks_RH_VisPeri_ExStrSup_12	#fa0104
334	17Networks_RH_VisPeri_ExStrSup_13	#fa0105
335	17Networks_RH_VisPeri_ExStrSup_14	#fa0106
336	17Networks_RH_VisPeri_ExStrSup_15	#fa0107
337	17Networks_RH_SomMotA_1	#4a82b1
338	17Networks_RH_SomMotA_2	#4a82b2
339	17Networks_RH_SomMotA_3	#4a82b3
340	17Networks_RH_SomMotA_4	#4a82b4
341	17Networks_RH_SomMotA_5	#4a82b5
342	17Networks_RH_SomMotA_6	#4a83ae
343	17Networks_RH_SomMotA_7	#4a83af
344	17Networks_RH_SomMotA_8	#4a83b0
345	17Networks_RH_SomMotA_9	#4a83b1
346	17Networks_RH_SomMotA_10	#4a83b2
347	17Networks_RH_SomMotA_11	#4a83b3
348	17Networks_RH_SomMotA_12	#4a83b4
349	17Networks_RH_SomMotA_13	#4a83b6
350	17Networks_RH_SomMotA_14	#4a83b7
351	17Networks_RH_SomMotA_15	#4a83b8
352	17Networks_RH_SomMotA_16	#4a83b9
353	17Networks_RH_SomMotA_17	#4a83ba
354	17Networks_RH_SomMotA_18	#4a83bb
355	17Networks_RH_SomMotA_19	#4a83bc
356	17Networks_RH_SomMotA_20	#4a84b5
357	17Networks_RH_SomMotA_21	#4a84b6
358	17Networks_RH_SomMotA_22	#4a84b7
359	17Networks_RH_SomMotA_23	#4a84b8
360	17Networks_RH_SomMotA_24	#4a84b9
361	17Networks_RH_SomMotA_25	#4a84ba
362	17Networks_RH_SomMotA_26	#4a84bb
363	17Networks_RH_SomMotA_27	#4a84bc
364	17Networks_RH_SomMotB_S2_1	#2fcca4
365	17Networks_RH_SomMotB_S2_2	#2fcd9d
366	17Networks_RH_SomMotB_S2_3	#2fcd9e
367	17Networks_RH_SomMotB_S2_4	#2fcd9f
368	17Networks_RH_SomMotB_S2_5	#2fcda0
369	17Networks_RH_SomMotB_S2_6	#2fcda1
370	17Networks_RH_SomMotB_S2_7	#2fcda2
371	17Networks_RH_SomMotB_S2_8	#2fcda3
372	17Networks_RH_SomMotB_S2_9	#2fcda5
373	17Networks_RH_SomMotB_S2_10	#2fcda6
374	17Networks_RH_SomMotB_S2_11	#2fcda7
375	17Networks_RH_SomMotB_S2_12	#2fcda8
376	17Networks_RH_SomMotB_S2_13	#2fcda9
377	17Networks_RH_SomMotB_S2_14	#2fcdaa
378	17Networks_RH_SomMotB_S2_15	#2fcdab
379	17Networks_RH_SomMotB_S2_16	#2fcea4
380	17Networks_RH_SomMotB_S2_17	#2fcea5
381	17Networks_RH_SomMotB_S2_18	#2fcea6
382	17Networks_RH_SomMotB_S2_19	#2fcea7
383	17Networks_RH_DorsAttnA_TempOcc_1	#4e9c3c
384	17Networks_RH_DorsAttnA_TempOcc_2	#4e9c3e
385	17Networks_RH_DorsAttnA_TempOcc_3	#4e9c3f
386	17Networks_RH_DorsAttnA_TempOcc_4	#4e9c40
387	17Networks_RH_DorsAttnA_TempOcc_5	#4e9c41
388	17Networks_RH_DorsAttnA_SPL_1	#4f9b38
389	17Networks_RH_DorsAttnA_SPL_2	#4f9b39
390	17Networks_RH_DorsAttnA_SPL_3	#4f9b3a
391	17Networks_RH_DorsAttnA_SPL_4	#4f9b3b
392	17Networks_RH_DorsAttnA_SPL_5	#4f9b3c
393	17Networks_RH_DorsAttnA_SPL_6	#4f9b3e
394	17Networks_RH_DorsAttnA_SPL_7	#4f9b3f
395	17Networks_RH_DorsAttnA_SPL_8	#4f9b40
396	17Networks_RH_DorsAttnA_SPL_9	#4f9b41
397	17Networks_RH_DorsAttnA_SPL_10	#4f9b42
398	17Networks_RH_DorsAttnA_SPL_11	#4f9b43
399	17Networks_RH_DorsAttnA_SPL_12	#4f9b44
400	17Networks_RH_DorsAttnA_SPL_13	#4f9c3d
401	17Networks_RH_DorsAttnA_SPL_14	#4f9c3e
402	17Networks_RH_DorsAttnB_TempOcc_1	#05760f
403	17Networks_RH_DorsAttnB_PostC_1	#05760b
404	17Networks_RH_DorsAttnB_PostC_2	#05760c
405	17Networks_RH_DorsAttnB_PostC_3	#05760d
406	17Networks_RH_DorsAttnB_PostC_4	#05760e
407	17Networks_RH_DorsAttnB_PostC_5	#057610
408	17Networks_RH_DorsAttnB_PostC_6	#057611
409	17Networks_RH_DorsAttnB_PostC_7	#057612
410	17Networks_RH_DorsAttnB_PostC_8	#057613
411	17Networks_RH_DorsAttnB_PostC_9	#057614
412	17Networks_RH_DorsAttnB_PostC_10	#057615
413	17Networks_RH_DorsAttnB_PostC_11	#057616
414	17Networks_RH_DorsAttnB_PostC_12	#05770f
415	17Networks_RH_DorsAttnB_FEF_1	#057710
416	17Networks_RH_DorsAttnB_FEF_2	#057711
417	17Networks_RH_DorsAttnB_FEF_3	#057712
418	17Networks_RH_DorsAttnB_FEF_4	#057713
419	17Networks_RH_DorsAttnB_PrCv_1	#057714
420	17Networks_RH_SalVentAttnA_ParOper_1	#c83af8
421	17Networks_RH_SalVentAttnA_ParOper_2	#c83afa
422	17Networks_RH_SalVentAttnA_ParOper_3	#c83afb
423	17Networks_RH_SalVentAttnA_ParOper_4	#c83afc
424	17Networks_RH_SalVentAttnA_ParOper_5	#c83afd
425	17Networks_RH_SalVentAttnA_PrC_1	#c839fb
426	17Networks_RH_SalVentAttnA_Ins_1	#c73af6
427	17Networks_RH_SalVentAttnA_Ins_2	#c73af7
428	17Networks_RH_SalVentAttnA_Ins_3	#c73af8
429	17Networks_RH_SalVentAttnA_Ins_4	#c73af9
430	17Networks_RH_SalVentAttnA_Ins_5	#c73afb
431	17Networks_RH_SalVentAttnA_Ins_6	#c73afc
432	17Networks_RH_SalVentAttnA_Ins_7	#c73afd
433	17Networks_RH_SalVentAttnA_Ins_8	#c73afe
434	17Networks_RH_SalVentAttnA_Ins_9	#c73aff
435	17Networks_RH_SalVentAttnA_Ins_10	#c433fa
436	17Networks_RH_SalVentAttnA_Ins_11	#c434f3
437	17Networks_RH_SalVentAttnA_FrMed_1	#c739f5
438	17Networks_RH_SalVentAttnA_FrMed_2	#c739f6
439	17Networks_RH_SalVentAttnA_FrMed_3	#c739f7
440	17Networks_RH_SalVentAttnA_FrMed_4	#c739f8
441	17Networks_RH_SalVentAttnA_FrMed_5	#c739f9
442	17Networks_RH_SalVentAttnA_FrMed_6	#c739fb
443	17Networks_RH_SalVentAttnA_FrMed_7	#c739fc
444	17Networks_RH_SalVentAttnA_FrMed_8	#c739fd
445	17Networks_RH_SalVentAttnA_FrMed_9	#c739fe
446	17Networks_RH_SalVentAttnA_FrMed_10	#c739ff
447	17Networks_RH_SalVentAttnA_FrMed_11	#c432fa
448	17Networks_RH_SalVentAttnA_FrMed_12	#c433f3
449	17Networks_RH_SalVentAttnA_FrMed_13	#c433f4
450	17Networks_RH_SalVentAttnB_IPL_1	#fa98d6
451	17Networks_RH_SalVentAttnB_IPL_2	#fa98d7
452	17Networks_RH_SalVentAttnB_PFCl_1	#fa97d6
453	17Networks_RH_SalVentAttnB_PFCl_2	#fa97d7
454	17Networks_RH_SalVentAttnB_PFCl_3	#fa97d8
455	17Networks_RH_SalVentAttnB_PFCv_1	#fa98d4
456	17Networks_RH_SalVentAttnB_PFCv_2	#fa98d5
457	17Networks_RH_SalVentAttnB_PFCv_3	#fa98d8
458	17Networks_RH_SalVentAttnB_PFCv_4	#fa98d9
459	17Networks_RH_SalVentAttnB_PFCv_5	#fa98da
460	17Networks_RH_SalVentAttnB_PFCv_6	#fa98db
461	17Networks_RH_SalVentAttnB_PFCv_7	#fa98dc
462	17Networks_RH_SalVentAttnB_PFCmp_1	#fa99d3
463	17Networks_RH_SalVentAttnB_PFCmp_2	#fa99d4
464	17Networks_RH_SalVentAttnB_PFCmp_3	#fa99d6
465	17Networks_RH_SalVentAttnB_PFCmp_4	#fa99d7
466	17Networks_RH_SalVentAttnB_PFCmp_5	#fa99d8
467	17Networks_RH_SalVentAttnB_PFCmp_6	#fa99d9
468	17Networks_RH_SalVentAttnB_PFCmp_7	#fa99da
469	17Networks_RH_Limbic_OFC_1	#7e872f
470	17Networks_RH_Limbic_OFC_2	#7e8730
471	17Networks_RH_Limbic_OFC_3	#7e8731
472	17Networks_RH_Limbic_OFC_4	#7e8732
473	17Networks_RH_Limbic_OFC_5	#7e8734
474	17Networks_RH_Limbic_OFC_6	#7e8735
475	17Networks_RH_Limbic_OFC_7	#7e8736
476	17Networks_RH_Limbic_OFC_8	#7e8737
477	17Networks_RH_Limbic_OFC_9	#7e8738
478	17Networks_RH_Limbic_OFC_10	#7e8739
479	17Networks_RH_Limbic_OFC_11	#7e873a
480	17Networks_RH_Limbic_TempPole_1	#e0f8a2
481	17Networks_RH_Limbic_TempPole_2	#e0f8a3
482	17Networks_RH_Limbic_TempPole_3	#e0f8a4
483	17Networks_RH_Limbic_TempPole_4	#e0f8a6
484	17Networks_RH_Limbic_TempPole_5	#e0f8a7
485	17Networks_RH_Limbic_TempPole_6	#e0f8a8
486	17Networks_RH_Limbic_TempPole_7	#e0f8a9
487	17Networks_RH_Limbic_TempPole_8	#e0f8aa
488	17Networks_RH_Limbic_TempPole_9	#e0f8ab
489	17Networks_RH_ContA_IPS_1	#ea9320
490	17Networks_RH_ContA_IPS_2	#ea9321
491	17Networks_RH_ContA_IPS_3	#ea9323
492	17Networks_RH_ContA_IPS_4	#ea9324
493	17Networks_RH_ContA_IPS_5	#ea9325
494	17Networks_RH_ContA_IPS_6	#ea9326
495	17Networks_RH_ContA_IPS_7	#ea9327
496	17Networks_RH_ContA_IPS_8	#ea9328
497	17Networks_RH_ContA_PFCd_1	#ea9322
498	17Networks_RH_ContA_PFCd_2	#ea9421
499	17Networks_RH_ContA_PFCl_1	#e99420
500	17Networks_RH_ContA_PFCl_2	#e99421
501	17Networks_RH_ContA_PFCl_3	#e99423
502	17Networks_RH_ContA_PFCl_4	#e99424
503	17Networks_RH_ContA_PFCl_5	#e99425
504	17Networks_RH_ContA_PFCl_6	#e99426
505	17Networks_RH_ContA_PFCl_7	#e99427
506	17Networks_RH_ContA_Cinga_1	#e99422
507	17Networks_RH_ContB_Temp_1	#8c334c
508	17Networks_RH_ContB_Temp_2	#8c334d
509	17Networks_RH_ContB_Temp_3	#8c334e
510	17Networks_RH_ContB_IPL_1	#8b3248
511	17Networks_RH_ContB_IPL_2	#8b324a
512	17Networks_RH_ContB_IPL_3	#8b324b
513	17Networks_RH_ContB_IPL_4	#8b324c
514	17Networks_RH_ContB_IPL_5	#8b324d
515	17Networks_RH_ContB_PFCld_1	#8b3148
516	17Networks_RH_ContB_PFCld_2	#8b3149
517	17Networks_RH_ContB_PFCld_3	#8b314b
518	17Networks_RH_ContB_PFCld_4	#8b314c
519	17Networks_RH_ContB_PFCld_5	#8b314d
520	17Networks_RH_ContB_PFCld_6	#8b314e
521	17Networks_RH_ContB_PFCld_7	#8b314f
522	17Networks_RH_ContB_PFClv_1	#8b314a
523	17Networks_RH_ContB_PFClv_2	#8b3150
524	17Networks_RH_ContB_PFClv_3	#8b3249
525	17Networks_RH_ContB_PFClv_4	#8b324e
526	17Networks_RH_ContB_PFClv_5	#8b324f
527	17Networks_RH_ContB_PFClv_6	#8b3250
528	17Networks_RH_ContB_PFCmp_1	#8a324b
529	17Networks_RH_ContC_pCun_1	#7b8daf
530	17Networks_RH_ContC_pCun_2	#7b8db1
531	17Networks_RH_ContC_pCun_3	#7b8db2
532	17Networks_RH_ContC_pCun_4	#7b8db3
533	17Networks_RH_ContC_pCun_5	#7b8db4
534	17Networks_RH_ContC_pCun_6	#7b8db5
535	17Networks_RH_ContC_Cingp_1	#7b8db6
536	17Networks_RH_ContC_Cingp_2	#7b8db7
537	17Networks_RH_ContC_Cingp_3	#7b8db8
538	17Networks_RH_DefaultA_Temp_1	#faff02
539	17Networks_RH_DefaultA_IPL_1	#fbfe02
540	17Networks_RH_DefaultA_IPL_2	#fbfe03
541	17Networks_RH_DefaultA_IPL_3	#fbfe04
542	17Networks_RH_DefaultA_IPL_4	#fbfe05
543	17Networks_RH_DefaultA_PFCd_1	#fbff03
544	17Networks_RH_DefaultA_PFCd_2	#fbff04
545	17Networks_RH_DefaultA_PFCd_3	#fbff05
546	17Networks_RH_DefaultA_PCC_1	#fbfd01
547	17Networks_RH_DefaultA_PCC_2	#fbfd02
548	17Networks_RH_DefaultA_PCC_3	#fbfd03
549	17Networks_RH_DefaultA_PCC_4	#fbfd04
550	17Networks_RH_DefaultA_PCC_5	#fbfd05
551	17Networks_RH_DefaultA_PCC_6	#fbfd06
552	17Networks_RH_DefaultA_PCC_7	#fbfd07
553	17Networks_RH_DefaultA_PCC_8	#fbfe00
554	17Networks_RH_DefaultA_PCC_9	#fbfe01
555	17Networks_RH_DefaultA_PCC_10	#fbfe06
556	17Networks_RH_DefaultA_PFCm_1	#f9ff01
557	17Networks_RH_DefaultA_PFCm_2	#f9ff02
558	17Networks_RH_DefaultA_PFCm_3	#f9ff03
559	17Networks_RH_DefaultA_PFCm_4	#f9ff04
560	17Networks_RH_DefaultA_PFCm_5	#f9ff05
561	17Networks_RH_DefaultA_PFCm_6	#f9ff06
562	17Networks_RH_DefaultA_PFCm_7	#f9ff07
563	17Networks_RH_DefaultA_PFCm_8	#fef900
564	17Networks_RH_DefaultB_Temp_1	#d23e50
565	17Networks_RH_DefaultB_Temp_2	#d23e51
566	17Networks_RH_DefaultB_AntTemp_1	#d23f4f
567	17Networks_RH_DefaultB_AntTemp_2	#d23f50
568	17Networks_RH_DefaultB_AntTemp_3	#d23f51
569	17Networks_RH_DefaultB_PFCd_1	#d23f4e
570	17Networks_RH_DefaultB_PFCd_2	#d23f52
571	17Networks_RH_DefaultB_PFCd_3	#d23f53
572	17Networks_RH_DefaultB_PFCd_4	#d23f54
573	17Networks_RH_DefaultB_PFCd_5	#d23f55
574	17Networks_RH_DefaultB_PFCd_6	#d23f56
575	17Networks_RH_DefaultB_PFCv_1	#d13e4e
576	17Networks_RH_DefaultB_PFCv_2	#d13e4f
577	17Networks_RH_DefaultB_PFCv_3	#d13e50
578	17Networks_RH_DefaultB_PFCv_4	#d13e51
579	17Networks_RH_DefaultC_IPL_1	#040184
580	17Networks_RH_DefaultC_IPL_2	#040185
581	17Networks_RH_DefaultC_IPL_3	#040186
582	17Networks_RH_DefaultC_Rsp_1	#050083
583	17Networks_RH_DefaultC_Rsp_2	#050084
584	17Networks_RH_DefaultC_Rsp_3	#050085
585	17Networks_RH_DefaultC_PHC_1	#050086
586	17Networks_RH_DefaultC_PHC_2	#050087
587	17Networks_RH_DefaultC_PHC_3	#050088
588	17Networks_RH_TempPar_1	#1030f9
589	17Networks_RH_TempPar_2	#1030fa
590	17Networks_RH_TempPar_3	#1030fb
591	17Networks_RH_TempPar_4	#1030fc
592	17Networks_RH_TempPar_5	#1030fd
593	17Networks_RH_TempPar_6	#1030ff
594	17Networks_RH_TempPar_7	#0d29fa
595	17Networks_RH_TempPar_8	#0d29fb
596	17Networks_RH_TempPar_9	#0d29fc
597	17Networks_RH_TempPar_10	#0d29fd
598	17Networks_RH_TempPar_11	#0d29fe
599	17Networks_RH_TempPar_12	#0d2af7
600	17Networks_RH_TempPar_13	#0d2af8
