index	name	color
1	7Networks_LH_Vis_1	#781081
2	7Networks_LH_Vis_2	#781082
3	7Networks_LH_Vis_3	#781083
4	7Networks_LH_Vis_4	#781084
5	7Networks_LH_Vis_5	#781085
6	7Networks_LH_Vis_6	#781086
7	7Networks_LH_Vis_7	#78117f
8	7Networks_LH_Vis_8	#781180
9	7Networks_LH_Vis_9	#781181
10	7Networks_LH_Vis_10	#781182
11	7Networks_LH_Vis_11	#781183
12	7Networks_LH_Vis_12	#781184
13	7Networks_LH_Vis_13	#781185
14	7Networks_LH_Vis_14	#781186
15	7Networks_LH_Vis_15	#78127f
16	7Networks_LH_Vis_16	#781280
17	7Networks_LH_Vis_17	#781281
18	7Networks_LH_Vis_18	#781282
19	7Networks_LH_Vis_19	#781283
20	7Networks_LH_Vis_20	#781284
21	7Networks_LH_Vis_21	#781285
22	7Networks_LH_Vis_22	#781287
23	7Networks_LH_Vis_23	#781288
24	7Networks_LH_Vis_24	#781289
25	7Networks_LH_Vis_25	#78128a
26	7Networks_LH_Vis_26	#78128b
27	7Networks_LH_Vis_27	#78128c
28	7Networks_LH_Vis_28	#78128d
29	7Networks_LH_Vis_29	#781386
30	7Networks_LH_Vis_30	#781387
31	7Networks_LH_Vis_31	#781388
32	7Networks_LH_Vis_32	#781389
33	7Networks_LH_Vis_33	#78138a
34	7Networks_LH_Vis_34	#78138b
35	7Networks_LH_Vis_35	#78138c
36	7Networks_LH_Vis_36	#78138d
37	7Networks_LH_Vis_37	#781486
38	7Networks_LH_Vis_38	#781487
39	7Networks_LH_Vis_39	#781488
40	7Networks_LH_Vis_40	#781489
41	7Networks_LH_Vis_41	#78148a
42	7Networks_LH_Vis_42	#78148b
43	7Networks_LH_Vis_43	#78148c
44	7Networks_LH_Vis_44	#78148d
45	7Networks_LH_Vis_45	#781586
46	7Networks_LH_SomMot_1	#467fb2
47	7Networks_LH_SomMot_2	#467fb3
48	7Networks_LH_SomMot_3	#467fb4
49	7Networks_LH_SomMot_4	#4680ad
50	7Networks_LH_SomMot_5	#4680ae
51	7Networks_LH_SomMot_6	#4680af
52	7Networks_LH_SomMot_7	#4680b0
53	7Networks_LH_SomMot_8	#4680b1
54	7Networks_LH_SomMot_9	#4680b2
55	7Networks_LH_SomMot_10	#4680b3
56	7Networks_LH_SomMot_11	#4680b4
57	7Networks_LH_SomMot_12	#4681ad
58	7Networks_LH_SomMot_13	#4681ae
59	7Networks_LH_SomMot_14	#4681af
60	7Networks_LH_SomMot_15	#4681b0
61	7Networks_LH_SomMot_16	#4681b1
62	7Networks_LH_SomMot_17	#4681b2
63	7Networks_LH_SomMot_18	#4681b3
64	7Networks_LH_SomMot_19	#4681b4
65	7Networks_LH_SomMot_20	#4682ad
66	7Networks_LH_SomMot_21	#4682ae
67	7Networks_LH_SomMot_22	#4682af
68	7Networks_LH_SomMot_23	#4682b0
69	7Networks_LH_SomMot_24	#4682b1
70	7Networks_LH_SomMot_25	#4682b2
71	7Networks_LH_SomMot_26	#4682b3
72	7Networks_LH_SomMot_27	#4682b5
73	7Networks_LH_SomMot_28	#4682b6
74	7Networks_LH_SomMot_29	#4682b7
75	7Networks_LH_SomMot_30	#4682b8
76	7Networks_LH_SomMot_31	#4682b9
77	7Networks_LH_SomMot_32	#4682ba
78	7Networks_LH_SomMot_33	#4682bb
79	7Networks_LH_SomMot_34	#4683b4
80	7Networks_LH_SomMot_35	#4683b5
81	7Networks_LH_SomMot_36	#4683b6
82	7Networks_LH_SomMot_37	#4683b7
83	7Networks_LH_SomMot_38	#4683b8
84	7Networks_LH_SomMot_39	#4683b9
85	7Networks_LH_SomMot_40	#4683ba
86	7Networks_LH_SomMot_41	#4683bb
87	7Networks_LH_SomMot_42	#4684b4
88	7Networks_LH_SomMot_43	#4684b5
89	7Networks_LH_SomMot_44	#4684b6
90	7Networks_LH_SomMot_45	#4684b7
91	7Networks_LH_SomMot_46	#4684b8
92	7Networks_LH_SomMot_47	#4684b9
93	7Networks_LH_SomMot_48	#4684ba
94	7Networks_LH_SomMot_49	#4684bb
95	7Networks_LH_SomMot_50	#4685b4
96	7Networks_LH_SomMot_51	#4685b5
97	7Networks_LH_SomMot_52	#4685b6
98	7Networks_LH_SomMot_53	#4685b7
99	7Networks_LH_SomMot_54	#4685b8
100	7Networks_LH_SomMot_55	#4685b9
101	7Networks_LH_SomMot_56	#4685ba
102	7Networks_LH_DorsAttn_Post_1	#00750a
103	7Networks_LH_DorsAttn_Post_2	#00750b
104	7Networks_LH_DorsAttn_Post_3	#00750c
105	7Networks_LH_DorsAttn_Post_4	#00750d
106	7Networks_LH_DorsAttn_Post_5	#00750e
107	7Networks_LH_DorsAttn_Post_6	#007607
108	7Networks_LH_DorsAttn_Post_7	#007608
109	7Networks_LH_DorsAttn_Post_8	#007609
110	7Networks_LH_DorsAttn_Post_9	#00760a
111	7Networks_LH_DorsAttn_Post_10	#00760b
112	7Networks_LH_DorsAttn_Post_11	#00760c
113	7Networks_LH_DorsAttn_Post_12	#00760d
114	7Networks_LH_DorsAttn_Post_13	#00760f
115	7Networks_LH_DorsAttn_Post_14	#007610
116	7Networks_LH_DorsAttn_Post_15	#007611
117	7Networks_LH_DorsAttn_Post_16	#007612
118	7Networks_LH_DorsAttn_Post_17	#007613
119	7Networks_LH_DorsAttn_Post_18	#007614
120	7Networks_LH_DorsAttn_Post_19	#007615
121	7Networks_LH_DorsAttn_Post_20	#00770e
122	7Networks_LH_DorsAttn_Post_21	#00770f
123	7Networks_LH_DorsAttn_Post_22	#007710
124	7Networks_LH_DorsAttn_Post_23	#007711
125	7Networks_LH_DorsAttn_Post_24	#007712
126	7Networks_LH_DorsAttn_Post_25	#007713
127	7Networks_LH_DorsAttn_Post_26	#007714
128	7Networks_LH_DorsAttn_Post_27	#007715
129	7Networks_LH_DorsAttn_Post_28	#00780e
130	7Networks_LH_DorsAttn_FEF_1	#007616
131	7Networks_LH_DorsAttn_FEF_2	#007716
132	7Networks_LH_DorsAttn_FEF_3	#00780f
133	7Networks_LH_DorsAttn_FEF_4	#007810
134	7Networks_LH_DorsAttn_PrCv_1	#007811
135	7Networks_LH_DorsAttn_PrCv_2	#007812
136	7Networks_LH_DorsAttn_PrCv_3	#007813
137	7Networks_LH_SalVentAttn_ParOper_1	#c43af9
138	7Networks_LH_SalVentAttn_ParOper_2	#c43afb
139	7Networks_LH_SalVentAttn_ParOper_3	#c43afc
140	7Networks_LH_SalVentAttn_ParOper_4	#c43afd
141	7Networks_LH_SalVentAttn_ParOper_5	#c43afe
142	7Networks_LH_SalVentAttn_ParOper_6	#c43aff
143	7Networks_LH_SalVentAttn_TempOcc_1	#c133f9
144	7Networks_LH_SalVentAttn_FrOper_1	#c43bf6
145	7Networks_LH_SalVentAttn_FrOper_2	#c43bf7
146	7Networks_LH_SalVentAttn_FrOper_3	#c43bf8
147	7Networks_LH_SalVentAttn_FrOper_4	#c43bf9
148	7Networks_LH_SalVentAttn_FrOper_5	#c43bfb
149	7Networks_LH_SalVentAttn_FrOper_6	#c43bfc
150	7Networks_LH_SalVentAttn_FrOper_7	#c43bfd
151	7Networks_LH_SalVentAttn_FrOper_8	#c43bfe
152	7Networks_LH_SalVentAttn_FrOper_9	#c43bff
153	7Networks_LH_SalVentAttn_FrOper_10	#c134fa
154	7Networks_LH_SalVentAttn_FrOper_11	#c135f3
155	7Networks_LH_SalVentAttn_PFCl_1	#c134f9
156	7Networks_LH_SalVentAttn_PFCl_2	#c134fb
157	7Networks_LH_SalVentAttn_Med_1	#c53af5
158	7Networks_LH_SalVentAttn_Med_2	#c53af6
159	7Networks_LH_SalVentAttn_Med_3	#c53af7
160	7Networks_LH_SalVentAttn_Med_4	#c53af8
161	7Networks_LH_SalVentAttn_Med_5	#c53af9
162	7Networks_LH_SalVentAttn_Med_6	#c53afb
163	7Networks_LH_SalVentAttn_Med_7	#c53afc
164	7Networks_LH_SalVentAttn_Med_8	#c53afd
165	7Networks_LH_SalVentAttn_Med_9	#c53afe
166	7Networks_LH_SalVentAttn_Med_10	#c53aff
167	7Networks_LH_SalVentAttn_Med_11	#c233fa
168	7Networks_LH_SalVentAttn_Med_12	#c234f3
169	7Networks_LH_SalVentAttn_Med_13	#c234f4
170	7Networks_LH_SalVentAttn_Med_14	#c234f5
171	7Networks_LH_Limbic_OFC_1	#dcf8a2
172	7Networks_LH_Limbic_OFC_2	#dcf8a3
173	7Networks_LH_Limbic_OFC_3	#dcf8a5
174	7Networks_LH_Limbic_OFC_4	#dcf8a6
175	7Networks_LH_Limbic_OFC_5	#dcf8a7
176	7Networks_LH_Limbic_OFC_6	#dcf8a8
177	7Networks_LH_Limbic_OFC_7	#dcf8a9
178	7Networks_LH_Limbic_OFC_8	#dcf8aa
179	7Networks_LH_Limbic_TempPole_1	#dcf8a0
180	7Networks_LH_Limbic_TempPole_2	#dcf8a1
181	7Networks_LH_Limbic_TempPole_3	#dcf8a4
182	7Networks_LH_Limbic_TempPole_4	#dcf8ab
183	7Networks_LH_Limbic_TempPole_5	#dcf8ac
184	7Networks_LH_Limbic_TempPole_6	#dcf9a5
185	7Networks_LH_Limbic_TempPole_7	#dcf9a6
186	7Networks_LH_Limbic_TempPole_8	#dcf9a7
187	7Networks_LH_Limbic_TempPole_9	#dcf9a8
188	7Networks_LH_Limbic_TempPole_10	#dcf9a9
189	7Networks_LH_Limbic_TempPole_11	#dcf9aa
190	7Networks_LH_Limbic_TempPole_12	#dcf9ab
191	7Networks_LH_Limbic_TempPole_13	#dcf9ac
192	7Networks_LH_Limbic_TempPole_14	#dcfaa5
193	7Networks_LH_Cont_Par_1	#e6941f
194	7Networks_LH_Cont_Par_2	#e69420
195	7Networks_LH_Cont_Par_3	#e69421
196	7Networks_LH_Cont_Par_4	#e69423
197	7Networks_LH_Cont_Par_5	#e69424
198	7Networks_LH_Cont_Par_6	#e69425
199	7Networks_LH_Cont_Par_7	#e69426
200	7Networks_LH_Cont_Par_8	#e69427
201	7Networks_LH_Cont_Par_9	#e69428
202	7Networks_LH_Cont_Temp_1	#e69429
203	7Networks_LH_Cont_PFCd_1	#e69523
204	7Networks_LH_Cont_PFCd_2	#e69524
205	7Networks_LH_Cont_PFCl_1	#e6951e
206	7Networks_LH_Cont_PFCl_2	#e6951f
207	7Networks_LH_Cont_PFCl_3	#e69520
208	7Networks_LH_Cont_PFCl_4	#e69521
209	7Networks_LH_Cont_PFCl_5	#e69522
210	7Networks_LH_Cont_PFCl_6	#e69525
211	7Networks_LH_Cont_PFCl_7	#e69526
212	7Networks_LH_Cont_PFCl_8	#e69527
213	7Networks_LH_Cont_PFCl_9	#e69528
214	7Networks_LH_Cont_PFCl_10	#e69529
215	7Networks_LH_Cont_PFCl_11	#e6952a
216	7Networks_LH_Cont_PFCl_12	#e69623
217	7Networks_LH_Cont_PFCl_13	#e69624
218	7Networks_LH_Cont_PFCl_14	#e69625
219	7Networks_LH_Cont_PFCv_1	#e79424
220	7Networks_LH_Cont_PFCv_2	#e79425
221	7Networks_LH_Cont_pCun_1	#e79523
222	7Networks_LH_Cont_pCun_2	#e79524
223	7Networks_LH_Cont_Cing_1	#e79525
224	7Networks_LH_Cont_Cing_2	#e79526
225	7Networks_LH_Cont_Cing_3	#e79527
226	7Networks_LH_Cont_Cing_4	#e79528
227	7Networks_LH_Cont_PFCmp_1	#e69422
228	7Networks_LH_Cont_PFCmp_2	#e69621
229	7Networks_LH_Default_Temp_1	#cd3d4c
230	7Networks_LH_Default_Temp_2	#cd3d4d
231	7Networks_LH_Default_Temp_3	#cd3d4e
232	7Networks_LH_Default_Temp_4	#cd3d4f
233	7Networks_LH_Default_Temp_5	#cd3e48
234	7Networks_LH_Default_Temp_6	#cd3e49
235	7Networks_LH_Default_Temp_7	#cd3e4a
236	7Networks_LH_Default_Temp_8	#cd3e4b
237	7Networks_LH_Default_Temp_9	#cd3e4c
238	7Networks_LH_Default_Temp_10	#cd3e4d
239	7Networks_LH_Default_Temp_11	#cd3e4e
240	7Networks_LH_Default_Temp_12	#cd3e50
241	7Networks_LH_Default_Temp_13	#cd3e51
242	7Networks_LH_Default_Temp_14	#cd3e52
243	7Networks_LH_Default_Temp_15	#cd3e53
244	7Networks_LH_Default_Temp_16	#cd3e54
245	7Networks_LH_Default_Temp_17	#cd3e55
246	7Networks_LH_Default_Temp_18	#cd3e56
247	7Networks_LH_Default_Temp_19	#cd3f4f
248	7Networks_LH_Default_Temp_20	#cd3f50
249	7Networks_LH_Default_Temp_21	#cd3f51
250	7Networks_LH_Default_Temp_22	#cd3f52
251	7Networks_LH_Default_Temp_23	#cd3f53
252	7Networks_LH_Default_Temp_24	#cd3f54
253	7Networks_LH_Default_Temp_25	#cd3f55
254	7Networks_LH_Default_PFC_1	#cd3f47
255	7Networks_LH_Default_PFC_2	#cd3f48
256	7Networks_LH_Default_PFC_3	#cd3f49
257	7Networks_LH_Default_PFC_4	#cd3f4a
258	7Networks_LH_Default_PFC_5	#cd3f4b
259	7Networks_LH_Default_PFC_6	#cd3f4c
260	7Networks_LH_Default_PFC_7	#cd3f4d
261	7Networks_LH_Default_PFC_8	#cd404e
262	7Networks_LH_Default_PFC_9	#cd404f
263	7Networks_LH_Default_PFC_10	#cd4050
264	7Networks_LH_Default_PFC_11	#cd4051
265	7Networks_LH_Default_PFC_12	#cd4052
266	7Networks_LH_Default_PFC_13	#cd4053
267	7Networks_LH_Default_PFC_14	#cd4054
268	7Networks_LH_Default_PFC_15	#cd4055
269	7Networks_LH_Default_PFC_16	#cd414e
270	7Networks_LH_Default_PFC_17	#cd414f
271	7Networks_LH_Default_PFC_18	#cd4150
272	7Networks_LH_Default_PFC_19	#cd4151
273	7Networks_LH_Default_PFC_20	#cd4152
274	7Networks_LH_Default_PFC_21	#cd4153
275	7Networks_LH_Default_PFC_22	#cd4154
276	7Networks_LH_Default_PFC_23	#cd4155
277	7Networks_LH_Default_PFC_24	#cd424e
278	7Networks_LH_Default_PFC_25	#cd424f
279	7Networks_LH_Default_PFC_26	#cd4250
280	7Networks_LH_Default_PFC_27	#cd4251
281	7Networks_LH_Default_PFC_28	#cd4252
282	7Networks_LH_Default_PFC_29	#cd4253
283	7Networks_LH_Default_PCC_1	#cd3f4e
284	7Networks_LH_Default_PCC_2	#cd3f56
285	7Networks_LH_Default_PCC_3	#cd4056
286	7Networks_LH_Default_PCC_4	#cd4156
287	7Networks_LH_Default_PCC_5	#cd4254
288	7Networks_LH_Default_PCC_6	#cd4255
289	7Networks_LH_Default_PCC_7	#cd4256
290	7Networks_LH_Default_PCC_8	#cd434f
291	7Networks_LH_Default_PCC_9	#cd4350
292	7Networks_LH_Default_PCC_10	#cd4351
293	7Networks_LH_Default_PCC_11	#cd4352
294	7Networks_LH_Default_PCC_12	#cd4353
295	7Networks_LH_Default_PCC_13	#cd4354
296	7Networks_LH_Default_PCC_14	#cd4355
297	7Networks_LH_Default_PCC_15	#cd4356
298	7Networks_LH_Default_PCC_16	#cd444f
299	7Networks_LH_Default_PCC_17	#cd4450
300	7Networks_LH_Default_PHC_1	#ce3e4f
301	7Networks_RH_Vis_1	#7c1083
302	7Networks_RH_Vis_2	#7c1084
303	7Networks_RH_Vis_3	#7c1085
304	7Networks_RH_Vis_4	#7c1086
305	7Networks_RH_Vis_5	#7c1087
306	7Networks_RH_Vis_6	#7c1180
307	7Networks_RH_Vis_7	#7c1181
308	7Networks_RH_Vis_8	#7c1182
309	7Networks_RH_Vis_9	#7c1183
310	7Networks_RH_Vis_10	#7c1184
311	7Networks_RH_Vis_11	#7c1185
312	7Networks_RH_Vis_12	#7c1186
313	7Networks_RH_Vis_13	#7c1187
314	7Networks_RH_Vis_14	#7c1280
315	7Networks_RH_Vis_15	#7c1281
316	7Networks_RH_Vis_16	#7c1282
317	7Networks_RH_Vis_17	#7c1283
318	7Networks_RH_Vis_18	#7c1284
319	7Networks_RH_Vis_19	#7c1285
320	7Networks_RH_Vis_20	#7c1286
321	7Networks_RH_Vis_21	#7c1288
322	7Networks_RH_Vis_22	#7c1289
323	7Networks_RH_Vis_23	#7c128a
324	7Networks_RH_Vis_24	#7c128b
325	7Networks_RH_Vis_25	#7c128c
326	7Networks_RH_Vis_26	#7c128d
327	7Networks_RH_Vis_27	#7c128e
328	7Networks_RH_Vis_28	#7c1387
329	7Networks_RH_Vis_29	#7c1388
330	7Networks_RH_Vis_30	#7c1389
331	7Networks_RH_Vis_31	#7c138a
332	7Networks_RH_Vis_32	#7c138b
333	7Networks_RH_Vis_33	#7c138c
334	7Networks_RH_Vis_34	#7c138d
335	7Networks_RH_Vis_35	#7c138e
336	7Networks_RH_Vis_36	#7c1487
337	7Networks_RH_Vis_37	#7c1488
338	7Networks_RH_Vis_38	#7c1489
339	7Networks_RH_Vis_39	#7c148a
340	7Networks_RH_Vis_40	#7c148b
341	7Networks_RH_Vis_41	#7c148c
342	7Networks_RH_Vis_42	#7c148d
343	7Networks_RH_Vis_43	#7c148e
344	7Networks_RH_Vis_44	#7c1587
345	7Networks_RH_SomMot_1	#4a7fb3
346	7Networks_RH_SomMot_2	#4a7fb4
347	7Networks_RH_SomMot_3	#4a7fb5
348	7Networks_RH_SomMot_4	#4a80ae
349	7Networks_RH_SomMot_5	#4a80af
350	7Networks_RH_SomMot_6	#4a80b0
351	7Networks_RH_SomMot_7	#4a80b1
352	7Networks_RH_SomMot_8	#4a80b2
353	7Networks_RH_SomMot_9	#4a80b3
354	7Networks_RH_SomMot_10	#4a80b4
355	7Networks_RH_SomMot_11	#4a80b5
356	7Networks_RH_SomMot_12	#4a81ae
357	7Networks_RH_SomMot_13	#4a81af
358	7Networks_RH_SomMot_14	#4a81b0
359	7Networks_RH_SomMot_15	#4a81b1
360	7Networks_RH_SomMot_16	#4a81b2
361	7Networks_RH_SomMot_17	#4a81b3
362	7Networks_RH_SomMot_18	#4a81b4
363	7Networks_RH_SomMot_19	#4a81b5
364	7Networks_RH_SomMot_20	#4a82ae
365	7Networks_RH_SomMot_21	#4a82af
366	7Networks_RH_SomMot_22	#4a82b0
367	7Networks_RH_SomMot_23	#4a82b1
368	7Networks_RH_SomMot_24	#4a82b2
369	7Networks_RH_SomMot_25	#4a82b3
370	7Networks_RH_SomMot_26	#4a82b4
371	7Networks_RH_SomMot_27	#4a82b6
372	7Networks_RH_SomMot_28	#4a82b7
373	7Networks_RH_SomMot_29	#4a82b8
374	7Networks_RH_SomMot_30	#4a82b9
375	7Networks_RH_SomMot_31	#4a82ba
376	7Networks_RH_SomMot_32	#4a82bb
377	7Networks_RH_SomMot_33	#4a82bc
378	7Networks_RH_SomMot_34	#4a83b5
379	7Networks_RH_SomMot_35	#4a83b6
380	7Networks_RH_SomMot_36	#4a83b7
381	7Networks_RH_SomMot_37	#4a83b8
382	7Networks_RH_SomMot_38	#4a83b9
383	7Networks_RH_SomMot_39	#4a83ba
384	7Networks_RH_SomMot_40	#4a83bb
385	7Networks_RH_SomMot_41	#4a83bc
386	7Networks_RH_SomMot_42	#4a84b5
387	7Networks_RH_SomMot_43	#4a84b6
388	7Networks_RH_SomMot_44	#4a84b7
389	7Networks_RH_SomMot_45	#4a84b8
390	7Networks_RH_SomMot_46	#4a84b9
391	7Networks_RH_SomMot_47	#4a84ba
392	7Networks_RH_SomMot_48	#4a84bb
393	7Networks_RH_SomMot_49	#4a84bc
394	7Networks_RH_SomMot_50	#4a85b5
395	7Networks_RH_SomMot_51	#4a85b6
396	7Networks_RH_SomMot_52	#4a85b7
397	7Networks_RH_SomMot_53	#4a85b8
398	7Networks_RH_SomMot_54	#4a85b9
399	7Networks_RH_SomMot_55	#4a85ba
400	7Networks_RH_SomMot_56	#4a85bb
401	7Networks_RH_DorsAttn_Post_1	#047609
402	7Networks_RH_DorsAttn_Post_2	#04760a
403	7Networks_RH_DorsAttn_Post_3	#04760b
404	7Networks_RH_DorsAttn_Post_4	#04760c
405	7Networks_RH_DorsAttn_Post_5	#04760d
406	7Networks_RH_DorsAttn_Post_6	#04760e
407	7Networks_RH_DorsAttn_Post_7	#04760f
408	7Networks_RH_DorsAttn_Post_8	#047708
409	7Networks_RH_DorsAttn_Post_9	#047709
410	7Networks_RH_DorsAttn_Post_10	#04770a
411	7Networks_RH_DorsAttn_Post_11	#04770b
412	7Networks_RH_DorsAttn_Post_12	#04770c
413	7Networks_RH_DorsAttn_Post_13	#04770d
414	7Networks_RH_DorsAttn_Post_14	#04770e
415	7Networks_RH_DorsAttn_Post_15	#047710
416	7Networks_RH_DorsAttn_Post_16	#047711
417	7Networks_RH_DorsAttn_Post_17	#047712
418	7Networks_RH_DorsAttn_Post_18	#047713
419	7Networks_RH_DorsAttn_Post_19	#047714
420	7Networks_RH_DorsAttn_Post_20	#047715
421	7Networks_RH_DorsAttn_Post_21	#047716
422	7Networks_RH_DorsAttn_Post_22	#04780f
423	7Networks_RH_DorsAttn_Post_23	#047810
424	7Networks_RH_DorsAttn_Post_24	#047811
425	7Networks_RH_DorsAttn_Post_25	#047812
426	7Networks_RH_DorsAttn_Post_26	#047813
427	7Networks_RH_DorsAttn_Post_27	#047814
428	7Networks_RH_DorsAttn_Post_28	#047815
429	7Networks_RH_DorsAttn_Post_29	#047816
430	7Networks_RH_DorsAttn_Post_30	#04790f
431	7Networks_RH_DorsAttn_Post_31	#047910
432	7Networks_RH_DorsAttn_FEF_1	#05760f
433	7Networks_RH_DorsAttn_FEF_2	#057610
434	7Networks_RH_DorsAttn_FEF_3	#057611
435	7Networks_RH_DorsAttn_FEF_4	#057612
436	7Networks_RH_DorsAttn_PrCv_1	#057613
437	7Networks_RH_DorsAttn_PrCv_2	#057614
438	7Networks_RH_SalVentAttn_TempOccPar_1	#c93af7
439	7Networks_RH_SalVentAttn_TempOccPar_2	#c93af8
440	7Networks_RH_SalVentAttn_TempOccPar_3	#c93af9
441	7Networks_RH_SalVentAttn_TempOccPar_4	#c93afa
442	7Networks_RH_SalVentAttn_TempOccPar_5	#c93afc
443	7Networks_RH_SalVentAttn_TempOccPar_6	#c93afd
444	7Networks_RH_SalVentAttn_TempOccPar_7	#c93afe
445	7Networks_RH_SalVentAttn_TempOccPar_8	#c93aff
446	7Networks_RH_SalVentAttn_TempOccPar_9	#c633fa
447	7Networks_RH_SalVentAttn_TempOccPar_10	#c633fb
448	7Networks_RH_SalVentAttn_TempOccPar_11	#c634f4
449	7Networks_RH_SalVentAttn_TempOccPar_12	#c634f5
450	7Networks_RH_SalVentAttn_PrC_1	#c93bfb
451	7Networks_RH_SalVentAttn_FrOper_1	#c93bf7
452	7Networks_RH_SalVentAttn_FrOper_2	#c93bf8
453	7Networks_RH_SalVentAttn_FrOper_3	#c93bf9
454	7Networks_RH_SalVentAttn_FrOper_4	#c93bfa
455	7Networks_RH_SalVentAttn_FrOper_5	#c93bfc
456	7Networks_RH_SalVentAttn_FrOper_6	#c93bfd
457	7Networks_RH_SalVentAttn_FrOper_7	#c93bfe
458	7Networks_RH_SalVentAttn_FrOper_8	#c93bff
459	7Networks_RH_SalVentAttn_FrOper_9	#c634fa
460	7Networks_RH_SalVentAttn_FrOper_10	#c634fb
461	7Networks_RH_SalVentAttn_FrOper_11	#c635f4
462	7Networks_RH_SalVentAttn_FrOper_12	#c635f5
463	7Networks_RH_SalVentAttn_PFCl_1	#c839fb
464	7Networks_RH_SalVentAttn_Med_1	#c839f4
465	7Networks_RH_SalVentAttn_Med_2	#c839f5
466	7Networks_RH_SalVentAttn_Med_3	#c839f6
467	7Networks_RH_SalVentAttn_Med_4	#c839f7
468	7Networks_RH_SalVentAttn_Med_5	#c839f8
469	7Networks_RH_SalVentAttn_Med_6	#c839fa
470	7Networks_RH_SalVentAttn_Med_7	#c839fc
471	7Networks_RH_SalVentAttn_Med_8	#c839fd
472	7Networks_RH_SalVentAttn_Med_9	#c839fe
473	7Networks_RH_SalVentAttn_Med_10	#c839ff
474	7Networks_RH_SalVentAttn_Med_11	#c83af9
475	7Networks_RH_SalVentAttn_Med_12	#c83afa
476	7Networks_RH_SalVentAttn_Med_13	#c83afb
477	7Networks_RH_Limbic_OFC_1	#e0f9a1
478	7Networks_RH_Limbic_OFC_2	#e0f9a2
479	7Networks_RH_Limbic_OFC_3	#e0f9a3
480	7Networks_RH_Limbic_OFC_4	#e0f9a5
481	7Networks_RH_Limbic_OFC_5	#e0f9a6
482	7Networks_RH_Limbic_OFC_6	#e0f9a7
483	7Networks_RH_Limbic_OFC_7	#e0f9a8
484	7Networks_RH_Limbic_OFC_8	#e0f9a9
485	7Networks_RH_Limbic_OFC_9	#e0f9aa
486	7Networks_RH_Limbic_TempPole_1	#e0f9a4
487	7Networks_RH_Limbic_TempPole_2	#e0f9ab
488	7Networks_RH_Limbic_TempPole_3	#e0f9ac
489	7Networks_RH_Limbic_TempPole_4	#e0faa5
490	7Networks_RH_Limbic_TempPole_5	#e0faa6
491	7Networks_RH_Limbic_TempPole_6	#e0faa7
492	7Networks_RH_Limbic_TempPole_7	#e0faa8
493	7Networks_RH_Limbic_TempPole_8	#e0faa9
494	7Networks_RH_Limbic_TempPole_9	#e0faaa
495	7Networks_RH_Limbic_TempPole_10	#e0faab
496	7Networks_RH_Limbic_TempPole_11	#e0faac
497	7Networks_RH_Cont_Par_1	#ea931f
498	7Networks_RH_Cont_Par_2	#ea9320
499	7Networks_RH_Cont_Par_3	#ea9321
500	7Networks_RH_Cont_Par_4	#ea9323
501	7Networks_RH_Cont_Par_5	#ea9324
502	7Networks_RH_Cont_Par_6	#ea9325
503	7Networks_RH_Cont_Par_7	#ea9326
504	7Networks_RH_Cont_Par_8	#ea9327
505	7Networks_RH_Cont_Par_9	#ea9328
506	7Networks_RH_Cont_Temp_1	#ea9322
507	7Networks_RH_Cont_Temp_2	#ea9421
508	7Networks_RH_Cont_PFCv_1	#e99423
509	7Networks_RH_Cont_PFCl_1	#e9931e
510	7Networks_RH_Cont_PFCl_2	#e9931f
511	7Networks_RH_Cont_PFCl_3	#e99320
512	7Networks_RH_Cont_PFCl_4	#e99321
513	7Networks_RH_Cont_PFCl_5	#e9941a
514	7Networks_RH_Cont_PFCl_6	#e9941b
515	7Networks_RH_Cont_PFCl_7	#e9941c
516	7Networks_RH_Cont_PFCl_8	#e9941d
517	7Networks_RH_Cont_PFCl_9	#e9941e
518	7Networks_RH_Cont_PFCl_10	#e9941f
519	7Networks_RH_Cont_PFCl_11	#e99420
520	7Networks_RH_Cont_PFCl_12	#e99422
521	7Networks_RH_Cont_PFCl_13	#e99424
522	7Networks_RH_Cont_PFCl_14	#e99425
523	7Networks_RH_Cont_PFCl_15	#e99426
524	7Networks_RH_Cont_PFCl_16	#e99427
525	7Networks_RH_Cont_PFCl_17	#e99428
526	7Networks_RH_Cont_PFCl_18	#e99521
527	7Networks_RH_Cont_PFCl_19	#e99522
528	7Networks_RH_Cont_PFCl_20	#e99523
529	7Networks_RH_Cont_PFCl_21	#e99524
530	7Networks_RH_Cont_PFCl_22	#e99525
531	7Networks_RH_Cont_PFCl_23	#e99526
532	7Networks_RH_Cont_PFCl_24	#e99527
533	7Networks_RH_Cont_PFCl_25	#e99528
534	7Networks_RH_Cont_pCun_1	#e99323
535	7Networks_RH_Cont_pCun_2	#e99324
536	7Networks_RH_Cont_Cing_1	#e99322
537	7Networks_RH_Cont_Cing_2	#e99325
538	7Networks_RH_Cont_Cing_3	#e99326
539	7Networks_RH_Cont_Cing_4	#e99327
540	7Networks_RH_Cont_PFCmp_1	#ea9425
541	7Networks_RH_Cont_PFCmp_2	#ea9426
542	7Networks_RH_Cont_PFCmp_3	#ea9427
543	7Networks_RH_Default_Par_1	#d13e4b
544	7Networks_RH_Default_Par_2	#d13e4c
545	7Networks_RH_Default_Par_3	#d13e4e
546	7Networks_RH_Default_Par_4	#d13e4f
547	7Networks_RH_Default_Par_5	#d13e50
548	7Networks_RH_Default_Par_6	#d13e51
549	7Networks_RH_Default_Par_7	#d13e52
550	7Networks_RH_Default_Par_8	#d13e53
551	7Networks_RH_Default_Temp_1	#d13d4a
552	7Networks_RH_Default_Temp_2	#d13d4b
553	7Networks_RH_Default_Temp_3	#d13d4c
554	7Networks_RH_Default_Temp_4	#d13d4d
555	7Networks_RH_Default_Temp_5	#d13d4f
556	7Networks_RH_Default_Temp_6	#d13d50
557	7Networks_RH_Default_Temp_7	#d13d51
558	7Networks_RH_Default_Temp_8	#d13d52
559	7Networks_RH_Default_Temp_9	#d13d53
560	7Networks_RH_Default_Temp_10	#d13d54
561	7Networks_RH_Default_Temp_11	#d13d55
562	7Networks_RH_Default_PFCv_1	#d13d4e
563	7Networks_RH_Default_PFCv_2	#d13e4d
564	7Networks_RH_Default_PFCv_3	#d13e54
565	7Networks_RH_Default_PFCv_4	#d13f4d
566	7Networks_RH_Default_PFCv_5	#d13f4e
567	7Networks_RH_Default_PFCv_6	#d13f4f
568	7Networks_RH_Default_PFCm_1	#d03d4e
569	7Networks_RH_Default_PFCm_2	#d03e47
570	7Networks_RH_Default_PFCm_3	#d03e48
571	7Networks_RH_Default_PFCm_4	#d03e49
572	7Networks_RH_Default_PFCm_5	#d03e4a
573	7Networks_RH_Default_PFCm_6	#d03e4b
574	7Networks_RH_Default_PFCm_7	#d03e4c
575	7Networks_RH_Default_PFCm_8	#d03e4d
576	7Networks_RH_Default_PFCm_9	#d03e4f
577	7Networks_RH_Default_PFCm_10	#d03e50
578	7Networks_RH_Default_PFCm_11	#d03e51
579	7Networks_RH_Default_PFCm_12	#d03e52
580	7Networks_RH_Default_PFCm_13	#d03e53
581	7Networks_RH_Default_PFCm_14	#d03e54
582	7Networks_RH_Default_PFCm_15	#d03e55
583	7Networks_RH_Default_PFCm_16	#d03f4e
584	7Networks_RH_Default_PFCm_17	#d03f4f
585	7Networks_RH_Default_PFCm_18	#d03f50
586	7Networks_RH_Default_PFCm_19	#d03f51
587	7Networks_RH_Default_PCC_1	#d03e4e
588	7Networks_RH_Default_PCC_2	#d03f4d
589	7Networks_RH_Default_PCC_3	#d03f52
590	7Networks_RH_Default_PCC_4	#d03f53
591	7Networks_RH_Default_PCC_5	#d03f54
592	7Networks_RH_Default_PCC_6	#d0404d
593	7Networks_RH_Default_PCC_7	#d0404e
594	7Networks_RH_Default_PCC_8	#d0404f
595	7Networks_RH_Default_PCC_9	#d04050
596	7Networks_RH_Default_PCC_10	#d04051
597	7Networks_RH_Default_PCC_11	#d04052
598	7Networks_RH_Default_PCC_12	#d04053
599	7Networks_RH_Default_PCC_13	#d04054
600	7Networks_RH_Default_PCC_14	#d0414d
