index	name	color
1	17Networks_LH_VisCent_ExStr_1	#781184
2	17Networks_LH_VisCent_ExStr_2	#781185
3	17Networks_LH_VisCent_ExStr_3	#781186
4	17Networks_LH_VisCent_ExStr_4	#781187
5	17Networks_LH_VisCent_ExStr_5	#781280
6	17Networks_LH_VisCent_ExStr_6	#781281
7	17Networks_LH_VisCent_ExStr_7	#781282
8	17Networks_LH_VisCent_ExStr_8	#781283
9	17Networks_LH_VisCent_ExStr_9	#781284
10	17Networks_LH_VisCent_ExStr_10	#781285
11	17Networks_LH_VisCent_ExStr_11	#781286
12	17Networks_LH_VisCent_ExStr_12	#781288
13	17Networks_LH_VisCent_ExStr_13	#781289
14	17Networks_LH_VisCent_ExStr_14	#78128a
15	17Networks_LH_VisCent_ExStr_15	#78128b
16	17Networks_LH_VisCent_ExStr_16	#78128c
17	17Networks_LH_VisCent_ExStr_17	#78128d
18	17Networks_LH_VisCent_ExStr_18	#78128e
19	17Networks_LH_VisCent_ExStr_19	#781387
20	17Networks_LH_VisCent_ExStr_20	#781388
21	17Networks_LH_VisCent_ExStr_21	#781389
22	17Networks_LH_VisCent_ExStr_22	#78138a
23	17Networks_LH_VisCent_ExStr_23	#78138b
24	17Networks_LH_VisCent_ExStr_24	#78138c
25	17Networks_LH_VisCent_ExStr_25	#78138d
26	17Networks_LH_VisCent_ExStr_26	#78138e
27	17Networks_LH_VisPeri_ExStrSup_1	#ff0000
28	17Networks_LH_VisPeri_ExStrSup_2	#ff0101
29	17Networks_LH_VisPeri_ExStrSup_3	#ff0102
30	17Networks_LH_VisPeri_ExStrSup_4	#ff0103
31	17Networks_LH_VisPeri_ExStrSup_5	#ff0104
32	17Networks_LH_VisPeri_ExStrSup_6	#ff0105
33	17Networks_LH_VisPeri_ExStrSup_7	#ff0106
34	17Networks_LH_VisPeri_ExStrSup_8	#ff0107
35	17Networks_LH_VisPeri_ExStrSup_9	#ff0200
36	17Networks_LH_VisPeri_ExStrSup_10	#ff0201
37	17Networks_LH_VisPeri_ExStrSup_11	#ff0202
38	17Networks_LH_VisPeri_ExStrSup_12	#ff0203
39	17Networks_LH_VisPeri_ExStrSup_13	#ff0204
40	17Networks_LH_VisPeri_ExStrSup_14	#ff0205
41	17Networks_LH_VisPeri_ExStrSup_15	#ff0206
42	17Networks_LH_VisPeri_ExStrSup_16	#ff0207
43	17Networks_LH_VisPeri_ExStrSup_17	#ff0300
44	17Networks_LH_VisPeri_ExStrSup_18	#ff0301
45	17Networks_LH_VisPeri_ExStrSup_19	#ff0302
46	17Networks_LH_VisPeri_ExStrSup_20	#ff0303
47	17Networks_LH_VisPeri_ExStrSup_21	#ff0304
48	17Networks_LH_VisPeri_ExStrSup_22	#ff0305
49	17Networks_LH_VisPeri_ExStrSup_23	#ff0306
50	17Networks_LH_VisPeri_ExStrSup_24	#ff0307
51	17Networks_LH_VisPeri_ExStrSup_25	#ff0400
52	17Networks_LH_VisPeri_ExStrSup_26	#ff0401
53	17Networks_LH_VisPeri_ExStrSup_27	#ff0402
54	17Networks_LH_VisPeri_ExStrSup_28	#ff0403
55	17Networks_LH_VisPeri_ExStrSup_29	#ff0404
56	17Networks_LH_VisPeri_ExStrSup_30	#ff0405
57	17Networks_LH_SomMotA_1	#4680b0
58	17Networks_LH_SomMotA_2	#4680b1
59	17Networks_LH_SomMotA_3	#4680b2
60	17Networks_LH_SomMotA_4	#4680b3
61	17Networks_LH_SomMotA_5	#4680b4
62	17Networks_LH_SomMotA_6	#4681ad
63	17Networks_LH_SomMotA_7	#4681ae
64	17Networks_LH_SomMotA_8	#4681af
65	17Networks_LH_SomMotA_9	#4681b0
66	17Networks_LH_SomMotA_10	#4681b1
67	17Networks_LH_SomMotA_11	#4681b2
68	17Networks_LH_SomMotA_12	#4681b3
69	17Networks_LH_SomMotA_13	#4681b4
70	17Networks_LH_SomMotA_14	#4682ad
71	17Networks_LH_SomMotA_15	#4682ae
72	17Networks_LH_SomMotA_16	#4682af
73	17Networks_LH_SomMotA_17	#4682b0
74	17Networks_LH_SomMotA_18	#4682b1
75	17Networks_LH_SomMotA_19	#4682b2
76	17Networks_LH_SomMotA_20	#4682b3
77	17Networks_LH_SomMotA_21	#4682b5
78	17Networks_LH_SomMotA_22	#4682b6
79	17Networks_LH_SomMotA_23	#4682b7
80	17Networks_LH_SomMotA_24	#4682b8
81	17Networks_LH_SomMotA_25	#4682b9
82	17Networks_LH_SomMotA_26	#4682ba
83	17Networks_LH_SomMotA_27	#4682bb
84	17Networks_LH_SomMotA_28	#4683b4
85	17Networks_LH_SomMotA_29	#4683b5
86	17Networks_LH_SomMotA_30	#4683b6
87	17Networks_LH_SomMotA_31	#4683b7
88	17Networks_LH_SomMotA_32	#4683b8
89	17Networks_LH_SomMotA_33	#4683b9
90	17Networks_LH_SomMotA_34	#4683ba
91	17Networks_LH_SomMotA_35	#4683bb
92	17Networks_LH_SomMotA_36	#4684b4
93	17Networks_LH_SomMotA_37	#4684b5
94	17Networks_LH_SomMotA_38	#4684b6
95	17Networks_LH_SomMotA_39	#4684b7
96	17Networks_LH_SomMotA_40	#4684b8
97	17Networks_LH_SomMotA_41	#4684b9
98	17Networks_LH_SomMotA_42	#4684ba
99	17Networks_LH_SomMotA_43	#4684bb
100	17Networks_LH_SomMotB_Aud_1	#2bcb9f
101	17Networks_LH_SomMotB_Aud_2	#2bcba0
102	17Networks_LH_SomMotB_Aud_3	#2bcba1
103	17Networks_LH_SomMotB_Aud_4	#2bcba2
104	17Networks_LH_SomMotB_Aud_5	#2bcba3
105	17Networks_LH_SomMotB_Aud_6	#2bcba4
106	17Networks_LH_SomMotB_Aud_7	#2bcc9d
107	17Networks_LH_SomMotB_Aud_8	#2bcc9e
108	17Networks_LH_SomMotB_Aud_9	#2bcc9f
109	17Networks_LH_SomMotB_Aud_10	#2bcca0
110	17Networks_LH_SomMotB_Aud_11	#2bcca1
111	17Networks_LH_SomMotB_Aud_12	#2bcca2
112	17Networks_LH_SomMotB_Aud_13	#2bcca3
113	17Networks_LH_SomMotB_Aud_14	#2bcca5
114	17Networks_LH_SomMotB_Aud_15	#2bcca6
115	17Networks_LH_SomMotB_Aud_16	#2bcca7
116	17Networks_LH_SomMotB_Aud_17	#2bcca8
117	17Networks_LH_SomMotB_Aud_18	#2bcca9
118	17Networks_LH_SomMotB_Aud_19	#2bccaa
119	17Networks_LH_SomMotB_Aud_20	#2bccab
120	17Networks_LH_SomMotB_Aud_21	#2bcda4
121	17Networks_LH_SomMotB_Aud_22	#2bcda5
122	17Networks_LH_SomMotB_Aud_23	#2bcda6
123	17Networks_LH_SomMotB_Aud_24	#2bcda7
124	17Networks_LH_SomMotB_Aud_25	#2bcda8
125	17Networks_LH_SomMotB_Aud_26	#2bcda9
126	17Networks_LH_SomMotB_Aud_27	#2bcdaa
127	17Networks_LH_SomMotB_Aud_28	#2bcdab
128	17Networks_LH_SomMotB_Aud_29	#2bcea4
129	17Networks_LH_DorsAttnA_TempOcc_1	#4a9b39
130	17Networks_LH_DorsAttnA_TempOcc_2	#4a9b3a
131	17Networks_LH_DorsAttnA_TempOcc_3	#4a9b3b
132	17Networks_LH_DorsAttnA_TempOcc_4	#4a9b3d
133	17Networks_LH_DorsAttnA_TempOcc_5	#4a9b3e
134	17Networks_LH_DorsAttnA_TempOcc_6	#4a9b3f
135	17Networks_LH_DorsAttnA_TempOcc_7	#4a9b40
136	17Networks_LH_DorsAttnA_TempOcc_8	#4a9b41
137	17Networks_LH_DorsAttnA_TempOcc_9	#4a9b42
138	17Networks_LH_DorsAttnA_SPL_1	#4a9c37
139	17Networks_LH_DorsAttnA_SPL_2	#4a9c38
140	17Networks_LH_DorsAttnA_SPL_3	#4a9c39
141	17Networks_LH_DorsAttnA_SPL_4	#4a9c3a
142	17Networks_LH_DorsAttnA_SPL_5	#4a9c3b
143	17Networks_LH_DorsAttnA_SPL_6	#4a9c3d
144	17Networks_LH_DorsAttnA_SPL_7	#4a9c3e
145	17Networks_LH_DorsAttnA_SPL_8	#4a9c3f
146	17Networks_LH_DorsAttnA_SPL_9	#4a9c40
147	17Networks_LH_DorsAttnA_SPL_10	#4a9c41
148	17Networks_LH_DorsAttnA_SPL_11	#4a9c42
149	17Networks_LH_DorsAttnA_SPL_12	#4a9c43
150	17Networks_LH_DorsAttnA_SPL_13	#4a9d3c
151	17Networks_LH_DorsAttnA_SPL_14	#4a9d3d
152	17Networks_LH_DorsAttnB_TempOcc_1	#00760f
153	17Networks_LH_DorsAttnB_PostC_1	#00760a
154	17Networks_LH_DorsAttnB_PostC_2	#00760b
155	17Networks_LH_DorsAttnB_PostC_3	#00760c
156	17Networks_LH_DorsAttnB_PostC_4	#00760d
157	17Networks_LH_DorsAttnB_PostC_5	#00760e
158	17Networks_LH_DorsAttnB_PostC_6	#007610
159	17Networks_LH_DorsAttnB_PostC_7	#007611
160	17Networks_LH_DorsAttnB_PostC_8	#007612
161	17Networks_LH_DorsAttnB_PostC_9	#007613
162	17Networks_LH_DorsAttnB_PostC_10	#007614
163	17Networks_LH_DorsAttnB_PostC_11	#007615
164	17Networks_LH_DorsAttnB_PostC_12	#007616
165	17Networks_LH_DorsAttnB_PostC_13	#00770f
166	17Networks_LH_DorsAttnB_PostC_14	#007710
167	17Networks_LH_DorsAttnB_FEF_1	#00770d
168	17Networks_LH_DorsAttnB_FEF_2	#007711
169	17Networks_LH_DorsAttnB_FEF_3	#007712
170	17Networks_LH_DorsAttnB_FEF_4	#007713
171	17Networks_LH_DorsAttnB_FEF_5	#007714
172	17Networks_LH_DorsAttnB_FEF_6	#007715
173	17Networks_LH_SalVentAttnA_ParOper_1	#c43af9
174	17Networks_LH_SalVentAttnA_ParOper_2	#c43afb
175	17Networks_LH_SalVentAttnA_ParOper_3	#c43afc
176	17Networks_LH_SalVentAttnA_ParOper_4	#c43afd
177	17Networks_LH_SalVentAttnA_ParOper_5	#c43afe
178	17Networks_LH_SalVentAttnA_ParOper_6	#c43aff
179	17Networks_LH_SalVentAttnA_Ins_1	#c43bf7
180	17Networks_LH_SalVentAttnA_Ins_2	#c43bf8
181	17Networks_LH_SalVentAttnA_Ins_3	#c43bf9
182	17Networks_LH_SalVentAttnA_Ins_4	#c43bfb
183	17Networks_LH_SalVentAttnA_Ins_5	#c43bfc
184	17Networks_LH_SalVentAttnA_Ins_6	#c43bfd
185	17Networks_LH_SalVentAttnA_Ins_7	#c43bfe
186	17Networks_LH_SalVentAttnA_Ins_8	#c43bff
187	17Networks_LH_SalVentAttnA_Ins_9	#c134fa
188	17Networks_LH_SalVentAttnA_Ins_10	#c135f3
189	17Networks_LH_SalVentAttnA_ParMed_1	#c43bfa
190	17Networks_LH_SalVentAttnA_ParMed_2	#c134f9
191	17Networks_LH_SalVentAttnA_ParMed_3	#c134fb
192	17Networks_LH_SalVentAttnA_ParMed_4	#c135f4
193	17Networks_LH_SalVentAttnA_ParMed_5	#c135f5
194	17Networks_LH_SalVentAttnA_ParMed_6	#c135f6
195	17Networks_LH_SalVentAttnA_ParMed_7	#c135f7
196	17Networks_LH_SalVentAttnA_ParMed_8	#c135f8
197	17Networks_LH_SalVentAttnA_FrMed_1	#c53af8
198	17Networks_LH_SalVentAttnA_FrMed_2	#c53af9
199	17Networks_LH_SalVentAttnA_FrMed_3	#c53afb
200	17Networks_LH_SalVentAttnA_FrMed_4	#c53afc
201	17Networks_LH_SalVentAttnA_FrMed_5	#c53afd
202	17Networks_LH_SalVentAttnA_FrMed_6	#c53afe
203	17Networks_LH_SalVentAttnA_FrMed_7	#c53aff
204	17Networks_LH_SalVentAttnB_IPL_1	#ff98d6
205	17Networks_LH_SalVentAttnB_PFCd_1	#ff98d7
206	17Networks_LH_SalVentAttnB_PFCl_1	#ff99d4
207	17Networks_LH_SalVentAttnB_PFCl_2	#ff99d6
208	17Networks_LH_SalVentAttnB_PFCl_3	#ff99d7
209	17Networks_LH_SalVentAttnB_PFCl_4	#ff99d8
210	17Networks_LH_SalVentAttnB_PFCl_5	#ff99d9
211	17Networks_LH_SalVentAttnB_PFCl_6	#ff99da
212	17Networks_LH_SalVentAttnB_PFCv_1	#ff99d5
213	17Networks_LH_SalVentAttnB_PFCv_2	#ff99db
214	17Networks_LH_SalVentAttnB_PFCv_3	#ff99dc
215	17Networks_LH_SalVentAttnB_PFCv_4	#ff99dd
216	17Networks_LH_SalVentAttnB_PFCv_5	#ff9ad6
217	17Networks_LH_SalVentAttnB_PFCmp_1	#ff97d6
218	17Networks_LH_SalVentAttnB_PFCmp_2	#ff97d7
219	17Networks_LH_SalVentAttnB_PFCmp_3	#ff97d8
220	17Networks_LH_SalVentAttnB_PFCmp_4	#ff97d9
221	17Networks_LH_Limbic_OFC_1	#7a872d
222	17Networks_LH_Limbic_OFC_2	#7a872e
223	17Networks_LH_Limbic_OFC_3	#7a872f
224	17Networks_LH_Limbic_OFC_4	#7a8730
225	17Networks_LH_Limbic_OFC_5	#7a8731
226	17Networks_LH_Limbic_OFC_6	#7a8733
227	17Networks_LH_Limbic_OFC_7	#7a8734
228	17Networks_LH_Limbic_OFC_8	#7a8735
229	17Networks_LH_Limbic_OFC_9	#7a8736
230	17Networks_LH_Limbic_OFC_10	#7a8737
231	17Networks_LH_Limbic_OFC_11	#7a8738
232	17Networks_LH_Limbic_OFC_12	#7a8739
233	17Networks_LH_Limbic_OFC_13	#7a8832
234	17Networks_LH_Limbic_TempPole_1	#dcf89f
235	17Networks_LH_Limbic_TempPole_2	#dcf8a0
236	17Networks_LH_Limbic_TempPole_3	#dcf8a1
237	17Networks_LH_Limbic_TempPole_4	#dcf8a2
238	17Networks_LH_Limbic_TempPole_5	#dcf8a3
239	17Networks_LH_Limbic_TempPole_6	#dcf8a5
240	17Networks_LH_Limbic_TempPole_7	#dcf8a6
241	17Networks_LH_Limbic_TempPole_8	#dcf8a7
242	17Networks_LH_Limbic_TempPole_9	#dcf8a8
243	17Networks_LH_Limbic_TempPole_10	#dcf8a9
244	17Networks_LH_Limbic_TempPole_11	#dcf8aa
245	17Networks_LH_Limbic_TempPole_12	#dcf8ab
246	17Networks_LH_Limbic_TempPole_13	#dcf9a4
247	17Networks_LH_Limbic_TempPole_14	#dcf9a5
248	17Networks_LH_ContA_Temp_1	#e69423
249	17Networks_LH_ContA_IPS_1	#e6941f
250	17Networks_LH_ContA_IPS_2	#e69420
251	17Networks_LH_ContA_IPS_3	#e69421
252	17Networks_LH_ContA_IPS_4	#e69422
253	17Networks_LH_ContA_IPS_5	#e69424
254	17Networks_LH_ContA_IPS_6	#e69425
255	17Networks_LH_ContA_IPS_7	#e69426
256	17Networks_LH_ContA_IPS_8	#e69427
257	17Networks_LH_ContA_IPS_9	#e69428
258	17Networks_LH_ContA_IPS_10	#e69429
259	17Networks_LH_ContA_IPS_11	#e6942a
260	17Networks_LH_ContA_PFCd_1	#e69523
261	17Networks_LH_ContA_PFCd_2	#e69524
262	17Networks_LH_ContA_PFCl_1	#e69520
263	17Networks_LH_ContA_PFCl_2	#e69521
264	17Networks_LH_ContA_PFCl_3	#e69522
265	17Networks_LH_ContA_PFCl_4	#e69525
266	17Networks_LH_ContA_PFCl_5	#e69526
267	17Networks_LH_ContA_PFCl_6	#e69527
268	17Networks_LH_ContA_PFCl_7	#e69528
269	17Networks_LH_ContA_PFCl_8	#e69529
270	17Networks_LH_ContA_PFCl_9	#e6952a
271	17Networks_LH_ContA_PFCl_10	#e69623
272	17Networks_LH_ContA_Cinga_1	#e79424
273	17Networks_LH_ContB_Temp_1	#87324b
274	17Networks_LH_ContB_Temp_2	#87324c
275	17Networks_LH_ContB_Temp_3	#87324d
276	17Networks_LH_ContB_IPL_1	#87324a
277	17Networks_LH_ContB_IPL_2	#87324e
278	17Networks_LH_ContB_IPL_3	#87324f
279	17Networks_LH_ContB_IPL_4	#873250
280	17Networks_LH_ContB_IPL_5	#873251
281	17Networks_LH_ContB_IPL_6	#873252
282	17Networks_LH_ContB_PFCd_1	#87334b
283	17Networks_LH_ContB_PFCl_1	#87334c
284	17Networks_LH_ContB_PFCl_2	#87334d
285	17Networks_LH_ContB_PFCl_3	#87334e
286	17Networks_LH_ContB_PFClv_1	#88324b
287	17Networks_LH_ContB_PFClv_2	#88324c
288	17Networks_LH_ContB_PFClv_3	#88324d
289	17Networks_LH_ContB_PFClv_4	#88324e
290	17Networks_LH_ContB_PFCmp_1	#88324f
291	17Networks_LH_ContC_pCun_1	#778cac
292	17Networks_LH_ContC_pCun_2	#778cad
293	17Networks_LH_ContC_pCun_3	#778cae
294	17Networks_LH_ContC_pCun_4	#778caf
295	17Networks_LH_ContC_pCun_5	#778cb1
296	17Networks_LH_ContC_pCun_6	#778cb2
297	17Networks_LH_ContC_pCun_7	#778cb3
298	17Networks_LH_ContC_pCun_8	#778cb4
299	17Networks_LH_ContC_pCun_9	#778cb5
300	17Networks_LH_ContC_pCun_10	#778cb6
301	17Networks_LH_ContC_pCun_11	#778cb7
302	17Networks_LH_ContC_Cingp_1	#778cb8
303	17Networks_LH_ContC_Cingp_2	#778db1
304	17Networks_LH_ContC_Cingp_3	#778db2
305	17Networks_LH_ContC_Cingp_4	#778db3
306	17Networks_LH_DefaultA_IPL_1	#ffff01
307	17Networks_LH_DefaultA_IPL_2	#ffff02
308	17Networks_LH_DefaultA_IPL_3	#ffff03
309	17Networks_LH_DefaultA_IPL_4	#ffff04
310	17Networks_LH_DefaultA_IPL_5	#ffff05
311	17Networks_LH_DefaultA_PFCd_1	#ffff00
312	17Networks_LH_DefaultA_PFCd_2	#ffff06
313	17Networks_LH_DefaultA_PFCd_3	#ffff07
314	17Networks_LH_DefaultA_PFCd_4	#ffff08
315	17Networks_LH_DefaultA_PFCd_5	#fcf900
316	17Networks_LH_DefaultA_PFCd_6	#fcf901
317	17Networks_LH_DefaultA_PCC_1	#fffe01
318	17Networks_LH_DefaultA_PCC_2	#fffe02
319	17Networks_LH_DefaultA_PCC_3	#fffe03
320	17Networks_LH_DefaultA_PCC_4	#fffe04
321	17Networks_LH_DefaultA_PCC_5	#fffe05
322	17Networks_LH_DefaultA_PCC_6	#fffe06
323	17Networks_LH_DefaultA_PCC_7	#fffe07
324	17Networks_LH_DefaultA_PCC_8	#fcfa00
325	17Networks_LH_DefaultA_PCC_9	#fcfb00
326	17Networks_LH_DefaultA_PCC_10	#fcfc00
327	17Networks_LH_DefaultA_PCC_11	#fcfd00
328	17Networks_LH_DefaultA_PCC_12	#fcfe00
329	17Networks_LH_DefaultA_PCC_13	#fdf700
330	17Networks_LH_DefaultA_PCC_14	#fdf800
331	17Networks_LH_DefaultA_PCC_15	#fdf900
332	17Networks_LH_DefaultA_PCC_16	#fdfa00
333	17Networks_LH_DefaultA_PCC_17	#fdfb00
334	17Networks_LH_DefaultA_PCC_18	#fdfc00
335	17Networks_LH_DefaultA_PFCm_1	#feff01
336	17Networks_LH_DefaultA_PFCm_2	#feff02
337	17Networks_LH_DefaultA_PFCm_3	#feff03
338	17Networks_LH_DefaultA_PFCm_4	#feff04
339	17Networks_LH_DefaultA_PFCm_5	#feff05
340	17Networks_LH_DefaultA_PFCm_6	#feff06
341	17Networks_LH_DefaultA_PFCm_7	#feff07
342	17Networks_LH_DefaultA_PFCm_8	#fbf900
343	17Networks_LH_DefaultB_Temp_1	#cd3e4a
344	17Networks_LH_DefaultB_Temp_2	#cd3e4b
345	17Networks_LH_DefaultB_Temp_3	#cd3e4c
346	17Networks_LH_DefaultB_Temp_4	#cd3e4d
347	17Networks_LH_DefaultB_Temp_5	#cd3e4f
348	17Networks_LH_DefaultB_Temp_6	#cd3e50
349	17Networks_LH_DefaultB_Temp_7	#cd3e51
350	17Networks_LH_DefaultB_Temp_8	#cd3e52
351	17Networks_LH_DefaultB_Temp_9	#cd3e53
352	17Networks_LH_DefaultB_Temp_10	#cd3e54
353	17Networks_LH_DefaultB_Temp_11	#cd3e55
354	17Networks_LH_DefaultB_IPL_1	#cd3e4e
355	17Networks_LH_DefaultB_IPL_2	#cd3e56
356	17Networks_LH_DefaultB_IPL_3	#cd3f4f
357	17Networks_LH_DefaultB_IPL_4	#cd3f50
358	17Networks_LH_DefaultB_IPL_5	#cd3f51
359	17Networks_LH_DefaultB_PFCd_1	#cd3f4a
360	17Networks_LH_DefaultB_PFCd_2	#cd3f4b
361	17Networks_LH_DefaultB_PFCd_3	#cd3f4c
362	17Networks_LH_DefaultB_PFCd_4	#cd3f4d
363	17Networks_LH_DefaultB_PFCd_5	#cd3f52
364	17Networks_LH_DefaultB_PFCd_6	#cd3f53
365	17Networks_LH_DefaultB_PFCd_7	#cd3f54
366	17Networks_LH_DefaultB_PFCd_8	#cd3f55
367	17Networks_LH_DefaultB_PFCd_9	#cd404e
368	17Networks_LH_DefaultB_PFCd_10	#cd404f
369	17Networks_LH_DefaultB_PFCd_11	#cd4050
370	17Networks_LH_DefaultB_PFCd_12	#cd4051
371	17Networks_LH_DefaultB_PFCl_1	#cd3f56
372	17Networks_LH_DefaultB_PFCl_2	#cd4052
373	17Networks_LH_DefaultB_PFCv_1	#ce3e4d
374	17Networks_LH_DefaultB_PFCv_2	#ce3e4f
375	17Networks_LH_DefaultB_PFCv_3	#ce3e50
376	17Networks_LH_DefaultB_PFCv_4	#ce3e51
377	17Networks_LH_DefaultB_PFCv_5	#ce3e52
378	17Networks_LH_DefaultB_PFCv_6	#ce3e53
379	17Networks_LH_DefaultC_IPL_1	#000083
380	17Networks_LH_DefaultC_IPL_2	#000084
381	17Networks_LH_DefaultC_Rsp_1	#000085
382	17Networks_LH_DefaultC_Rsp_2	#000086
383	17Networks_LH_DefaultC_Rsp_3	#000087
384	17Networks_LH_DefaultC_Rsp_4	#000088
385	17Networks_LH_DefaultC_PHC_1	#000181
386	17Networks_LH_DefaultC_PHC_2	#000183
387	17Networks_LH_DefaultC_PHC_3	#000184
388	17Networks_LH_DefaultC_PHC_4	#000185
389	17Networks_LH_DefaultC_PHC_5	#000186
390	17Networks_LH_TempPar_1	#0c30fb
391	17Networks_LH_TempPar_2	#0c30fc
392	17Networks_LH_TempPar_3	#0c30fd
393	17Networks_LH_TempPar_4	#0c30fe
394	17Networks_LH_TempPar_5	#0929f9
395	17Networks_LH_TempPar_6	#0929fa
396	17Networks_LH_TempPar_7	#0929fb
397	17Networks_LH_TempPar_8	#0929fc
398	17Networks_LH_TempPar_9	#0929fd
399	17Networks_LH_TempPar_10	#0929fe
400	17Networks_LH_TempPar_11	#0929ff
401	17Networks_RH_VisCent_ExStr_1	#7c1281
402	17Networks_RH_VisCent_ExStr_2	#7c1282
403	17Networks_RH_VisCent_ExStr_3	#7c1283
404	17Networks_RH_VisCent_ExStr_4	#7c1284
405	17Networks_RH_VisCent_ExStr_5	#7c1285
406	17Networks_RH_VisCent_ExStr_6	#7c1286
407	17Networks_RH_VisCent_ExStr_7	#7c1287
408	17Networks_RH_VisCent_ExStr_8	#7c1380
409	17Networks_RH_VisCent_ExStr_9	#7c1381
410	17Networks_RH_VisCent_ExStr_10	#7c1382
411	17Networks_RH_VisCent_ExStr_11	#7c1383
412	17Networks_RH_VisCent_ExStr_12	#7c1384
413	17Networks_RH_VisCent_ExStr_13	#7c1385
414	17Networks_RH_VisCent_ExStr_14	#7c1386
415	17Networks_RH_VisCent_ExStr_15	#7c1388
416	17Networks_RH_VisCent_ExStr_16	#7c1389
417	17Networks_RH_VisCent_ExStr_17	#7c138a
418	17Networks_RH_VisCent_ExStr_18	#7c138b
419	17Networks_RH_VisCent_ExStr_19	#7c138c
420	17Networks_RH_VisCent_ExStr_20	#7c138d
421	17Networks_RH_VisCent_ExStr_21	#7c138e
422	17Networks_RH_VisCent_ExStr_22	#7c1487
423	17Networks_RH_VisCent_ExStr_23	#7c1488
424	17Networks_RH_VisCent_ExStr_24	#7c1489
425	17Networks_RH_VisCent_ExStr_25	#7c148a
426	17Networks_RH_VisCent_ExStr_26	#7c148b
427	17Networks_RH_VisCent_ExStr_27	#7c148c
428	17Networks_RH_VisCent_ExStr_28	#7c148d
429	17Networks_RH_VisCent_ExStr_29	#7c148e
430	17Networks_RH_VisCent_ExStr_30	#7c1587
431	17Networks_RH_VisCent_ExStr_31	#7c1588
432	17Networks_RH_VisPeri_ExStrSup_1	#fa0000
433	17Networks_RH_VisPeri_ExStrSup_2	#fa0002
434	17Networks_RH_VisPeri_ExStrSup_3	#fa0003
435	17Networks_RH_VisPeri_ExStrSup_4	#fa0004
436	17Networks_RH_VisPeri_ExStrSup_5	#fa0005
437	17Networks_RH_VisPeri_ExStrSup_6	#fa0006
438	17Networks_RH_VisPeri_ExStrSup_7	#fa0007
439	17Networks_RH_VisPeri_ExStrSup_8	#fa0008
440	17Networks_RH_VisPeri_ExStrSup_9	#fa0101
441	17Networks_RH_VisPeri_ExStrSup_10	#fa0102
442	17Networks_RH_VisPeri_ExStrSup_11	#fa0103
443	17Networks_RH_VisPeri_ExStrSup_12	#fa0104
444	17Networks_RH_VisPeri_ExStrSup_13	#fa0105
445	17Networks_RH_VisPeri_ExStrSup_14	#fa0106
446	17Networks_RH_VisPeri_ExStrSup_15	#fa0107
447	17Networks_RH_VisPeri_ExStrSup_16	#fa0108
448	17Networks_RH_VisPeri_ExStrSup_17	#fa0201
449	17Networks_RH_VisPeri_ExStrSup_18	#fa0202
450	17Networks_RH_VisPeri_ExStrSup_19	#fa0203
451	17Networks_RH_VisPeri_ExStrSup_20	#fa0204
452	17Networks_RH_VisPeri_ExStrSup_21	#fa0205
453	17Networks_RH_VisPeri_ExStrSup_22	#fa0206
454	17Networks_RH_VisPeri_ExStrSup_23	#fa0207
455	17Networks_RH_VisPeri_ExStrSup_24	#fa0208
456	17Networks_RH_VisPeri_ExStrSup_25	#fa0301
457	17Networks_RH_VisPeri_ExStrSup_26	#fa0302
458	17Networks_RH_SomMotA_1	#4a81b5
459	17Networks_RH_SomMotA_2	#4a82ae
460	17Networks_RH_SomMotA_3	#4a82af
461	17Networks_RH_SomMotA_4	#4a82b0
462	17Networks_RH_SomMotA_5	#4a82b1
463	17Networks_RH_SomMotA_6	#4a82b2
464	17Networks_RH_SomMotA_7	#4a82b3
465	17Networks_RH_SomMotA_8	#4a82b4
466	17Networks_RH_SomMotA_9	#4a82b5
467	17Networks_RH_SomMotA_10	#4a83ae
468	17Networks_RH_SomMotA_11	#4a83af
469	17Networks_RH_SomMotA_12	#4a83b0
470	17Networks_RH_SomMotA_13	#4a83b1
471	17Networks_RH_SomMotA_14	#4a83b2
472	17Networks_RH_SomMotA_15	#4a83b3
473	17Networks_RH_SomMotA_16	#4a83b4
474	17Networks_RH_SomMotA_17	#4a83b6
475	17Networks_RH_SomMotA_18	#4a83b7
476	17Networks_RH_SomMotA_19	#4a83b8
477	17Networks_RH_SomMotA_20	#4a83b9
478	17Networks_RH_SomMotA_21	#4a83ba
479	17Networks_RH_SomMotA_22	#4a83bb
480	17Networks_RH_SomMotA_23	#4a83bc
481	17Networks_RH_SomMotA_24	#4a84b5
482	17Networks_RH_SomMotA_25	#4a84b6
483	17Networks_RH_SomMotA_26	#4a84b7
484	17Networks_RH_SomMotA_27	#4a84b8
485	17Networks_RH_SomMotA_28	#4a84b9
486	17Networks_RH_SomMotA_29	#4a84ba
487	17Networks_RH_SomMotA_30	#4a84bb
488	17Networks_RH_SomMotA_31	#4a84bc
489	17Networks_RH_SomMotA_32	#4a85b5
490	17Networks_RH_SomMotA_33	#4a85b6
491	17Networks_RH_SomMotA_34	#4a85b7
492	17Networks_RH_SomMotA_35	#4a85b8
493	17Networks_RH_SomMotA_36	#4a85b9
494	17Networks_RH_SomMotB_S2_1	#2fcca1
495	17Networks_RH_SomMotB_S2_2	#2fcca2
496	17Networks_RH_SomMotB_S2_3	#2fcca3
497	17Networks_RH_SomMotB_S2_4	#2fcca4
498	17Networks_RH_SomMotB_S2_5	#2fcd9d
499	17Networks_RH_SomMotB_S2_6	#2fcd9e
500	17Networks_RH_SomMotB_S2_7	#2fcd9f
501	17Networks_RH_SomMotB_S2_8	#2fcda0
502	17Networks_RH_SomMotB_S2_9	#2fcda1
503	17Networks_RH_SomMotB_S2_10	#2fcda2
504	17Networks_RH_SomMotB_S2_11	#2fcda3
505	17Networks_RH_SomMotB_S2_12	#2fcda5
506	17Networks_RH_SomMotB_S2_13	#2fcda6
507	17Networks_RH_SomMotB_S2_14	#2fcda7
508	17Networks_RH_SomMotB_S2_15	#2fcda8
509	17Networks_RH_SomMotB_S2_16	#2fcda9
510	17Networks_RH_SomMotB_S2_17	#2fcdaa
511	17Networks_RH_SomMotB_S2_18	#2fcdab
512	17Networks_RH_SomMotB_S2_19	#2fcea4
513	17Networks_RH_SomMotB_S2_20	#2fcea5
514	17Networks_RH_SomMotB_S2_21	#2fcea6
515	17Networks_RH_SomMotB_S2_22	#2fcea7
516	17Networks_RH_SomMotB_S2_23	#2fcea8
517	17Networks_RH_SomMotB_S2_24	#2fcea9
518	17Networks_RH_SomMotB_S2_25	#2fceaa
519	17Networks_RH_SomMotB_S2_26	#2fceab
520	17Networks_RH_DorsAttnA_TempOcc_1	#4e9c3a
521	17Networks_RH_DorsAttnA_TempOcc_2	#4e9c3b
522	17Networks_RH_DorsAttnA_TempOcc_3	#4e9c3c
523	17Networks_RH_DorsAttnA_TempOcc_4	#4e9c3e
524	17Networks_RH_DorsAttnA_TempOcc_5	#4e9c3f
525	17Networks_RH_DorsAttnA_TempOcc_6	#4e9c40
526	17Networks_RH_DorsAttnA_TempOcc_7	#4e9c41
527	17Networks_RH_DorsAttnA_TempOcc_8	#4e9c42
528	17Networks_RH_DorsAttnA_TempOcc_9	#4e9c43
529	17Networks_RH_DorsAttnA_TempOcc_10	#4e9c44
530	17Networks_RH_DorsAttnA_SPL_1	#4f9b38
531	17Networks_RH_DorsAttnA_SPL_2	#4f9b39
532	17Networks_RH_DorsAttnA_SPL_3	#4f9b3a
533	17Networks_RH_DorsAttnA_SPL_4	#4f9b3b
534	17Networks_RH_DorsAttnA_SPL_5	#4f9b3c
535	17Networks_RH_DorsAttnA_SPL_6	#4f9b3e
536	17Networks_RH_DorsAttnA_SPL_7	#4f9b3f
537	17Networks_RH_DorsAttnA_SPL_8	#4f9b40
538	17Networks_RH_DorsAttnA_SPL_9	#4f9b41
539	17Networks_RH_DorsAttnA_SPL_10	#4f9b42
540	17Networks_RH_DorsAttnA_SPL_11	#4f9b43
541	17Networks_RH_DorsAttnA_SPL_12	#4f9b44
542	17Networks_RH_DorsAttnA_SPL_13	#4f9c3d
543	17Networks_RH_DorsAttnA_SPL_14	#4f9c3e
544	17Networks_RH_DorsAttnB_TempOcc_1	#05760f
545	17Networks_RH_DorsAttnB_PostC_1	#05760a
546	17Networks_RH_DorsAttnB_PostC_2	#05760b
547	17Networks_RH_DorsAttnB_PostC_3	#05760c
548	17Networks_RH_DorsAttnB_PostC_4	#05760d
549	17Networks_RH_DorsAttnB_PostC_5	#05760e
550	17Networks_RH_DorsAttnB_PostC_6	#057610
551	17Networks_RH_DorsAttnB_PostC_7	#057611
552	17Networks_RH_DorsAttnB_PostC_8	#057612
553	17Networks_RH_DorsAttnB_PostC_9	#057613
554	17Networks_RH_DorsAttnB_PostC_10	#057614
555	17Networks_RH_DorsAttnB_PostC_11	#057615
556	17Networks_RH_DorsAttnB_PostC_12	#057616
557	17Networks_RH_DorsAttnB_PostC_13	#05770f
558	17Networks_RH_DorsAttnB_FEF_1	#05770d
559	17Networks_RH_DorsAttnB_FEF_2	#057710
560	17Networks_RH_DorsAttnB_FEF_3	#057711
561	17Networks_RH_DorsAttnB_FEF_4	#057712
562	17Networks_RH_DorsAttnB_FEF_5	#057713
563	17Networks_RH_DorsAttnB_FEF_6	#057714
564	17Networks_RH_DorsAttnB_PrCv_1	#057715
565	17Networks_RH_DorsAttnB_PrCv_2	#057716
566	17Networks_RH_SalVentAttnA_ParOper_1	#c83af6
567	17Networks_RH_SalVentAttnA_ParOper_2	#c83af7
568	17Networks_RH_SalVentAttnA_ParOper_3	#c83af8
569	17Networks_RH_SalVentAttnA_ParOper_4	#c83afa
570	17Networks_RH_SalVentAttnA_ParOper_5	#c83afb
571	17Networks_RH_SalVentAttnA_ParOper_6	#c83afc
572	17Networks_RH_SalVentAttnA_ParOper_7	#c83afd
573	17Networks_RH_SalVentAttnA_ParOper_8	#c83afe
574	17Networks_RH_SalVentAttnA_ParOper_9	#c83aff
575	17Networks_RH_SalVentAttnA_PrC_1	#c839fb
576	17Networks_RH_SalVentAttnA_Ins_1	#c73af5
577	17Networks_RH_SalVentAttnA_Ins_2	#c73af6
578	17Networks_RH_SalVentAttnA_Ins_3	#c73af7
579	17Networks_RH_SalVentAttnA_Ins_4	#c73af8
580	17Networks_RH_SalVentAttnA_Ins_5	#c73af9
581	17Networks_RH_SalVentAttnA_Ins_6	#c73afb
582	17Networks_RH_SalVentAttnA_Ins_7	#c73afc
583	17Networks_RH_SalVentAttnA_Ins_8	#c73afd
584	17Networks_RH_SalVentAttnA_Ins_9	#c73afe
585	17Networks_RH_SalVentAttnA_Ins_10	#c73aff
586	17Networks_RH_SalVentAttnA_Ins_11	#c433fa
587	17Networks_RH_SalVentAttnA_Ins_12	#c434f3
588	17Networks_RH_SalVentAttnA_Ins_13	#c434f4
589	17Networks_RH_SalVentAttnA_Ins_14	#c434f5
590	17Networks_RH_SalVentAttnA_FrMed_1	#c738fa
591	17Networks_RH_SalVentAttnA_FrMed_2	#c739f3
592	17Networks_RH_SalVentAttnA_FrMed_3	#c739f4
593	17Networks_RH_SalVentAttnA_FrMed_4	#c739f5
594	17Networks_RH_SalVentAttnA_FrMed_5	#c739f6
595	17Networks_RH_SalVentAttnA_FrMed_6	#c739f7
596	17Networks_RH_SalVentAttnA_FrMed_7	#c739f8
597	17Networks_RH_SalVentAttnA_FrMed_8	#c739f9
598	17Networks_RH_SalVentAttnA_FrMed_9	#c739fb
599	17Networks_RH_SalVentAttnA_FrMed_10	#c739fc
600	17Networks_RH_SalVentAttnA_FrMed_11	#c739fd
601	17Networks_RH_SalVentAttnA_FrMed_12	#c739fe
602	17Networks_RH_SalVentAttnA_FrMed_13	#c739ff
603	17Networks_RH_SalVentAttnA_FrMed_14	#c432fa
604	17Networks_RH_SalVentAttnA_FrMed_15	#c433f3
605	17Networks_RH_SalVentAttnA_FrMed_16	#c433f4
606	17Networks_RH_SalVentAttnA_FrMed_17	#c433f5
607	17Networks_RH_SalVentAttnA_FrMed_18	#c433f6
608	17Networks_RH_SalVentAttnA_FrMed_19	#c433f7
609	17Networks_RH_SalVentAttnB_IPL_1	#fa98d6
610	17Networks_RH_SalVentAttnB_IPL_2	#fa98d7
611	17Networks_RH_SalVentAttnB_IPL_3	#fa98d8
612	17Networks_RH_SalVentAttnB_PFCd_1	#fa98d5
613	17Networks_RH_SalVentAttnB_PFCl_1	#fa97d4
614	17Networks_RH_SalVentAttnB_PFCl_2	#fa97d6
615	17Networks_RH_SalVentAttnB_PFCl_3	#fa97d7
616	17Networks_RH_SalVentAttnB_PFCl_4	#fa97d8
617	17Networks_RH_SalVentAttnB_PFCl_5	#fa97d9
618	17Networks_RH_SalVentAttnB_PFCv_1	#fa98d4
619	17Networks_RH_SalVentAttnB_PFCv_2	#fa98d9
620	17Networks_RH_SalVentAttnB_PFCv_3	#fa98da
621	17Networks_RH_SalVentAttnB_PFCv_4	#fa98db
622	17Networks_RH_SalVentAttnB_PFCv_5	#fa98dc
623	17Networks_RH_SalVentAttnB_PFCv_6	#fa98dd
624	17Networks_RH_SalVentAttnB_PFCv_7	#fa99d6
625	17Networks_RH_SalVentAttnB_PFCv_8	#fa99d7
626	17Networks_RH_SalVentAttnB_PFCmp_1	#fa99d8
627	17Networks_RH_SalVentAttnB_PFCmp_2	#fa99d9
628	17Networks_RH_SalVentAttnB_PFCmp_3	#fa99da
629	17Networks_RH_SalVentAttnB_PFCmp_4	#fa99db
630	17Networks_RH_Limbic_OFC_1	#7e872e
631	17Networks_RH_Limbic_OFC_2	#7e872f
632	17Networks_RH_Limbic_OFC_3	#7e8730
633	17Networks_RH_Limbic_OFC_4	#7e8731
634	17Networks_RH_Limbic_OFC_5	#7e8732
635	17Networks_RH_Limbic_OFC_6	#7e8734
636	17Networks_RH_Limbic_OFC_7	#7e8735
637	17Networks_RH_Limbic_OFC_8	#7e8736
638	17Networks_RH_Limbic_OFC_9	#7e8737
639	17Networks_RH_Limbic_OFC_10	#7e8738
640	17Networks_RH_Limbic_OFC_11	#7e8739
641	17Networks_RH_Limbic_OFC_12	#7e873a
642	17Networks_RH_Limbic_OFC_13	#7e8833
643	17Networks_RH_Limbic_TempPole_1	#e0f8a0
644	17Networks_RH_Limbic_TempPole_2	#e0f8a1
645	17Networks_RH_Limbic_TempPole_3	#e0f8a2
646	17Networks_RH_Limbic_TempPole_4	#e0f8a3
647	17Networks_RH_Limbic_TempPole_5	#e0f8a4
648	17Networks_RH_Limbic_TempPole_6	#e0f8a6
649	17Networks_RH_Limbic_TempPole_7	#e0f8a7
650	17Networks_RH_Limbic_TempPole_8	#e0f8a8
651	17Networks_RH_Limbic_TempPole_9	#e0f8a9
652	17Networks_RH_Limbic_TempPole_10	#e0f8aa
653	17Networks_RH_Limbic_TempPole_11	#e0f8ab
654	17Networks_RH_Limbic_TempPole_12	#e0f8ac
655	17Networks_RH_Limbic_TempPole_13	#e0f9a5
656	17Networks_RH_ContA_Temp_1	#ea9422
657	17Networks_RH_ContA_Temp_2	#ea9423
658	17Networks_RH_ContA_Temp_3	#ea9424
659	17Networks_RH_ContA_IPS_1	#ea931f
660	17Networks_RH_ContA_IPS_2	#ea9320
661	17Networks_RH_ContA_IPS_3	#ea9321
662	17Networks_RH_ContA_IPS_4	#ea9323
663	17Networks_RH_ContA_IPS_5	#ea9324
664	17Networks_RH_ContA_IPS_6	#ea9325
665	17Networks_RH_ContA_IPS_7	#ea9326
666	17Networks_RH_ContA_IPS_8	#ea9327
667	17Networks_RH_ContA_IPS_9	#ea9328
668	17Networks_RH_ContA_PFCd_1	#ea9322
669	17Networks_RH_ContA_PFCl_1	#e9941e
670	17Networks_RH_ContA_PFCl_2	#e9941f
671	17Networks_RH_ContA_PFCl_3	#e99420
672	17Networks_RH_ContA_PFCl_4	#e99421
673	17Networks_RH_ContA_PFCl_5	#e99423
674	17Networks_RH_ContA_PFCl_6	#e99424
675	17Networks_RH_ContA_PFCl_7	#e99425
676	17Networks_RH_ContA_PFCl_8	#e99426
677	17Networks_RH_ContA_PFCl_9	#e99427
678	17Networks_RH_ContA_PFCl_10	#e99428
679	17Networks_RH_ContA_PFCl_11	#e99429
680	17Networks_RH_ContA_Cinga_1	#e99422
681	17Networks_RH_ContB_Temp_1	#8c334c
682	17Networks_RH_ContB_Temp_2	#8c334d
683	17Networks_RH_ContB_Temp_3	#8c334e
684	17Networks_RH_ContB_IPL_1	#8b3247
685	17Networks_RH_ContB_IPL_2	#8b3248
686	17Networks_RH_ContB_IPL_3	#8b324a
687	17Networks_RH_ContB_IPL_4	#8b324b
688	17Networks_RH_ContB_IPL_5	#8b324c
689	17Networks_RH_ContB_IPL_6	#8b324d
690	17Networks_RH_ContB_IPL_7	#8b324e
691	17Networks_RH_ContB_PFCld_1	#8b3148
692	17Networks_RH_ContB_PFCld_2	#8b3149
693	17Networks_RH_ContB_PFCld_3	#8b314b
694	17Networks_RH_ContB_PFCld_4	#8b314c
695	17Networks_RH_ContB_PFCld_5	#8b314d
696	17Networks_RH_ContB_PFCld_6	#8b314e
697	17Networks_RH_ContB_PFCld_7	#8b314f
698	17Networks_RH_ContB_PFCld_8	#8b3150
699	17Networks_RH_ContB_PFClv_1	#8b3147
700	17Networks_RH_ContB_PFClv_2	#8b314a
701	17Networks_RH_ContB_PFClv_3	#8b3249
702	17Networks_RH_ContB_PFClv_4	#8b324f
703	17Networks_RH_ContB_PFClv_5	#8b3250
704	17Networks_RH_ContB_PFClv_6	#8b3349
705	17Networks_RH_ContB_PFClv_7	#8b334a
706	17Networks_RH_ContB_PFClv_8	#8b334b
707	17Networks_RH_ContB_PFCmp_1	#8a324b
708	17Networks_RH_ContB_PFCmp_2	#8a324c
709	17Networks_RH_ContC_pCun_1	#7b8dac
710	17Networks_RH_ContC_pCun_2	#7b8dad
711	17Networks_RH_ContC_pCun_3	#7b8dae
712	17Networks_RH_ContC_pCun_4	#7b8daf
713	17Networks_RH_ContC_pCun_5	#7b8db1
714	17Networks_RH_ContC_pCun_6	#7b8db2
715	17Networks_RH_ContC_pCun_7	#7b8db3
716	17Networks_RH_ContC_pCun_8	#7b8db4
717	17Networks_RH_ContC_pCun_9	#7b8db5
718	17Networks_RH_ContC_pCun_10	#7b8db6
719	17Networks_RH_ContC_pCun_11	#7b8db7
720	17Networks_RH_ContC_Cingp_1	#7b8db8
721	17Networks_RH_ContC_Cingp_2	#7b8eb1
722	17Networks_RH_ContC_Cingp_3	#7b8eb2
723	17Networks_RH_DefaultA_Temp_1	#faff02
724	17Networks_RH_DefaultA_IPL_1	#fbfe00
725	17Networks_RH_DefaultA_IPL_2	#fbfe02
726	17Networks_RH_DefaultA_IPL_3	#fbfe03
727	17Networks_RH_DefaultA_IPL_4	#fbfe04
728	17Networks_RH_DefaultA_IPL_5	#fbfe05
729	17Networks_RH_DefaultA_IPL_6	#fbfe06
730	17Networks_RH_DefaultA_PFCd_1	#fbff03
731	17Networks_RH_DefaultA_PFCd_2	#fbff04
732	17Networks_RH_DefaultA_PFCd_3	#fbff05
733	17Networks_RH_DefaultA_PFCd_4	#fbff06
734	17Networks_RH_DefaultA_PCC_1	#fbfd01
735	17Networks_RH_DefaultA_PCC_2	#fbfd02
736	17Networks_RH_DefaultA_PCC_3	#fbfd03
737	17Networks_RH_DefaultA_PCC_4	#fbfd04
738	17Networks_RH_DefaultA_PCC_5	#fbfd05
739	17Networks_RH_DefaultA_PCC_6	#fbfd06
740	17Networks_RH_DefaultA_PCC_7	#fbfd07
741	17Networks_RH_DefaultA_PCC_8	#fbfe01
742	17Networks_RH_DefaultA_PCC_9	#fbfe07
743	17Networks_RH_DefaultA_PCC_10	#fbff00
744	17Networks_RH_DefaultA_PCC_11	#fbff01
745	17Networks_RH_DefaultA_PCC_12	#fbff02
746	17Networks_RH_DefaultA_PCC_13	#fbff07
747	17Networks_RH_DefaultA_PCC_14	#f8f900
748	17Networks_RH_DefaultA_PFCm_1	#f9ff01
749	17Networks_RH_DefaultA_PFCm_2	#f9ff02
750	17Networks_RH_DefaultA_PFCm_3	#f9ff03
751	17Networks_RH_DefaultA_PFCm_4	#f9ff04
752	17Networks_RH_DefaultA_PFCm_5	#f9ff05
753	17Networks_RH_DefaultA_PFCm_6	#f9ff06
754	17Networks_RH_DefaultA_PFCm_7	#f9ff07
755	17Networks_RH_DefaultA_PFCm_8	#fef900
756	17Networks_RH_DefaultA_PFCm_9	#fefa00
757	17Networks_RH_DefaultA_PFCm_10	#fefb00
758	17Networks_RH_DefaultA_PFCm_11	#fefc00
759	17Networks_RH_DefaultB_Temp_1	#d23e50
760	17Networks_RH_DefaultB_Temp_2	#d23e51
761	17Networks_RH_DefaultB_Temp_3	#d23e52
762	17Networks_RH_DefaultB_AntTemp_1	#d23f4f
763	17Networks_RH_DefaultB_AntTemp_2	#d23f50
764	17Networks_RH_DefaultB_PFCd_1	#d23f4d
765	17Networks_RH_DefaultB_PFCd_2	#d23f4e
766	17Networks_RH_DefaultB_PFCd_3	#d23f51
767	17Networks_RH_DefaultB_PFCd_4	#d23f52
768	17Networks_RH_DefaultB_PFCd_5	#d23f53
769	17Networks_RH_DefaultB_PFCd_6	#d23f54
770	17Networks_RH_DefaultB_PFCd_7	#d23f55
771	17Networks_RH_DefaultB_PFCv_1	#d13e4e
772	17Networks_RH_DefaultB_PFCv_2	#d13e4f
773	17Networks_RH_DefaultB_PFCv_3	#d13e50
774	17Networks_RH_DefaultC_IPL_1	#040184
775	17Networks_RH_DefaultC_IPL_2	#040185
776	17Networks_RH_DefaultC_Rsp_1	#050083
777	17Networks_RH_DefaultC_Rsp_2	#050084
778	17Networks_RH_DefaultC_Rsp_3	#050085
779	17Networks_RH_DefaultC_PHC_1	#050086
780	17Networks_RH_DefaultC_PHC_2	#050087
781	17Networks_RH_DefaultC_PHC_3	#050088
782	17Networks_RH_DefaultC_PHC_4	#050089
783	17Networks_RH_TempPar_1	#1030f7
784	17Networks_RH_TempPar_2	#1030f8
785	17Networks_RH_TempPar_3	#1030f9
786	17Networks_RH_TempPar_4	#1030fa
787	17Networks_RH_TempPar_5	#1030fb
788	17Networks_RH_TempPar_6	#1030fc
789	17Networks_RH_TempPar_7	#1030fd
790	17Networks_RH_TempPar_8	#1030ff
791	17Networks_RH_TempPar_9	#0d29fa
792	17Networks_RH_TempPar_10	#0d29fb
793	17Networks_RH_TempPar_11	#0d29fc
794	17Networks_RH_TempPar_12	#0d29fd
795	17Networks_RH_TempPar_13	#0d29fe
796	17Networks_RH_TempPar_14	#0d2af7
797	17Networks_RH_TempPar_15	#0d2af8
798	17Networks_RH_TempPar_16	#0d2af9
799	17Networks_RH_TempPar_17	#0d2afa
800	17Networks_RH_TempPar_18	#0d2afb
