index	name	color
1	17Networks_LH_VisCent_ExStr_1	#781286
2	17Networks_LH_VisCent_ExStr_2	#781288
3	17Networks_LH_VisCent_ExStr_3	#781289
4	17Networks_LH_VisCent_ExStr_4	#78128a
5	17Networks_LH_VisCent_ExStr_5	#78128b
6	17Networks_LH_VisCent_ExStr_6	#78128c
7	17Networks_LH_VisPeri_ExStrSup_1	#ff0101
8	17Networks_LH_VisPeri_ExStrSup_2	#ff0102
9	17Networks_LH_VisPeri_ExStrSup_3	#ff0103
10	17Networks_LH_VisPeri_ExStrSup_4	#ff0104
11	17Networks_LH_VisPeri_ExStrSup_5	#ff0105
12	17Networks_LH_VisPeri_ExStrSup_6	#ff0106
13	17Networks_LH_SomMotA_1	#4682b2
14	17Networks_LH_SomMotA_2	#4682b3
15	17Networks_LH_SomMotA_3	#4682b5
16	17Networks_LH_SomMotA_4	#4682b6
17	17Networks_LH_SomMotA_5	#4682b7
18	17Networks_LH_SomMotA_6	#4682b8
19	17Networks_LH_SomMotA_7	#4682b9
20	17Networks_LH_SomMotA_8	#4682ba
21	17Networks_LH_SomMotB_Aud_1	#2bcca2
22	17Networks_LH_SomMotB_Aud_2	#2bcca3
23	17Networks_LH_SomMotB_Aud_3	#2bcca5
24	17Networks_LH_SomMotB_Aud_4	#2bcca6
25	17Networks_LH_SomMotB_Aud_5	#2bcca7
26	17Networks_LH_SomMotB_Aud_6	#2bcca8
27	17Networks_LH_SomMotB_Aud_7	#2bcca9
28	17Networks_LH_SomMotB_Aud_8	#2bccaa
29	17Networks_LH_DorsAttnA_TempOcc_1	#4a9b3d
30	17Networks_LH_DorsAttnA_TempOcc_2	#4a9b3e
31	17Networks_LH_DorsAttnA_TempOcc_3	#4a9b3f
32	17Networks_LH_DorsAttnA_SPL_1	#4a9c3d
33	17Networks_LH_DorsAttnA_SPL_2	#4a9c3e
34	17Networks_LH_DorsAttnA_SPL_3	#4a9c3f
35	17Networks_LH_DorsAttnB_PostC_1	#007610
36	17Networks_LH_DorsAttnB_PostC_2	#007611
37	17Networks_LH_DorsAttnB_PostC_3	#007612
38	17Networks_LH_DorsAttnB_PostC_4	#007613
39	17Networks_LH_DorsAttnB_FEF_1	#00770f
40	17Networks_LH_SalVentAttnA_ParOper_1	#c43afb
41	17Networks_LH_SalVentAttnA_Ins_1	#c43bfb
42	17Networks_LH_SalVentAttnA_Ins_2	#c43bfc
43	17Networks_LH_SalVentAttnA_Ins_3	#c43bfd
44	17Networks_LH_SalVentAttnA_ParMed_1	#c43bfe
45	17Networks_LH_SalVentAttnA_FrMed_1	#c53afb
46	17Networks_LH_SalVentAttnA_FrMed_2	#c53afc
47	17Networks_LH_SalVentAttnB_IPL_1	#ff98d6
48	17Networks_LH_SalVentAttnB_PFCl_1	#ff99d6
49	17Networks_LH_SalVentAttnB_PFCv_1	#ff99d7
50	17Networks_LH_SalVentAttnB_PFCmp_1	#ff97d6
51	17Networks_LH_Limbic_OFC_1	#7a8733
52	17Networks_LH_Limbic_OFC_2	#7a8734
53	17Networks_LH_Limbic_TempPole_1	#dcf8a5
54	17Networks_LH_Limbic_TempPole_2	#dcf8a6
55	17Networks_LH_Limbic_TempPole_3	#dcf8a7
56	17Networks_LH_Limbic_TempPole_4	#dcf8a8
57	17Networks_LH_ContA_Temp_1	#e69423
58	17Networks_LH_ContA_IPS_1	#e69424
59	17Networks_LH_ContA_IPS_2	#e69425
60	17Networks_LH_ContA_IPS_3	#e69426
61	17Networks_LH_ContA_PFCd_1	#e69523
62	17Networks_LH_ContA_PFCl_1	#e69524
63	17Networks_LH_ContA_PFCl_2	#e69525
64	17Networks_LH_ContA_PFCl_3	#e69526
65	17Networks_LH_ContA_PFCl_4	#e69527
66	17Networks_LH_ContA_Cinga_1	#e79424
67	17Networks_LH_ContB_Temp_1	#87324b
68	17Networks_LH_ContB_IPL_1	#87324c
69	17Networks_LH_ContB_PFCl_1	#87334c
70	17Networks_LH_ContB_PFClv_1	#88324b
71	17Networks_LH_ContB_PFClv_2	#88324c
72	17Networks_LH_ContC_pCun_1	#778cb1
73	17Networks_LH_ContC_pCun_2	#778cb2
74	17Networks_LH_ContC_Cingp_1	#778cb3
75	17Networks_LH_DefaultA_IPL_1	#ffff01
76	17Networks_LH_DefaultA_PFCd_1	#ffff02
77	17Networks_LH_DefaultA_PCC_1	#fffe01
78	17Networks_LH_DefaultA_PCC_2	#fffe02
79	17Networks_LH_DefaultA_PCC_3	#fffe03
80	17Networks_LH_DefaultA_PFCm_1	#feff01
81	17Networks_LH_DefaultA_PFCm_2	#feff02
82	17Networks_LH_DefaultA_PFCm_3	#feff03
83	17Networks_LH_DefaultB_Temp_1	#cd3e4f
84	17Networks_LH_DefaultB_Temp_2	#cd3e50
85	17Networks_LH_DefaultB_Temp_3	#cd3e51
86	17Networks_LH_DefaultB_Temp_4	#cd3e52
87	17Networks_LH_DefaultB_IPL_1	#cd3e53
88	17Networks_LH_DefaultB_PFCd_1	#cd3f4f
89	17Networks_LH_DefaultB_PFCd_2	#cd3f50
90	17Networks_LH_DefaultB_PFCd_3	#cd3f51
91	17Networks_LH_DefaultB_PFCd_4	#cd3f52
92	17Networks_LH_DefaultB_PFCv_1	#ce3e4f
93	17Networks_LH_DefaultB_PFCv_2	#ce3e50
94	17Networks_LH_DefaultB_PFCv_3	#ce3e51
95	17Networks_LH_DefaultB_PFCv_4	#ce3e52
96	17Networks_LH_DefaultC_IPL_1	#000083
97	17Networks_LH_DefaultC_Rsp_1	#000084
98	17Networks_LH_DefaultC_PHC_1	#000183
99	17Networks_LH_TempPar_1	#0929fa
100	17Networks_LH_TempPar_2	#0929fb
101	17Networks_RH_VisCent_ExStr_1	#7c1386
102	17Networks_RH_VisCent_ExStr_2	#7c1388
103	17Networks_RH_VisCent_ExStr_3	#7c1389
104	17Networks_RH_VisCent_ExStr_4	#7c138a
105	17Networks_RH_VisCent_ExStr_5	#7c138b
106	17Networks_RH_VisCent_ExStr_6	#7c138c
107	17Networks_RH_VisPeri_ExStrSup_1	#fa0000
108	17Networks_RH_VisPeri_ExStrSup_2	#fa0002
109	17Networks_RH_VisPeri_ExStrSup_3	#fa0003
110	17Networks_RH_VisPeri_ExStrSup_4	#fa0004
111	17Networks_RH_VisPeri_ExStrSup_5	#fa0005
112	17Networks_RH_VisPeri_ExStrSup_6	#fa0006
113	17Networks_RH_SomMotA_1	#4a83b1
114	17Networks_RH_SomMotA_2	#4a83b2
115	17Networks_RH_SomMotA_3	#4a83b3
116	17Networks_RH_SomMotA_4	#4a83b4
117	17Networks_RH_SomMotA_5	#4a83b6
118	17Networks_RH_SomMotA_6	#4a83b7
119	17Networks_RH_SomMotA_7	#4a83b8
120	17Networks_RH_SomMotA_8	#4a83b9
121	17Networks_RH_SomMotA_9	#4a83ba
122	17Networks_RH_SomMotA_10	#4a83bb
123	17Networks_RH_SomMotA_11	#4a83bc
124	17Networks_RH_SomMotB_S2_1	#2fcda2
125	17Networks_RH_SomMotB_S2_2	#2fcda3
126	17Networks_RH_SomMotB_S2_3	#2fcda5
127	17Networks_RH_SomMotB_S2_4	#2fcda6
128	17Networks_RH_SomMotB_S2_5	#2fcda7
129	17Networks_RH_SomMotB_S2_6	#2fcda8
130	17Networks_RH_SomMotB_S2_7	#2fcda9
131	17Networks_RH_DorsAttnA_TempOcc_1	#4e9c3e
132	17Networks_RH_DorsAttnA_TempOcc_2	#4e9c3f
133	17Networks_RH_DorsAttnA_SPL_1	#4f9b3e
134	17Networks_RH_DorsAttnA_SPL_2	#4f9b3f
135	17Networks_RH_DorsAttnA_SPL_3	#4f9b40
136	17Networks_RH_DorsAttnA_SPL_4	#4f9b41
137	17Networks_RH_DorsAttnB_PostC_1	#057610
138	17Networks_RH_DorsAttnB_PostC_2	#057611
139	17Networks_RH_DorsAttnB_PostC_3	#057612
140	17Networks_RH_DorsAttnB_PostC_4	#057613
141	17Networks_RH_DorsAttnB_FEF_1	#05770f
142	17Networks_RH_SalVentAttnA_ParOper_1	#c83afa
143	17Networks_RH_SalVentAttnA_PrC_1	#c839fb
144	17Networks_RH_SalVentAttnA_Ins_1	#c73afb
145	17Networks_RH_SalVentAttnA_Ins_2	#c73afc
146	17Networks_RH_SalVentAttnA_Ins_3	#c73afd
147	17Networks_RH_SalVentAttnA_FrMed_1	#c739fb
148	17Networks_RH_SalVentAttnA_FrMed_2	#c739fc
149	17Networks_RH_SalVentAttnA_FrMed_3	#c739fd
150	17Networks_RH_SalVentAttnA_FrMed_4	#c739fe
151	17Networks_RH_SalVentAttnB_IPL_1	#fa98d6
152	17Networks_RH_SalVentAttnB_PFCl_1	#fa97d6
153	17Networks_RH_SalVentAttnB_PFCl_2	#fa97d7
154	17Networks_RH_SalVentAttnB_PFCv_1	#fa98d7
155	17Networks_RH_SalVentAttnB_PFCv_2	#fa98d8
156	17Networks_RH_SalVentAttnB_PFCmp_1	#fa99d6
157	17Networks_RH_Limbic_OFC_1	#7e8734
158	17Networks_RH_Limbic_OFC_2	#7e8735
159	17Networks_RH_Limbic_OFC_3	#7e8736
160	17Networks_RH_Limbic_OFC_4	#7e8737
161	17Networks_RH_Limbic_TempPole_1	#e0f8a6
162	17Networks_RH_Limbic_TempPole_2	#e0f8a7
163	17Networks_RH_Limbic_TempPole_3	#e0f8a8
164	17Networks_RH_Limbic_TempPole_4	#e0f8a9
165	17Networks_RH_ContA_IPS_1	#ea9323
166	17Networks_RH_ContA_IPS_2	#ea9324
167	17Networks_RH_ContA_PFCd_1	#ea9322
168	17Networks_RH_ContA_PFCl_1	#e99423
169	17Networks_RH_ContA_PFCl_2	#e99424
170	17Networks_RH_ContA_Cinga_1	#e99422
171	17Networks_RH_ContB_Temp_1	#8c334c
172	17Networks_RH_ContB_Temp_2	#8c334d
173	17Networks_RH_ContB_IPL_1	#8b324a
174	17Networks_RH_ContB_IPL_2	#8b324b
175	17Networks_RH_ContB_PFCld_1	#8b314b
176	17Networks_RH_ContB_PFCld_2	#8b314c
177	17Networks_RH_ContB_PFClv_1	#8b314a
178	17Networks_RH_ContB_PFClv_2	#8b314d
179	17Networks_RH_ContB_PFCmp_1	#8a324b
180	17Networks_RH_ContB_PFCmp_2	#8a324c
181	17Networks_RH_ContC_pCun_1	#7b8db1
182	17Networks_RH_ContC_pCun_2	#7b8db2
183	17Networks_RH_ContC_Cingp_1	#7b8db3
184	17Networks_RH_DefaultA_IPL_1	#fbfe02
185	17Networks_RH_DefaultA_PFCd_1	#fbff03
186	17Networks_RH_DefaultA_PCC_1	#fbfd01
187	17Networks_RH_DefaultA_PFCm_1	#f9ff01
188	17Networks_RH_DefaultA_PFCm_2	#f9ff02
189	17Networks_RH_DefaultA_PFCm_3	#f9ff03
190	17Networks_RH_DefaultB_Temp_1	#d23e50
191	17Networks_RH_DefaultB_AntTemp_1	#d23f4f
192	17Networks_RH_DefaultB_PFCd_1	#d23f50
193	17Networks_RH_DefaultB_PFCv_1	#d13e4e
194	17Networks_RH_DefaultC_IPL_1	#040184
195	17Networks_RH_DefaultC_Rsp_1	#050083
196	17Networks_RH_DefaultC_PHC_1	#050084
197	17Networks_RH_TempPar_1	#1030ff
198	17Networks_RH_TempPar_2	#0d29fa
199	17Networks_RH_TempPar_3	#0d29fb
200	17Networks_RH_TempPar_4	#0d29fc
