index	name	color
1	7Networks_LH_Vis_1	#781084
2	7Networks_LH_Vis_2	#781085
3	7Networks_LH_Vis_3	#781086
4	7Networks_LH_Vis_4	#78117f
5	7Networks_LH_Vis_5	#781180
6	7Networks_LH_Vis_6	#781181
7	7Networks_LH_Vis_7	#781182
8	7Networks_LH_Vis_8	#781183
9	7Networks_LH_Vis_9	#781184
10	7Networks_LH_Vis_10	#781185
11	7Networks_LH_Vis_11	#781186
12	7Networks_LH_Vis_12	#78127f
13	7Networks_LH_Vis_13	#781280
14	7Networks_LH_Vis_14	#781281
15	7Networks_LH_Vis_15	#781282
16	7Networks_LH_Vis_16	#781283
17	7Networks_LH_Vis_17	#781284
18	7Networks_LH_Vis_18	#781285
19	7Networks_LH_Vis_19	#781287
20	7Networks_LH_Vis_20	#781288
21	7Networks_LH_Vis_21	#781289
22	7Networks_LH_Vis_22	#78128a
23	7Networks_LH_Vis_23	#78128b
24	7Networks_LH_Vis_24	#78128c
25	7Networks_LH_Vis_25	#78128d
26	7Networks_LH_Vis_26	#781386
27	7Networks_LH_Vis_27	#781387
28	7Networks_LH_Vis_28	#781388
29	7Networks_LH_Vis_29	#781389
30	7Networks_LH_Vis_30	#78138a
31	7Networks_LH_Vis_31	#78138b
32	7Networks_LH_Vis_32	#78138c
33	7Networks_LH_Vis_33	#78138d
34	7Networks_LH_Vis_34	#781486
35	7Networks_LH_Vis_35	#781487
36	7Networks_LH_Vis_36	#781488
37	7Networks_LH_Vis_37	#781489
38	7Networks_LH_Vis_38	#78148a
39	7Networks_LH_Vis_39	#78148b
40	7Networks_LH_SomMot_1	#4680ae
41	7Networks_LH_SomMot_2	#4680af
42	7Networks_LH_SomMot_3	#4680b0
43	7Networks_LH_SomMot_4	#4680b1
44	7Networks_LH_SomMot_5	#4680b2
45	7Networks_LH_SomMot_6	#4680b3
46	7Networks_LH_SomMot_7	#4680b4
47	7Networks_LH_SomMot_8	#4681ad
48	7Networks_LH_SomMot_9	#4681ae
49	7Networks_LH_SomMot_10	#4681af
50	7Networks_LH_SomMot_11	#4681b0
51	7Networks_LH_SomMot_12	#4681b1
52	7Networks_LH_SomMot_13	#4681b2
53	7Networks_LH_SomMot_14	#4681b3
54	7Networks_LH_SomMot_15	#4681b4
55	7Networks_LH_SomMot_16	#4682ad
56	7Networks_LH_SomMot_17	#4682ae
57	7Networks_LH_SomMot_18	#4682af
58	7Networks_LH_SomMot_19	#4682b0
59	7Networks_LH_SomMot_20	#4682b1
60	7Networks_LH_SomMot_21	#4682b2
61	7Networks_LH_SomMot_22	#4682b3
62	7Networks_LH_SomMot_23	#4682b5
63	7Networks_LH_SomMot_24	#4682b6
64	7Networks_LH_SomMot_25	#4682b7
65	7Networks_LH_SomMot_26	#4682b8
66	7Networks_LH_SomMot_27	#4682b9
67	7Networks_LH_SomMot_28	#4682ba
68	7Networks_LH_SomMot_29	#4682bb
69	7Networks_LH_SomMot_30	#4683b4
70	7Networks_LH_SomMot_31	#4683b5
71	7Networks_LH_SomMot_32	#4683b6
72	7Networks_LH_SomMot_33	#4683b7
73	7Networks_LH_SomMot_34	#4683b8
74	7Networks_LH_SomMot_35	#4683b9
75	7Networks_LH_SomMot_36	#4683ba
76	7Networks_LH_SomMot_37	#4683bb
77	7Networks_LH_SomMot_38	#4684b4
78	7Networks_LH_SomMot_39	#4684b5
79	7Networks_LH_SomMot_40	#4684b6
80	7Networks_LH_SomMot_41	#4684b7
81	7Networks_LH_SomMot_42	#4684b8
82	7Networks_LH_SomMot_43	#4684b9
83	7Networks_LH_SomMot_44	#4684ba
84	7Networks_LH_SomMot_45	#4684bb
85	7Networks_LH_SomMot_46	#4685b4
86	7Networks_LH_SomMot_47	#4685b5
87	7Networks_LH_DorsAttn_Post_1	#00750e
88	7Networks_LH_DorsAttn_Post_2	#007607
89	7Networks_LH_DorsAttn_Post_3	#007608
90	7Networks_LH_DorsAttn_Post_4	#007609
91	7Networks_LH_DorsAttn_Post_5	#00760a
92	7Networks_LH_DorsAttn_Post_6	#00760b
93	7Networks_LH_DorsAttn_Post_7	#00760c
94	7Networks_LH_DorsAttn_Post_8	#00760d
95	7Networks_LH_DorsAttn_Post_9	#00760f
96	7Networks_LH_DorsAttn_Post_10	#007610
97	7Networks_LH_DorsAttn_Post_11	#007611
98	7Networks_LH_DorsAttn_Post_12	#007612
99	7Networks_LH_DorsAttn_Post_13	#007613
100	7Networks_LH_DorsAttn_Post_14	#007614
101	7Networks_LH_DorsAttn_Post_15	#007615
102	7Networks_LH_DorsAttn_Post_16	#00770e
103	7Networks_LH_DorsAttn_Post_17	#00770f
104	7Networks_LH_DorsAttn_Post_18	#007710
105	7Networks_LH_DorsAttn_Post_19	#007711
106	7Networks_LH_DorsAttn_FEF_1	#007616
107	7Networks_LH_DorsAttn_FEF_2	#007712
108	7Networks_LH_DorsAttn_FEF_3	#007713
109	7Networks_LH_DorsAttn_FEF_4	#007714
110	7Networks_LH_DorsAttn_PrCv_1	#007715
111	7Networks_LH_DorsAttn_PrCv_2	#00780e
112	7Networks_LH_SalVentAttn_ParOper_1	#c43af9
113	7Networks_LH_SalVentAttn_ParOper_2	#c43afb
114	7Networks_LH_SalVentAttn_ParOper_3	#c43afc
115	7Networks_LH_SalVentAttn_ParOper_4	#c43afd
116	7Networks_LH_SalVentAttn_ParOper_5	#c43afe
117	7Networks_LH_SalVentAttn_TempOcc_1	#c43aff
118	7Networks_LH_SalVentAttn_FrOper_1	#c43bf7
119	7Networks_LH_SalVentAttn_FrOper_2	#c43bf8
120	7Networks_LH_SalVentAttn_FrOper_3	#c43bf9
121	7Networks_LH_SalVentAttn_FrOper_4	#c43bfb
122	7Networks_LH_SalVentAttn_FrOper_5	#c43bfc
123	7Networks_LH_SalVentAttn_FrOper_6	#c43bfd
124	7Networks_LH_SalVentAttn_FrOper_7	#c43bfe
125	7Networks_LH_SalVentAttn_FrOper_8	#c43bff
126	7Networks_LH_SalVentAttn_FrOper_9	#c134fa
127	7Networks_LH_SalVentAttn_FrOper_10	#c135f3
128	7Networks_LH_SalVentAttn_PFCl_1	#c134f9
129	7Networks_LH_SalVentAttn_Med_1	#c53af7
130	7Networks_LH_SalVentAttn_Med_2	#c53af8
131	7Networks_LH_SalVentAttn_Med_3	#c53af9
132	7Networks_LH_SalVentAttn_Med_4	#c53afb
133	7Networks_LH_SalVentAttn_Med_5	#c53afc
134	7Networks_LH_SalVentAttn_Med_6	#c53afd
135	7Networks_LH_SalVentAttn_Med_7	#c53afe
136	7Networks_LH_SalVentAttn_Med_8	#c53aff
137	7Networks_LH_SalVentAttn_Med_9	#c233fa
138	7Networks_LH_SalVentAttn_Med_10	#c234f3
139	7Networks_LH_Limbic_OFC_1	#dcf8a3
140	7Networks_LH_Limbic_OFC_2	#dcf8a5
141	7Networks_LH_Limbic_OFC_3	#dcf8a6
142	7Networks_LH_Limbic_OFC_4	#dcf8a7
143	7Networks_LH_Limbic_OFC_5	#dcf8a8
144	7Networks_LH_Limbic_OFC_6	#dcf8a9
145	7Networks_LH_Limbic_TempPole_1	#dcf8a2
146	7Networks_LH_Limbic_TempPole_2	#dcf8a4
147	7Networks_LH_Limbic_TempPole_3	#dcf8aa
148	7Networks_LH_Limbic_TempPole_4	#dcf8ab
149	7Networks_LH_Limbic_TempPole_5	#dcf8ac
150	7Networks_LH_Limbic_TempPole_6	#dcf9a5
151	7Networks_LH_Limbic_TempPole_7	#dcf9a6
152	7Networks_LH_Limbic_TempPole_8	#dcf9a7
153	7Networks_LH_Limbic_TempPole_9	#dcf9a8
154	7Networks_LH_Limbic_TempPole_10	#dcf9a9
155	7Networks_LH_Cont_Par_1	#e69420
156	7Networks_LH_Cont_Par_2	#e69421
157	7Networks_LH_Cont_Par_3	#e69423
158	7Networks_LH_Cont_Par_4	#e69424
159	7Networks_LH_Cont_Par_5	#e69425
160	7Networks_LH_Cont_Par_6	#e69426
161	7Networks_LH_Cont_Par_7	#e69427
162	7Networks_LH_Cont_Par_8	#e69428
163	7Networks_LH_Cont_Temp_1	#e69429
164	7Networks_LH_Cont_PFCd_1	#e69523
165	7Networks_LH_Cont_PFCd_2	#e69524
166	7Networks_LH_Cont_PFCl_1	#e69520
167	7Networks_LH_Cont_PFCl_2	#e69521
168	7Networks_LH_Cont_PFCl_3	#e69522
169	7Networks_LH_Cont_PFCl_4	#e69525
170	7Networks_LH_Cont_PFCl_5	#e69526
171	7Networks_LH_Cont_PFCl_6	#e69527
172	7Networks_LH_Cont_PFCl_7	#e69528
173	7Networks_LH_Cont_PFCl_8	#e69529
174	7Networks_LH_Cont_PFCl_9	#e6952a
175	7Networks_LH_Cont_PFCl_10	#e69623
176	7Networks_LH_Cont_PFCv_1	#e79424
177	7Networks_LH_Cont_pCun_1	#e79523
178	7Networks_LH_Cont_pCun_2	#e79524
179	7Networks_LH_Cont_pCun_3	#e79525
180	7Networks_LH_Cont_Cing_1	#e79526
181	7Networks_LH_Cont_Cing_2	#e79527
182	7Networks_LH_Cont_Cing_3	#e79528
183	7Networks_LH_Cont_PFCmp_1	#e69422
184	7Networks_LH_Cont_PFCmp_2	#e69621
185	7Networks_LH_Cont_PFCmp_3	#e69622
186	7Networks_LH_Default_Temp_1	#cd3d4e
187	7Networks_LH_Default_Temp_2	#cd3d4f
188	7Networks_LH_Default_Temp_3	#cd3e48
189	7Networks_LH_Default_Temp_4	#cd3e49
190	7Networks_LH_Default_Temp_5	#cd3e4a
191	7Networks_LH_Default_Temp_6	#cd3e4b
192	7Networks_LH_Default_Temp_7	#cd3e4c
193	7Networks_LH_Default_Temp_8	#cd3e4d
194	7Networks_LH_Default_Temp_9	#cd3e4e
195	7Networks_LH_Default_Temp_10	#cd3e50
196	7Networks_LH_Default_Temp_11	#cd3e51
197	7Networks_LH_Default_Temp_12	#cd3e52
198	7Networks_LH_Default_Temp_13	#cd3e53
199	7Networks_LH_Default_Temp_14	#cd3e54
200	7Networks_LH_Default_Temp_15	#cd3e55
201	7Networks_LH_Default_Temp_16	#cd3e56
202	7Networks_LH_Default_Temp_17	#cd3f4f
203	7Networks_LH_Default_Temp_18	#cd3f50
204	7Networks_LH_Default_Temp_19	#cd3f51
205	7Networks_LH_Default_Temp_20	#cd3f52
206	7Networks_LH_Default_Temp_21	#cd3f53
207	7Networks_LH_Default_PFC_1	#cd3f47
208	7Networks_LH_Default_PFC_2	#cd3f48
209	7Networks_LH_Default_PFC_3	#cd3f49
210	7Networks_LH_Default_PFC_4	#cd3f4a
211	7Networks_LH_Default_PFC_5	#cd3f4b
212	7Networks_LH_Default_PFC_6	#cd3f4c
213	7Networks_LH_Default_PFC_7	#cd3f4d
214	7Networks_LH_Default_PFC_8	#cd3f54
215	7Networks_LH_Default_PFC_9	#cd3f55
216	7Networks_LH_Default_PFC_10	#cd404e
217	7Networks_LH_Default_PFC_11	#cd404f
218	7Networks_LH_Default_PFC_12	#cd4050
219	7Networks_LH_Default_PFC_13	#cd4051
220	7Networks_LH_Default_PFC_14	#cd4052
221	7Networks_LH_Default_PFC_15	#cd4053
222	7Networks_LH_Default_PFC_16	#cd4054
223	7Networks_LH_Default_PFC_17	#cd4055
224	7Networks_LH_Default_PFC_18	#cd414e
225	7Networks_LH_Default_PFC_19	#cd414f
226	7Networks_LH_Default_PFC_20	#cd4150
227	7Networks_LH_Default_PFC_21	#cd4151
228	7Networks_LH_Default_PFC_22	#cd4152
229	7Networks_LH_Default_PFC_23	#cd4153
230	7Networks_LH_Default_PFC_24	#cd4154
231	7Networks_LH_Default_PFC_25	#cd4155
232	7Networks_LH_Default_PFC_26	#cd424e
233	7Networks_LH_Default_PFC_27	#cd424f
234	7Networks_LH_Default_PFC_28	#cd4250
235	7Networks_LH_Default_PFC_29	#cd4251
236	7Networks_LH_Default_PFC_30	#cd4252
237	7Networks_LH_Default_PCC_1	#cd3f4e
238	7Networks_LH_Default_PCC_2	#cd3f56
239	7Networks_LH_Default_PCC_3	#cd4056
240	7Networks_LH_Default_PCC_4	#cd4156
241	7Networks_LH_Default_PCC_5	#cd4253
242	7Networks_LH_Default_PCC_6	#cd4254
243	7Networks_LH_Default_PCC_7	#cd4255
244	7Networks_LH_Default_PCC_8	#cd4256
245	7Networks_LH_Default_PCC_9	#cd434f
246	7Networks_LH_Default_PCC_10	#cd4350
247	7Networks_LH_Default_PCC_11	#cd4351
248	7Networks_LH_Default_PCC_12	#cd4352
249	7Networks_LH_Default_PHC_1	#ce3e4f
250	7Networks_LH_Default_PHC_2	#ce3e50
251	7Networks_RH_Vis_1	#781087
252	7Networks_RH_Vis_2	#781180
253	7Networks_RH_Vis_3	#781181
254	7Networks_RH_Vis_4	#781182
255	7Networks_RH_Vis_5	#781183
256	7Networks_RH_Vis_6	#781184
257	7Networks_RH_Vis_7	#781185
258	7Networks_RH_Vis_8	#781186
259	7Networks_RH_Vis_9	#781187
260	7Networks_RH_Vis_10	#781280
261	7Networks_RH_Vis_11	#781281
262	7Networks_RH_Vis_12	#781282
263	7Networks_RH_Vis_13	#781283
264	7Networks_RH_Vis_14	#781284
265	7Networks_RH_Vis_15	#781285
266	7Networks_RH_Vis_16	#781286
267	7Networks_RH_Vis_17	#781288
268	7Networks_RH_Vis_18	#781289
269	7Networks_RH_Vis_19	#78128a
270	7Networks_RH_Vis_20	#78128b
271	7Networks_RH_Vis_21	#78128c
272	7Networks_RH_Vis_22	#78128d
273	7Networks_RH_Vis_23	#78128e
274	7Networks_RH_Vis_24	#781387
275	7Networks_RH_Vis_25	#781388
276	7Networks_RH_Vis_26	#781389
277	7Networks_RH_Vis_27	#78138a
278	7Networks_RH_Vis_28	#78138b
279	7Networks_RH_Vis_29	#78138c
280	7Networks_RH_Vis_30	#78138d
281	7Networks_RH_Vis_31	#78138e
282	7Networks_RH_Vis_32	#781487
283	7Networks_RH_Vis_33	#781488
284	7Networks_RH_Vis_34	#781489
285	7Networks_RH_Vis_35	#78148a
286	7Networks_RH_SomMot_1	#4680ae
287	7Networks_RH_SomMot_2	#4680af
288	7Networks_RH_SomMot_3	#4680b0
289	7Networks_RH_SomMot_4	#4680b1
290	7Networks_RH_SomMot_5	#4680b2
291	7Networks_RH_SomMot_6	#4680b3
292	7Networks_RH_SomMot_7	#4680b4
293	7Networks_RH_SomMot_8	#4680b5
294	7Networks_RH_SomMot_9	#4681ae
295	7Networks_RH_SomMot_10	#4681af
296	7Networks_RH_SomMot_11	#4681b0
297	7Networks_RH_SomMot_12	#4681b1
298	7Networks_RH_SomMot_13	#4681b2
299	7Networks_RH_SomMot_14	#4681b3
300	7Networks_RH_SomMot_15	#4681b4
301	7Networks_RH_SomMot_16	#4681b5
302	7Networks_RH_SomMot_17	#4682ae
303	7Networks_RH_SomMot_18	#4682af
304	7Networks_RH_SomMot_19	#4682b0
305	7Networks_RH_SomMot_20	#4682b1
306	7Networks_RH_SomMot_21	#4682b2
307	7Networks_RH_SomMot_22	#4682b3
308	7Networks_RH_SomMot_23	#4682b4
309	7Networks_RH_SomMot_24	#4682b6
310	7Networks_RH_SomMot_25	#4682b7
311	7Networks_RH_SomMot_26	#4682b8
312	7Networks_RH_SomMot_27	#4682b9
313	7Networks_RH_SomMot_28	#4682ba
314	7Networks_RH_SomMot_29	#4682bb
315	7Networks_RH_SomMot_30	#4682bc
316	7Networks_RH_SomMot_31	#4683b5
317	7Networks_RH_SomMot_32	#4683b6
318	7Networks_RH_SomMot_33	#4683b7
319	7Networks_RH_SomMot_34	#4683b8
320	7Networks_RH_SomMot_35	#4683b9
321	7Networks_RH_SomMot_36	#4683ba
322	7Networks_RH_SomMot_37	#4683bb
323	7Networks_RH_SomMot_38	#4683bc
324	7Networks_RH_SomMot_39	#4684b5
325	7Networks_RH_SomMot_40	#4684b6
326	7Networks_RH_SomMot_41	#4684b7
327	7Networks_RH_SomMot_42	#4684b8
328	7Networks_RH_SomMot_43	#4684b9
329	7Networks_RH_SomMot_44	#4684ba
330	7Networks_RH_SomMot_45	#4684bb
331	7Networks_RH_SomMot_46	#4684bc
332	7Networks_RH_SomMot_47	#4685b5
333	7Networks_RH_SomMot_48	#4685b6
334	7Networks_RH_SomMot_49	#4685b7
335	7Networks_RH_DorsAttn_Post_1	#00760d
336	7Networks_RH_DorsAttn_Post_2	#00760e
337	7Networks_RH_DorsAttn_Post_3	#00760f
338	7Networks_RH_DorsAttn_Post_4	#007708
339	7Networks_RH_DorsAttn_Post_5	#007709
340	7Networks_RH_DorsAttn_Post_6	#00770a
341	7Networks_RH_DorsAttn_Post_7	#00770b
342	7Networks_RH_DorsAttn_Post_8	#00770c
343	7Networks_RH_DorsAttn_Post_9	#00770d
344	7Networks_RH_DorsAttn_Post_10	#00770e
345	7Networks_RH_DorsAttn_Post_11	#007710
346	7Networks_RH_DorsAttn_Post_12	#007711
347	7Networks_RH_DorsAttn_Post_13	#007712
348	7Networks_RH_DorsAttn_Post_14	#007713
349	7Networks_RH_DorsAttn_Post_15	#007714
350	7Networks_RH_DorsAttn_Post_16	#007715
351	7Networks_RH_DorsAttn_Post_17	#007716
352	7Networks_RH_DorsAttn_Post_18	#00780f
353	7Networks_RH_DorsAttn_Post_19	#007810
354	7Networks_RH_DorsAttn_Post_20	#007811
355	7Networks_RH_DorsAttn_Post_21	#007812
356	7Networks_RH_DorsAttn_Post_22	#007813
357	7Networks_RH_DorsAttn_Post_23	#007814
358	7Networks_RH_DorsAttn_Post_24	#007815
359	7Networks_RH_DorsAttn_FEF_1	#01760f
360	7Networks_RH_DorsAttn_FEF_2	#017610
361	7Networks_RH_DorsAttn_FEF_3	#017611
362	7Networks_RH_DorsAttn_FEF_4	#017612
363	7Networks_RH_DorsAttn_PrCv_1	#017613
364	7Networks_RH_DorsAttn_PrCv_2	#017614
365	7Networks_RH_DorsAttn_PrCv_3	#017615
366	7Networks_RH_SalVentAttn_TempOccPar_1	#c53af9
367	7Networks_RH_SalVentAttn_TempOccPar_2	#c53afa
368	7Networks_RH_SalVentAttn_TempOccPar_3	#c53afc
369	7Networks_RH_SalVentAttn_TempOccPar_4	#c53afd
370	7Networks_RH_SalVentAttn_TempOccPar_5	#c53afe
371	7Networks_RH_SalVentAttn_TempOccPar_6	#c53aff
372	7Networks_RH_SalVentAttn_TempOccPar_7	#c233fa
373	7Networks_RH_SalVentAttn_TempOccPar_8	#c233fb
374	7Networks_RH_SalVentAttn_PrC_1	#c53bfb
375	7Networks_RH_SalVentAttn_FrOper_1	#c53bf8
376	7Networks_RH_SalVentAttn_FrOper_2	#c53bf9
377	7Networks_RH_SalVentAttn_FrOper_3	#c53bfa
378	7Networks_RH_SalVentAttn_FrOper_4	#c53bfc
379	7Networks_RH_SalVentAttn_FrOper_5	#c53bfd
380	7Networks_RH_SalVentAttn_FrOper_6	#c53bfe
381	7Networks_RH_SalVentAttn_FrOper_7	#c53bff
382	7Networks_RH_SalVentAttn_FrOper_8	#c234fa
383	7Networks_RH_SalVentAttn_FrOper_9	#c234fb
384	7Networks_RH_SalVentAttn_PFCl_1	#c439fb
385	7Networks_RH_SalVentAttn_Med_1	#c439f4
386	7Networks_RH_SalVentAttn_Med_2	#c439f5
387	7Networks_RH_SalVentAttn_Med_3	#c439f6
388	7Networks_RH_SalVentAttn_Med_4	#c439f7
389	7Networks_RH_SalVentAttn_Med_5	#c439f8
390	7Networks_RH_SalVentAttn_Med_6	#c439fa
391	7Networks_RH_SalVentAttn_Med_7	#c439fc
392	7Networks_RH_SalVentAttn_Med_8	#c439fd
393	7Networks_RH_SalVentAttn_Med_9	#c439fe
394	7Networks_RH_SalVentAttn_Med_10	#c439ff
395	7Networks_RH_SalVentAttn_Med_11	#c43af9
396	7Networks_RH_SalVentAttn_Med_12	#c43afa
397	7Networks_RH_SalVentAttn_Med_13	#c43afb
398	7Networks_RH_Limbic_OFC_1	#dcf9a2
399	7Networks_RH_Limbic_OFC_2	#dcf9a3
400	7Networks_RH_Limbic_OFC_3	#dcf9a5
401	7Networks_RH_Limbic_OFC_4	#dcf9a6
402	7Networks_RH_Limbic_OFC_5	#dcf9a7
403	7Networks_RH_Limbic_OFC_6	#dcf9a8
404	7Networks_RH_Limbic_OFC_7	#dcf9a9
405	7Networks_RH_Limbic_TempPole_1	#dcf9a4
406	7Networks_RH_Limbic_TempPole_2	#dcf9aa
407	7Networks_RH_Limbic_TempPole_3	#dcf9ab
408	7Networks_RH_Limbic_TempPole_4	#dcf9ac
409	7Networks_RH_Limbic_TempPole_5	#dcfaa5
410	7Networks_RH_Limbic_TempPole_6	#dcfaa6
411	7Networks_RH_Limbic_TempPole_7	#dcfaa7
412	7Networks_RH_Limbic_TempPole_8	#dcfaa8
413	7Networks_RH_Limbic_TempPole_9	#dcfaa9
414	7Networks_RH_Limbic_TempPole_10	#dcfaaa
415	7Networks_RH_Cont_Par_1	#e69321
416	7Networks_RH_Cont_Par_2	#e69323
417	7Networks_RH_Cont_Par_3	#e69324
418	7Networks_RH_Cont_Par_4	#e69325
419	7Networks_RH_Cont_Par_5	#e69326
420	7Networks_RH_Cont_Par_6	#e69327
421	7Networks_RH_Cont_Temp_1	#e69322
422	7Networks_RH_Cont_Temp_2	#e69328
423	7Networks_RH_Cont_PFCv_1	#e59423
424	7Networks_RH_Cont_PFCl_1	#e59321
425	7Networks_RH_Cont_PFCl_2	#e5941a
426	7Networks_RH_Cont_PFCl_3	#e5941b
427	7Networks_RH_Cont_PFCl_4	#e5941c
428	7Networks_RH_Cont_PFCl_5	#e5941d
429	7Networks_RH_Cont_PFCl_6	#e5941e
430	7Networks_RH_Cont_PFCl_7	#e5941f
431	7Networks_RH_Cont_PFCl_8	#e59420
432	7Networks_RH_Cont_PFCl_9	#e59422
433	7Networks_RH_Cont_PFCl_10	#e59424
434	7Networks_RH_Cont_PFCl_11	#e59425
435	7Networks_RH_Cont_PFCl_12	#e59426
436	7Networks_RH_Cont_PFCl_13	#e59427
437	7Networks_RH_Cont_PFCl_14	#e59428
438	7Networks_RH_Cont_PFCl_15	#e59521
439	7Networks_RH_Cont_PFCl_16	#e59522
440	7Networks_RH_Cont_PFCl_17	#e59523
441	7Networks_RH_Cont_PFCl_18	#e59524
442	7Networks_RH_Cont_PFCl_19	#e59525
443	7Networks_RH_Cont_PFCl_20	#e59526
444	7Networks_RH_Cont_pCun_1	#e59323
445	7Networks_RH_Cont_pCun_2	#e59324
446	7Networks_RH_Cont_pCun_3	#e59325
447	7Networks_RH_Cont_Cing_1	#e59322
448	7Networks_RH_Cont_Cing_2	#e59326
449	7Networks_RH_Cont_Cing_3	#e59327
450	7Networks_RH_Cont_PFCmp_1	#e69425
451	7Networks_RH_Cont_PFCmp_2	#e69426
452	7Networks_RH_Cont_PFCmp_3	#e69427
453	7Networks_RH_Default_Par_1	#cd3e4b
454	7Networks_RH_Default_Par_2	#cd3e4c
455	7Networks_RH_Default_Par_3	#cd3e4e
456	7Networks_RH_Default_Par_4	#cd3e4f
457	7Networks_RH_Default_Par_5	#cd3e50
458	7Networks_RH_Default_Par_6	#cd3e51
459	7Networks_RH_Default_Par_7	#cd3e52
460	7Networks_RH_Default_Par_8	#cd3e53
461	7Networks_RH_Default_Temp_1	#cd3d4b
462	7Networks_RH_Default_Temp_2	#cd3d4c
463	7Networks_RH_Default_Temp_3	#cd3d4d
464	7Networks_RH_Default_Temp_4	#cd3d4f
465	7Networks_RH_Default_Temp_5	#cd3d50
466	7Networks_RH_Default_Temp_6	#cd3d51
467	7Networks_RH_Default_Temp_7	#cd3d52
468	7Networks_RH_Default_Temp_8	#cd3d53
469	7Networks_RH_Default_Temp_9	#cd3d54
470	7Networks_RH_Default_Temp_10	#cd3d55
471	7Networks_RH_Default_PFCv_1	#cd3d4e
472	7Networks_RH_Default_PFCv_2	#cd3e4d
473	7Networks_RH_Default_PFCv_3	#cd3e54
474	7Networks_RH_Default_PFCv_4	#cd3f4d
475	7Networks_RH_Default_PFCm_1	#cc3e48
476	7Networks_RH_Default_PFCm_2	#cc3e49
477	7Networks_RH_Default_PFCm_3	#cc3e4a
478	7Networks_RH_Default_PFCm_4	#cc3e4b
479	7Networks_RH_Default_PFCm_5	#cc3e4c
480	7Networks_RH_Default_PFCm_6	#cc3e4d
481	7Networks_RH_Default_PFCm_7	#cc3e4f
482	7Networks_RH_Default_PFCm_8	#cc3e50
483	7Networks_RH_Default_PFCm_9	#cc3e51
484	7Networks_RH_Default_PFCm_10	#cc3e52
485	7Networks_RH_Default_PFCm_11	#cc3e53
486	7Networks_RH_Default_PFCm_12	#cc3e54
487	7Networks_RH_Default_PFCm_13	#cc3e55
488	7Networks_RH_Default_PFCm_14	#cc3f4e
489	7Networks_RH_Default_PFCm_15	#cc3f4f
490	7Networks_RH_Default_PCC_1	#cc3e4e
491	7Networks_RH_Default_PCC_2	#cc3f4d
492	7Networks_RH_Default_PCC_3	#cc3f50
493	7Networks_RH_Default_PCC_4	#cc3f51
494	7Networks_RH_Default_PCC_5	#cc3f52
495	7Networks_RH_Default_PCC_6	#cc3f53
496	7Networks_RH_Default_PCC_7	#cc3f54
497	7Networks_RH_Default_PCC_8	#cc404d
498	7Networks_RH_Default_PCC_9	#cc404e
499	7Networks_RH_Default_PCC_10	#cc404f
500	7Networks_RH_Default_PCC_11	#cc4050
