index	name	color
1	17Networks_LH_VisCent_ExStr_1	#781180
2	17Networks_LH_VisCent_ExStr_2	#781181
3	17Networks_LH_VisCent_ExStr_3	#781182
4	17Networks_LH_VisCent_ExStr_4	#781183
5	17Networks_LH_VisCent_ExStr_5	#781184
6	17Networks_LH_VisCent_ExStr_6	#781185
7	17Networks_LH_VisCent_ExStr_7	#781186
8	17Networks_LH_VisCent_ExStr_8	#781187
9	17Networks_LH_VisCent_ExStr_9	#781280
10	17Networks_LH_VisCent_ExStr_10	#781281
11	17Networks_LH_VisCent_ExStr_11	#781282
12	17Networks_LH_VisCent_ExStr_12	#781283
13	17Networks_LH_VisCent_ExStr_13	#781284
14	17Networks_LH_VisCent_ExStr_14	#781285
15	17Networks_LH_VisCent_ExStr_15	#781286
16	17Networks_LH_VisCent_ExStr_16	#781288
17	17Networks_LH_VisCent_ExStr_17	#781289
18	17Networks_LH_VisCent_ExStr_18	#78128a
19	17Networks_LH_VisCent_ExStr_19	#78128b
20	17Networks_LH_VisCent_ExStr_20	#78128c
21	17Networks_LH_VisCent_ExStr_21	#78128d
22	17Networks_LH_VisCent_ExStr_22	#78128e
23	17Networks_LH_VisCent_ExStr_23	#781387
24	17Networks_LH_VisCent_ExStr_24	#781388
25	17Networks_LH_VisCent_ExStr_25	#781389
26	17Networks_LH_VisCent_ExStr_26	#78138a
27	17Networks_LH_VisCent_ExStr_27	#78138b
28	17Networks_LH_VisCent_ExStr_28	#78138c
29	17Networks_LH_VisCent_ExStr_29	#78138d
30	17Networks_LH_VisCent_ExStr_30	#78138e
31	17Networks_LH_VisCent_ExStr_31	#781487
32	17Networks_LH_VisCent_ExStr_32	#781488
33	17Networks_LH_VisCent_ExStr_33	#781489
34	17Networks_LH_VisCent_ExStr_34	#78148a
35	17Networks_LH_VisPeri_ExStrSup_1	#ff0000
36	17Networks_LH_VisPeri_ExStrSup_2	#ff0101
37	17Networks_LH_VisPeri_ExStrSup_3	#ff0102
38	17Networks_LH_VisPeri_ExStrSup_4	#ff0103
39	17Networks_LH_VisPeri_ExStrSup_5	#ff0104
40	17Networks_LH_VisPeri_ExStrSup_6	#ff0105
41	17Networks_LH_VisPeri_ExStrSup_7	#ff0106
42	17Networks_LH_VisPeri_ExStrSup_8	#ff0107
43	17Networks_LH_VisPeri_ExStrSup_9	#ff0200
44	17Networks_LH_VisPeri_ExStrSup_10	#ff0201
45	17Networks_LH_VisPeri_ExStrSup_11	#ff0202
46	17Networks_LH_VisPeri_ExStrSup_12	#ff0203
47	17Networks_LH_VisPeri_ExStrSup_13	#ff0204
48	17Networks_LH_VisPeri_ExStrSup_14	#ff0205
49	17Networks_LH_VisPeri_ExStrSup_15	#ff0206
50	17Networks_LH_VisPeri_ExStrSup_16	#ff0207
51	17Networks_LH_VisPeri_ExStrSup_17	#ff0300
52	17Networks_LH_VisPeri_ExStrSup_18	#ff0301
53	17Networks_LH_VisPeri_ExStrSup_19	#ff0302
54	17Networks_LH_VisPeri_ExStrSup_20	#ff0303
55	17Networks_LH_VisPeri_ExStrSup_21	#ff0304
56	17Networks_LH_VisPeri_ExStrSup_22	#ff0305
57	17Networks_LH_VisPeri_ExStrSup_23	#ff0306
58	17Networks_LH_VisPeri_ExStrSup_24	#ff0307
59	17Networks_LH_VisPeri_ExStrSup_25	#ff0400
60	17Networks_LH_VisPeri_ExStrSup_26	#ff0401
61	17Networks_LH_VisPeri_ExStrSup_27	#ff0402
62	17Networks_LH_VisPeri_ExStrSup_28	#ff0403
63	17Networks_LH_VisPeri_ExStrSup_29	#ff0404
64	17Networks_LH_VisPeri_ExStrSup_30	#ff0405
65	17Networks_LH_VisPeri_ExStrSup_31	#ff0406
66	17Networks_LH_VisPeri_ExStrSup_32	#ff0407
67	17Networks_LH_SomMotA_1	#4680b1
68	17Networks_LH_SomMotA_2	#4680b2
69	17Networks_LH_SomMotA_3	#4680b3
70	17Networks_LH_SomMotA_4	#4680b4
71	17Networks_LH_SomMotA_5	#4681ad
72	17Networks_LH_SomMotA_6	#4681ae
73	17Networks_LH_SomMotA_7	#4681af
74	17Networks_LH_SomMotA_8	#4681b0
75	17Networks_LH_SomMotA_9	#4681b1
76	17Networks_LH_SomMotA_10	#4681b2
77	17Networks_LH_SomMotA_11	#4681b3
78	17Networks_LH_SomMotA_12	#4681b4
79	17Networks_LH_SomMotA_13	#4682ad
80	17Networks_LH_SomMotA_14	#4682ae
81	17Networks_LH_SomMotA_15	#4682af
82	17Networks_LH_SomMotA_16	#4682b0
83	17Networks_LH_SomMotA_17	#4682b1
84	17Networks_LH_SomMotA_18	#4682b2
85	17Networks_LH_SomMotA_19	#4682b3
86	17Networks_LH_SomMotA_20	#4682b5
87	17Networks_LH_SomMotA_21	#4682b6
88	17Networks_LH_SomMotA_22	#4682b7
89	17Networks_LH_SomMotA_23	#4682b8
90	17Networks_LH_SomMotA_24	#4682b9
91	17Networks_LH_SomMotA_25	#4682ba
92	17Networks_LH_SomMotA_26	#4682bb
93	17Networks_LH_SomMotA_27	#4683b4
94	17Networks_LH_SomMotA_28	#4683b5
95	17Networks_LH_SomMotA_29	#4683b6
96	17Networks_LH_SomMotA_30	#4683b7
97	17Networks_LH_SomMotA_31	#4683b8
98	17Networks_LH_SomMotA_32	#4683b9
99	17Networks_LH_SomMotA_33	#4683ba
100	17Networks_LH_SomMotA_34	#4683bb
101	17Networks_LH_SomMotA_35	#4684b4
102	17Networks_LH_SomMotA_36	#4684b5
103	17Networks_LH_SomMotA_37	#4684b6
104	17Networks_LH_SomMotA_38	#4684b7
105	17Networks_LH_SomMotA_39	#4684b8
106	17Networks_LH_SomMotA_40	#4684b9
107	17Networks_LH_SomMotA_41	#4684ba
108	17Networks_LH_SomMotA_42	#4684bb
109	17Networks_LH_SomMotB_Aud_1	#2bcaa2
110	17Networks_LH_SomMotB_Aud_2	#2bcaa3
111	17Networks_LH_SomMotB_Aud_3	#2bcaa4
112	17Networks_LH_SomMotB_Aud_4	#2bcb9d
113	17Networks_LH_SomMotB_Aud_5	#2bcb9e
114	17Networks_LH_SomMotB_Aud_6	#2bcb9f
115	17Networks_LH_SomMotB_Aud_7	#2bcba0
116	17Networks_LH_SomMotB_Aud_8	#2bcba1
117	17Networks_LH_SomMotB_Aud_9	#2bcba2
118	17Networks_LH_SomMotB_Aud_10	#2bcba3
119	17Networks_LH_SomMotB_Aud_11	#2bcba4
120	17Networks_LH_SomMotB_Aud_12	#2bcc9d
121	17Networks_LH_SomMotB_Aud_13	#2bcc9e
122	17Networks_LH_SomMotB_Aud_14	#2bcc9f
123	17Networks_LH_SomMotB_Aud_15	#2bcca0
124	17Networks_LH_SomMotB_Aud_16	#2bcca1
125	17Networks_LH_SomMotB_Aud_17	#2bcca2
126	17Networks_LH_SomMotB_Aud_18	#2bcca3
127	17Networks_LH_SomMotB_Aud_19	#2bcca5
128	17Networks_LH_SomMotB_Aud_20	#2bcca6
129	17Networks_LH_SomMotB_Aud_21	#2bcca7
130	17Networks_LH_SomMotB_Aud_22	#2bcca8
131	17Networks_LH_SomMotB_Aud_23	#2bcca9
132	17Networks_LH_SomMotB_Aud_24	#2bccaa
133	17Networks_LH_SomMotB_Aud_25	#2bccab
134	17Networks_LH_SomMotB_Aud_26	#2bcda4
135	17Networks_LH_SomMotB_Aud_27	#2bcda5
136	17Networks_LH_SomMotB_Aud_28	#2bcda6
137	17Networks_LH_SomMotB_Aud_29	#2bcda7
138	17Networks_LH_SomMotB_Aud_30	#2bcda8
139	17Networks_LH_SomMotB_Aud_31	#2bcda9
140	17Networks_LH_SomMotB_Aud_32	#2bcdaa
141	17Networks_LH_SomMotB_Aud_33	#2bcdab
142	17Networks_LH_SomMotB_Aud_34	#2bcea4
143	17Networks_LH_SomMotB_Aud_35	#2bcea5
144	17Networks_LH_SomMotB_Aud_36	#2bcea6
145	17Networks_LH_SomMotB_Aud_37	#2bcea7
146	17Networks_LH_SomMotB_Aud_38	#2bcea8
147	17Networks_LH_SomMotB_Aud_39	#2bcea9
148	17Networks_LH_DorsAttnA_TempOcc_1	#4a9b39
149	17Networks_LH_DorsAttnA_TempOcc_2	#4a9b3a
150	17Networks_LH_DorsAttnA_TempOcc_3	#4a9b3b
151	17Networks_LH_DorsAttnA_TempOcc_4	#4a9b3d
152	17Networks_LH_DorsAttnA_TempOcc_5	#4a9b3e
153	17Networks_LH_DorsAttnA_TempOcc_6	#4a9b3f
154	17Networks_LH_DorsAttnA_TempOcc_7	#4a9b40
155	17Networks_LH_DorsAttnA_TempOcc_8	#4a9b41
156	17Networks_LH_DorsAttnA_TempOcc_9	#4a9b42
157	17Networks_LH_DorsAttnA_SPL_1	#4a9b3c
158	17Networks_LH_DorsAttnA_SPL_2	#4a9c35
159	17Networks_LH_DorsAttnA_SPL_3	#4a9c36
160	17Networks_LH_DorsAttnA_SPL_4	#4a9c37
161	17Networks_LH_DorsAttnA_SPL_5	#4a9c38
162	17Networks_LH_DorsAttnA_SPL_6	#4a9c39
163	17Networks_LH_DorsAttnA_SPL_7	#4a9c3a
164	17Networks_LH_DorsAttnA_SPL_8	#4a9c3b
165	17Networks_LH_DorsAttnA_SPL_9	#4a9c3d
166	17Networks_LH_DorsAttnA_SPL_10	#4a9c3e
167	17Networks_LH_DorsAttnA_SPL_11	#4a9c3f
168	17Networks_LH_DorsAttnA_SPL_12	#4a9c40
169	17Networks_LH_DorsAttnA_SPL_13	#4a9c41
170	17Networks_LH_DorsAttnA_SPL_14	#4a9c42
171	17Networks_LH_DorsAttnA_SPL_15	#4a9c43
172	17Networks_LH_DorsAttnA_SPL_16	#4a9d3c
173	17Networks_LH_DorsAttnA_SPL_17	#4a9d3d
174	17Networks_LH_DorsAttnA_SPL_18	#4a9d3e
175	17Networks_LH_DorsAttnA_SPL_19	#4a9d3f
176	17Networks_LH_DorsAttnA_SPL_20	#4a9d40
177	17Networks_LH_DorsAttnA_SPL_21	#4a9d41
178	17Networks_LH_DorsAttnA_SPL_22	#4a9d42
179	17Networks_LH_DorsAttnA_SPL_23	#4a9d43
180	17Networks_LH_DorsAttnA_SPL_24	#4a9e3c
181	17Networks_LH_DorsAttnA_SPL_25	#4a9e3d
182	17Networks_LH_DorsAttnB_TempOcc_1	#00760f
183	17Networks_LH_DorsAttnB_TempOcc_2	#007610
184	17Networks_LH_DorsAttnB_PostC_1	#007608
185	17Networks_LH_DorsAttnB_PostC_2	#007609
186	17Networks_LH_DorsAttnB_PostC_3	#00760a
187	17Networks_LH_DorsAttnB_PostC_4	#00760b
188	17Networks_LH_DorsAttnB_PostC_5	#00760c
189	17Networks_LH_DorsAttnB_PostC_6	#00760d
190	17Networks_LH_DorsAttnB_PostC_7	#00760e
191	17Networks_LH_DorsAttnB_PostC_8	#007611
192	17Networks_LH_DorsAttnB_PostC_9	#007612
193	17Networks_LH_DorsAttnB_PostC_10	#007613
194	17Networks_LH_DorsAttnB_PostC_11	#007614
195	17Networks_LH_DorsAttnB_PostC_12	#007615
196	17Networks_LH_DorsAttnB_PostC_13	#007616
197	17Networks_LH_DorsAttnB_PostC_14	#00770f
198	17Networks_LH_DorsAttnB_PostC_15	#007710
199	17Networks_LH_DorsAttnB_PostC_16	#007711
200	17Networks_LH_DorsAttnB_PostC_17	#007712
201	17Networks_LH_DorsAttnB_PostC_18	#007713
202	17Networks_LH_DorsAttnB_FEF_1	#00770c
203	17Networks_LH_DorsAttnB_FEF_2	#00770d
204	17Networks_LH_DorsAttnB_FEF_3	#007714
205	17Networks_LH_DorsAttnB_FEF_4	#007715
206	17Networks_LH_DorsAttnB_FEF_5	#00780e
207	17Networks_LH_DorsAttnB_FEF_6	#00780f
208	17Networks_LH_DorsAttnB_FEF_7	#007810
209	17Networks_LH_DorsAttnB_PrCv_1	#007716
210	17Networks_LH_DorsAttnB_PrCv_2	#007811
211	17Networks_LH_SalVentAttnA_ParOper_1	#c43af8
212	17Networks_LH_SalVentAttnA_ParOper_2	#c43af9
213	17Networks_LH_SalVentAttnA_ParOper_3	#c43afb
214	17Networks_LH_SalVentAttnA_ParOper_4	#c43afc
215	17Networks_LH_SalVentAttnA_ParOper_5	#c43afd
216	17Networks_LH_SalVentAttnA_ParOper_6	#c43afe
217	17Networks_LH_SalVentAttnA_ParOper_7	#c43aff
218	17Networks_LH_SalVentAttnA_Ins_1	#c43bf3
219	17Networks_LH_SalVentAttnA_Ins_2	#c43bf4
220	17Networks_LH_SalVentAttnA_Ins_3	#c43bf5
221	17Networks_LH_SalVentAttnA_Ins_4	#c43bf6
222	17Networks_LH_SalVentAttnA_Ins_5	#c43bf7
223	17Networks_LH_SalVentAttnA_Ins_6	#c43bf8
224	17Networks_LH_SalVentAttnA_Ins_7	#c43bf9
225	17Networks_LH_SalVentAttnA_Ins_8	#c43bfb
226	17Networks_LH_SalVentAttnA_Ins_9	#c43bfc
227	17Networks_LH_SalVentAttnA_Ins_10	#c43bfd
228	17Networks_LH_SalVentAttnA_Ins_11	#c43bfe
229	17Networks_LH_SalVentAttnA_Ins_12	#c43bff
230	17Networks_LH_SalVentAttnA_Ins_13	#c134fa
231	17Networks_LH_SalVentAttnA_Ins_14	#c135f3
232	17Networks_LH_SalVentAttnA_Ins_15	#c135f4
233	17Networks_LH_SalVentAttnA_Ins_16	#c135f5
234	17Networks_LH_SalVentAttnA_Ins_17	#c135f6
235	17Networks_LH_SalVentAttnA_Ins_18	#c135f7
236	17Networks_LH_SalVentAttnA_ParMed_1	#c43bfa
237	17Networks_LH_SalVentAttnA_ParMed_2	#c134f9
238	17Networks_LH_SalVentAttnA_ParMed_3	#c134fb
239	17Networks_LH_SalVentAttnA_ParMed_4	#c135f8
240	17Networks_LH_SalVentAttnA_ParMed_5	#c135f9
241	17Networks_LH_SalVentAttnA_ParMed_6	#c135fa
242	17Networks_LH_SalVentAttnA_ParMed_7	#c135fb
243	17Networks_LH_SalVentAttnA_ParMed_8	#c136f4
244	17Networks_LH_SalVentAttnA_FrMed_1	#c53af8
245	17Networks_LH_SalVentAttnA_FrMed_2	#c53af9
246	17Networks_LH_SalVentAttnA_FrMed_3	#c53afb
247	17Networks_LH_SalVentAttnA_FrMed_4	#c53afc
248	17Networks_LH_SalVentAttnA_FrMed_5	#c53afd
249	17Networks_LH_SalVentAttnA_FrMed_6	#c53afe
250	17Networks_LH_SalVentAttnA_FrMed_7	#c53aff
251	17Networks_LH_SalVentAttnB_IPL_1	#ff98d6
252	17Networks_LH_SalVentAttnB_IPL_2	#ff98d7
253	17Networks_LH_SalVentAttnB_PFCd_1	#ff98d8
254	17Networks_LH_SalVentAttnB_PFCl_1	#ff99d4
255	17Networks_LH_SalVentAttnB_PFCl_2	#ff99d6
256	17Networks_LH_SalVentAttnB_PFCl_3	#ff99d7
257	17Networks_LH_SalVentAttnB_PFCl_4	#ff99d8
258	17Networks_LH_SalVentAttnB_PFCl_5	#ff99d9
259	17Networks_LH_SalVentAttnB_PFCl_6	#ff99da
260	17Networks_LH_SalVentAttnB_PFCv_1	#ff99d5
261	17Networks_LH_SalVentAttnB_PFCv_2	#ff99db
262	17Networks_LH_SalVentAttnB_PFCv_3	#ff99dc
263	17Networks_LH_SalVentAttnB_PFCv_4	#ff99dd
264	17Networks_LH_SalVentAttnB_PFCv_5	#ff9ad6
265	17Networks_LH_SalVentAttnB_PFCv_6	#ff9ad7
266	17Networks_LH_SalVentAttnB_PFCv_7	#ff9ad8
267	17Networks_LH_SalVentAttnB_PFCv_8	#ff9ad9
268	17Networks_LH_SalVentAttnB_OFC_1	#ff98d5
269	17Networks_LH_SalVentAttnB_PFCmp_1	#ff97d6
270	17Networks_LH_SalVentAttnB_PFCmp_2	#ff97d7
271	17Networks_LH_SalVentAttnB_PFCmp_3	#ff97d8
272	17Networks_LH_SalVentAttnB_PFCmp_4	#ff97d9
273	17Networks_LH_Limbic_OFC_1	#7a872c
274	17Networks_LH_Limbic_OFC_2	#7a872d
275	17Networks_LH_Limbic_OFC_3	#7a872e
276	17Networks_LH_Limbic_OFC_4	#7a872f
277	17Networks_LH_Limbic_OFC_5	#7a8730
278	17Networks_LH_Limbic_OFC_6	#7a8731
279	17Networks_LH_Limbic_OFC_7	#7a8733
280	17Networks_LH_Limbic_OFC_8	#7a8734
281	17Networks_LH_Limbic_OFC_9	#7a8735
282	17Networks_LH_Limbic_OFC_10	#7a8736
283	17Networks_LH_Limbic_OFC_11	#7a8737
284	17Networks_LH_Limbic_OFC_12	#7a8738
285	17Networks_LH_Limbic_OFC_13	#7a8739
286	17Networks_LH_Limbic_OFC_14	#7a8832
287	17Networks_LH_Limbic_OFC_15	#7a8833
288	17Networks_LH_Limbic_OFC_16	#7a8834
289	17Networks_LH_Limbic_TempPole_1	#dcf89f
290	17Networks_LH_Limbic_TempPole_2	#dcf8a0
291	17Networks_LH_Limbic_TempPole_3	#dcf8a1
292	17Networks_LH_Limbic_TempPole_4	#dcf8a2
293	17Networks_LH_Limbic_TempPole_5	#dcf8a3
294	17Networks_LH_Limbic_TempPole_6	#dcf8a5
295	17Networks_LH_Limbic_TempPole_7	#dcf8a6
296	17Networks_LH_Limbic_TempPole_8	#dcf8a7
297	17Networks_LH_Limbic_TempPole_9	#dcf8a8
298	17Networks_LH_Limbic_TempPole_10	#dcf8a9
299	17Networks_LH_Limbic_TempPole_11	#dcf8aa
300	17Networks_LH_Limbic_TempPole_12	#dcf8ab
301	17Networks_LH_Limbic_TempPole_13	#dcf9a4
302	17Networks_LH_Limbic_TempPole_14	#dcf9a5
303	17Networks_LH_ContA_Temp_1	#e69423
304	17Networks_LH_ContA_Temp_2	#e69424
305	17Networks_LH_ContA_Temp_3	#e69425
306	17Networks_LH_ContA_IPS_1	#e69420
307	17Networks_LH_ContA_IPS_2	#e69421
308	17Networks_LH_ContA_IPS_3	#e69422
309	17Networks_LH_ContA_IPS_4	#e69426
310	17Networks_LH_ContA_IPS_5	#e69427
311	17Networks_LH_ContA_IPS_6	#e69428
312	17Networks_LH_ContA_IPS_7	#e69429
313	17Networks_LH_ContA_IPS_8	#e6942a
314	17Networks_LH_ContA_IPS_9	#e69523
315	17Networks_LH_ContA_IPS_10	#e69524
316	17Networks_LH_ContA_PFCd_1	#e69525
317	17Networks_LH_ContA_PFCd_2	#e69526
318	17Networks_LH_ContA_PFCl_1	#e6951e
319	17Networks_LH_ContA_PFCl_2	#e6951f
320	17Networks_LH_ContA_PFCl_3	#e69520
321	17Networks_LH_ContA_PFCl_4	#e69521
322	17Networks_LH_ContA_PFCl_5	#e69522
323	17Networks_LH_ContA_PFCl_6	#e69527
324	17Networks_LH_ContA_PFCl_7	#e69528
325	17Networks_LH_ContA_PFCl_8	#e69529
326	17Networks_LH_ContA_PFCl_9	#e6952a
327	17Networks_LH_ContA_PFCl_10	#e69623
328	17Networks_LH_ContA_PFCl_11	#e69624
329	17Networks_LH_ContA_PFCl_12	#e69625
330	17Networks_LH_ContA_PFCl_13	#e69626
331	17Networks_LH_ContA_PFCl_14	#e69627
332	17Networks_LH_ContA_Cinga_1	#e79424
333	17Networks_LH_ContA_Cinga_2	#e79425
334	17Networks_LH_ContB_Temp_1	#87324b
335	17Networks_LH_ContB_Temp_2	#87324c
336	17Networks_LH_ContB_Temp_3	#87324d
337	17Networks_LH_ContB_Temp_4	#87324e
338	17Networks_LH_ContB_IPL_1	#873249
339	17Networks_LH_ContB_IPL_2	#87324a
340	17Networks_LH_ContB_IPL_3	#87324f
341	17Networks_LH_ContB_IPL_4	#873250
342	17Networks_LH_ContB_IPL_5	#873251
343	17Networks_LH_ContB_IPL_6	#873252
344	17Networks_LH_ContB_IPL_7	#87334b
345	17Networks_LH_ContB_IPL_8	#87334c
346	17Networks_LH_ContB_PFCl_1	#87334a
347	17Networks_LH_ContB_PFCl_2	#87334d
348	17Networks_LH_ContB_PFCl_3	#87334e
349	17Networks_LH_ContB_PFCl_4	#87334f
350	17Networks_LH_ContB_PFCl_5	#873350
351	17Networks_LH_ContB_PFCl_6	#873351
352	17Networks_LH_ContB_PFClv_1	#883249
353	17Networks_LH_ContB_PFClv_2	#88324b
354	17Networks_LH_ContB_PFClv_3	#88324c
355	17Networks_LH_ContB_PFClv_4	#88324d
356	17Networks_LH_ContB_PFClv_5	#88324e
357	17Networks_LH_ContB_PFCmp_1	#88324f
358	17Networks_LH_ContB_PFCmp_2	#883250
359	17Networks_LH_ContC_pCun_1	#778cac
360	17Networks_LH_ContC_pCun_2	#778cad
361	17Networks_LH_ContC_pCun_3	#778cae
362	17Networks_LH_ContC_pCun_4	#778caf
363	17Networks_LH_ContC_pCun_5	#778cb1
364	17Networks_LH_ContC_pCun_6	#778cb2
365	17Networks_LH_ContC_pCun_7	#778cb3
366	17Networks_LH_ContC_pCun_8	#778cb4
367	17Networks_LH_ContC_pCun_9	#778cb5
368	17Networks_LH_ContC_pCun_10	#778cb6
369	17Networks_LH_ContC_pCun_11	#778cb7
370	17Networks_LH_ContC_Cingp_1	#778cb0
371	17Networks_LH_ContC_Cingp_2	#778cb8
372	17Networks_LH_ContC_Cingp_3	#778db1
373	17Networks_LH_ContC_Cingp_4	#778db2
374	17Networks_LH_ContC_Cingp_5	#778db3
375	17Networks_LH_ContC_Cingp_6	#778db4
376	17Networks_LH_ContC_Cingp_7	#778db5
377	17Networks_LH_ContC_Cingp_8	#778db6
378	17Networks_LH_DefaultA_IPL_1	#ffff01
379	17Networks_LH_DefaultA_IPL_2	#ffff02
380	17Networks_LH_DefaultA_IPL_3	#ffff03
381	17Networks_LH_DefaultA_IPL_4	#ffff04
382	17Networks_LH_DefaultA_IPL_5	#ffff05
383	17Networks_LH_DefaultA_IPL_6	#ffff06
384	17Networks_LH_DefaultA_IPL_7	#ffff07
385	17Networks_LH_DefaultA_PFCd_1	#ffff08
386	17Networks_LH_DefaultA_PFCd_2	#fcf900
387	17Networks_LH_DefaultA_PFCd_3	#fcf901
388	17Networks_LH_DefaultA_PFCd_4	#fcfa00
389	17Networks_LH_DefaultA_PCC_1	#fffd00
390	17Networks_LH_DefaultA_PCC_2	#fffe01
391	17Networks_LH_DefaultA_PCC_3	#fffe02
392	17Networks_LH_DefaultA_PCC_4	#fffe03
393	17Networks_LH_DefaultA_PCC_5	#fffe04
394	17Networks_LH_DefaultA_PCC_6	#fffe05
395	17Networks_LH_DefaultA_PCC_7	#fffe06
396	17Networks_LH_DefaultA_PCC_8	#fffe07
397	17Networks_LH_DefaultA_PCC_9	#ffff00
398	17Networks_LH_DefaultA_PCC_10	#fcfb00
399	17Networks_LH_DefaultA_PCC_11	#fcfc00
400	17Networks_LH_DefaultA_PCC_12	#fcfd00
401	17Networks_LH_DefaultA_PCC_13	#fcfe00
402	17Networks_LH_DefaultA_PCC_14	#fdf700
403	17Networks_LH_DefaultA_PCC_15	#fdf800
404	17Networks_LH_DefaultA_PCC_16	#fdf900
405	17Networks_LH_DefaultA_PCC_17	#fdfa00
406	17Networks_LH_DefaultA_PCC_18	#fdfb00
407	17Networks_LH_DefaultA_PCC_19	#fdfc00
408	17Networks_LH_DefaultA_PCC_20	#fdfd00
409	17Networks_LH_DefaultA_PCC_21	#fdfe00
410	17Networks_LH_DefaultA_PCC_22	#fef700
411	17Networks_LH_DefaultA_PFCm_1	#feff01
412	17Networks_LH_DefaultA_PFCm_2	#feff02
413	17Networks_LH_DefaultA_PFCm_3	#feff03
414	17Networks_LH_DefaultA_PFCm_4	#feff04
415	17Networks_LH_DefaultA_PFCm_5	#feff05
416	17Networks_LH_DefaultA_PFCm_6	#feff06
417	17Networks_LH_DefaultA_PFCm_7	#feff07
418	17Networks_LH_DefaultA_PFCm_8	#fbf900
419	17Networks_LH_DefaultA_PFCm_9	#fbfa00
420	17Networks_LH_DefaultA_PFCm_10	#fbfb00
421	17Networks_LH_DefaultA_PFCm_11	#fbfc00
422	17Networks_LH_DefaultA_PFCm_12	#fbfd00
423	17Networks_LH_DefaultB_Temp_1	#cd3e49
424	17Networks_LH_DefaultB_Temp_2	#cd3e4a
425	17Networks_LH_DefaultB_Temp_3	#cd3e4b
426	17Networks_LH_DefaultB_Temp_4	#cd3e4c
427	17Networks_LH_DefaultB_Temp_5	#cd3e4d
428	17Networks_LH_DefaultB_Temp_6	#cd3e4f
429	17Networks_LH_DefaultB_Temp_7	#cd3e50
430	17Networks_LH_DefaultB_Temp_8	#cd3e51
431	17Networks_LH_DefaultB_Temp_9	#cd3e52
432	17Networks_LH_DefaultB_Temp_10	#cd3e53
433	17Networks_LH_DefaultB_Temp_11	#cd3e54
434	17Networks_LH_DefaultB_Temp_12	#cd3e55
435	17Networks_LH_DefaultB_Temp_13	#cd3f4e
436	17Networks_LH_DefaultB_IPL_1	#cd3e4e
437	17Networks_LH_DefaultB_IPL_2	#cd3e56
438	17Networks_LH_DefaultB_IPL_3	#cd3f4f
439	17Networks_LH_DefaultB_IPL_4	#cd3f50
440	17Networks_LH_DefaultB_IPL_5	#cd3f51
441	17Networks_LH_DefaultB_IPL_6	#cd3f52
442	17Networks_LH_DefaultB_IPL_7	#cd3f53
443	17Networks_LH_DefaultB_IPL_8	#cd3f54
444	17Networks_LH_DefaultB_IPL_9	#cd3f55
445	17Networks_LH_DefaultB_PFCd_1	#cd3f4a
446	17Networks_LH_DefaultB_PFCd_2	#cd3f4b
447	17Networks_LH_DefaultB_PFCd_3	#cd3f4c
448	17Networks_LH_DefaultB_PFCd_4	#cd3f4d
449	17Networks_LH_DefaultB_PFCd_5	#cd404e
450	17Networks_LH_DefaultB_PFCd_6	#cd404f
451	17Networks_LH_DefaultB_PFCd_7	#cd4050
452	17Networks_LH_DefaultB_PFCd_8	#cd4051
453	17Networks_LH_DefaultB_PFCd_9	#cd4052
454	17Networks_LH_DefaultB_PFCd_10	#cd4053
455	17Networks_LH_DefaultB_PFCd_11	#cd4054
456	17Networks_LH_DefaultB_PFCd_12	#cd4055
457	17Networks_LH_DefaultB_PFCl_1	#cd3f56
458	17Networks_LH_DefaultB_PFCl_2	#cd4056
459	17Networks_LH_DefaultB_PFCv_1	#ce3e4b
460	17Networks_LH_DefaultB_PFCv_2	#ce3e4c
461	17Networks_LH_DefaultB_PFCv_3	#ce3e4d
462	17Networks_LH_DefaultB_PFCv_4	#ce3e4f
463	17Networks_LH_DefaultB_PFCv_5	#ce3e50
464	17Networks_LH_DefaultB_PFCv_6	#ce3e51
465	17Networks_LH_DefaultB_PFCv_7	#ce3e52
466	17Networks_LH_DefaultB_PFCv_8	#ce3e53
467	17Networks_LH_DefaultB_PFCv_9	#ce3e54
468	17Networks_LH_DefaultC_IPL_1	#000083
469	17Networks_LH_DefaultC_IPL_2	#000084
470	17Networks_LH_DefaultC_IPL_3	#000085
471	17Networks_LH_DefaultC_Rsp_1	#000081
472	17Networks_LH_DefaultC_Rsp_2	#000082
473	17Networks_LH_DefaultC_Rsp_3	#000086
474	17Networks_LH_DefaultC_Rsp_4	#000087
475	17Networks_LH_DefaultC_Rsp_5	#000088
476	17Networks_LH_DefaultC_Rsp_6	#000089
477	17Networks_LH_DefaultC_Rsp_7	#00008a
478	17Networks_LH_DefaultC_Rsp_8	#000183
479	17Networks_LH_DefaultC_PHC_1	#000181
480	17Networks_LH_DefaultC_PHC_2	#000184
481	17Networks_LH_DefaultC_PHC_3	#000185
482	17Networks_LH_DefaultC_PHC_4	#000186
483	17Networks_LH_DefaultC_PHC_5	#000187
484	17Networks_LH_DefaultC_PHC_6	#000188
485	17Networks_LH_TempPar_1	#0c30f9
486	17Networks_LH_TempPar_2	#0c30fa
487	17Networks_LH_TempPar_3	#0c30fb
488	17Networks_LH_TempPar_4	#0c30fc
489	17Networks_LH_TempPar_5	#0c30fd
490	17Networks_LH_TempPar_6	#0c30fe
491	17Networks_LH_TempPar_7	#0929f9
492	17Networks_LH_TempPar_8	#0929fa
493	17Networks_LH_TempPar_9	#0929fb
494	17Networks_LH_TempPar_10	#0929fc
495	17Networks_LH_TempPar_11	#0929fd
496	17Networks_LH_TempPar_12	#0929fe
497	17Networks_LH_TempPar_13	#0929ff
498	17Networks_LH_TempPar_14	#092af8
499	17Networks_LH_TempPar_15	#092af9
500	17Networks_LH_TempPar_16	#092afa
501	17Networks_RH_VisCent_ExStr_1	#7c1185
502	17Networks_RH_VisCent_ExStr_2	#7c1186
503	17Networks_RH_VisCent_ExStr_3	#7c1187
504	17Networks_RH_VisCent_ExStr_4	#7c1280
505	17Networks_RH_VisCent_ExStr_5	#7c1281
506	17Networks_RH_VisCent_ExStr_6	#7c1282
507	17Networks_RH_VisCent_ExStr_7	#7c1283
508	17Networks_RH_VisCent_ExStr_8	#7c1284
509	17Networks_RH_VisCent_ExStr_9	#7c1285
510	17Networks_RH_VisCent_ExStr_10	#7c1286
511	17Networks_RH_VisCent_ExStr_11	#7c1287
512	17Networks_RH_VisCent_ExStr_12	#7c1380
513	17Networks_RH_VisCent_ExStr_13	#7c1381
514	17Networks_RH_VisCent_ExStr_14	#7c1382
515	17Networks_RH_VisCent_ExStr_15	#7c1383
516	17Networks_RH_VisCent_ExStr_16	#7c1384
517	17Networks_RH_VisCent_ExStr_17	#7c1385
518	17Networks_RH_VisCent_ExStr_18	#7c1386
519	17Networks_RH_VisCent_ExStr_19	#7c1388
520	17Networks_RH_VisCent_ExStr_20	#7c1389
521	17Networks_RH_VisCent_ExStr_21	#7c138a
522	17Networks_RH_VisCent_ExStr_22	#7c138b
523	17Networks_RH_VisCent_ExStr_23	#7c138c
524	17Networks_RH_VisCent_ExStr_24	#7c138d
525	17Networks_RH_VisCent_ExStr_25	#7c138e
526	17Networks_RH_VisCent_ExStr_26	#7c1487
527	17Networks_RH_VisCent_ExStr_27	#7c1488
528	17Networks_RH_VisCent_ExStr_28	#7c1489
529	17Networks_RH_VisCent_ExStr_29	#7c148a
530	17Networks_RH_VisCent_ExStr_30	#7c148b
531	17Networks_RH_VisCent_ExStr_31	#7c148c
532	17Networks_RH_VisCent_ExStr_32	#7c148d
533	17Networks_RH_VisCent_ExStr_33	#7c148e
534	17Networks_RH_VisCent_ExStr_34	#7c1587
535	17Networks_RH_VisCent_ExStr_35	#7c1588
536	17Networks_RH_VisCent_ExStr_36	#7c1589
537	17Networks_RH_VisCent_ExStr_37	#7c158a
538	17Networks_RH_VisCent_ExStr_38	#7c158b
539	17Networks_RH_VisCent_ExStr_39	#7c158c
540	17Networks_RH_VisPeri_ExStrSup_1	#fa0000
541	17Networks_RH_VisPeri_ExStrSup_2	#fa0002
542	17Networks_RH_VisPeri_ExStrSup_3	#fa0003
543	17Networks_RH_VisPeri_ExStrSup_4	#fa0004
544	17Networks_RH_VisPeri_ExStrSup_5	#fa0005
545	17Networks_RH_VisPeri_ExStrSup_6	#fa0006
546	17Networks_RH_VisPeri_ExStrSup_7	#fa0007
547	17Networks_RH_VisPeri_ExStrSup_8	#fa0008
548	17Networks_RH_VisPeri_ExStrSup_9	#fa0101
549	17Networks_RH_VisPeri_ExStrSup_10	#fa0102
550	17Networks_RH_VisPeri_ExStrSup_11	#fa0103
551	17Networks_RH_VisPeri_ExStrSup_12	#fa0104
552	17Networks_RH_VisPeri_ExStrSup_13	#fa0105
553	17Networks_RH_VisPeri_ExStrSup_14	#fa0106
554	17Networks_RH_VisPeri_ExStrSup_15	#fa0107
555	17Networks_RH_VisPeri_ExStrSup_16	#fa0108
556	17Networks_RH_VisPeri_ExStrSup_17	#fa0201
557	17Networks_RH_VisPeri_ExStrSup_18	#fa0202
558	17Networks_RH_VisPeri_ExStrSup_19	#fa0203
559	17Networks_RH_VisPeri_ExStrSup_20	#fa0204
560	17Networks_RH_VisPeri_ExStrSup_21	#fa0205
561	17Networks_RH_VisPeri_ExStrSup_22	#fa0206
562	17Networks_RH_VisPeri_ExStrSup_23	#fa0207
563	17Networks_RH_VisPeri_ExStrSup_24	#fa0208
564	17Networks_RH_VisPeri_ExStrSup_25	#fa0301
565	17Networks_RH_VisPeri_ExStrSup_26	#fa0302
566	17Networks_RH_VisPeri_ExStrSup_27	#fa0303
567	17Networks_RH_VisPeri_ExStrSup_28	#fa0304
568	17Networks_RH_VisPeri_ExStrSup_29	#fa0305
569	17Networks_RH_SomMotA_1	#4a81af
570	17Networks_RH_SomMotA_2	#4a81b0
571	17Networks_RH_SomMotA_3	#4a81b1
572	17Networks_RH_SomMotA_4	#4a81b2
573	17Networks_RH_SomMotA_5	#4a81b3
574	17Networks_RH_SomMotA_6	#4a81b4
575	17Networks_RH_SomMotA_7	#4a81b5
576	17Networks_RH_SomMotA_8	#4a82ae
577	17Networks_RH_SomMotA_9	#4a82af
578	17Networks_RH_SomMotA_10	#4a82b0
579	17Networks_RH_SomMotA_11	#4a82b1
580	17Networks_RH_SomMotA_12	#4a82b2
581	17Networks_RH_SomMotA_13	#4a82b3
582	17Networks_RH_SomMotA_14	#4a82b4
583	17Networks_RH_SomMotA_15	#4a82b5
584	17Networks_RH_SomMotA_16	#4a83ae
585	17Networks_RH_SomMotA_17	#4a83af
586	17Networks_RH_SomMotA_18	#4a83b0
587	17Networks_RH_SomMotA_19	#4a83b1
588	17Networks_RH_SomMotA_20	#4a83b2
589	17Networks_RH_SomMotA_21	#4a83b3
590	17Networks_RH_SomMotA_22	#4a83b4
591	17Networks_RH_SomMotA_23	#4a83b6
592	17Networks_RH_SomMotA_24	#4a83b7
593	17Networks_RH_SomMotA_25	#4a83b8
594	17Networks_RH_SomMotA_26	#4a83b9
595	17Networks_RH_SomMotA_27	#4a83ba
596	17Networks_RH_SomMotA_28	#4a83bb
597	17Networks_RH_SomMotA_29	#4a83bc
598	17Networks_RH_SomMotA_30	#4a84b5
599	17Networks_RH_SomMotA_31	#4a84b6
600	17Networks_RH_SomMotA_32	#4a84b7
601	17Networks_RH_SomMotA_33	#4a84b8
602	17Networks_RH_SomMotA_34	#4a84b9
603	17Networks_RH_SomMotA_35	#4a84ba
604	17Networks_RH_SomMotA_36	#4a84bb
605	17Networks_RH_SomMotA_37	#4a84bc
606	17Networks_RH_SomMotA_38	#4a85b5
607	17Networks_RH_SomMotA_39	#4a85b6
608	17Networks_RH_SomMotA_40	#4a85b7
609	17Networks_RH_SomMotA_41	#4a85b8
610	17Networks_RH_SomMotA_42	#4a85b9
611	17Networks_RH_SomMotA_43	#4a85ba
612	17Networks_RH_SomMotA_44	#4a85bb
613	17Networks_RH_SomMotA_45	#4a85bc
614	17Networks_RH_SomMotA_46	#4a86b5
615	17Networks_RH_SomMotA_47	#4a86b6
616	17Networks_RH_SomMotA_48	#4a86b7
617	17Networks_RH_SomMotB_S2_1	#2fcba1
618	17Networks_RH_SomMotB_S2_2	#2fcba2
619	17Networks_RH_SomMotB_S2_3	#2fcba3
620	17Networks_RH_SomMotB_S2_4	#2fcba4
621	17Networks_RH_SomMotB_S2_5	#2fcc9d
622	17Networks_RH_SomMotB_S2_6	#2fcc9e
623	17Networks_RH_SomMotB_S2_7	#2fcc9f
624	17Networks_RH_SomMotB_S2_8	#2fcca0
625	17Networks_RH_SomMotB_S2_9	#2fcca1
626	17Networks_RH_SomMotB_S2_10	#2fcca2
627	17Networks_RH_SomMotB_S2_11	#2fcca3
628	17Networks_RH_SomMotB_S2_12	#2fcca4
629	17Networks_RH_SomMotB_S2_13	#2fcd9d
630	17Networks_RH_SomMotB_S2_14	#2fcd9e
631	17Networks_RH_SomMotB_S2_15	#2fcd9f
632	17Networks_RH_SomMotB_S2_16	#2fcda0
633	17Networks_RH_SomMotB_S2_17	#2fcda1
634	17Networks_RH_SomMotB_S2_18	#2fcda2
635	17Networks_RH_SomMotB_S2_19	#2fcda3
636	17Networks_RH_SomMotB_S2_20	#2fcda5
637	17Networks_RH_SomMotB_S2_21	#2fcda6
638	17Networks_RH_SomMotB_S2_22	#2fcda7
639	17Networks_RH_SomMotB_S2_23	#2fcda8
640	17Networks_RH_SomMotB_S2_24	#2fcda9
641	17Networks_RH_SomMotB_S2_25	#2fcdaa
642	17Networks_RH_SomMotB_S2_26	#2fcdab
643	17Networks_RH_SomMotB_S2_27	#2fcea4
644	17Networks_RH_SomMotB_S2_28	#2fcea5
645	17Networks_RH_SomMotB_S2_29	#2fcea6
646	17Networks_RH_SomMotB_S2_30	#2fcea7
647	17Networks_RH_SomMotB_S2_31	#2fcea8
648	17Networks_RH_SomMotB_S2_32	#2fcea9
649	17Networks_RH_SomMotB_S2_33	#2fceaa
650	17Networks_RH_SomMotB_S2_34	#2fceab
651	17Networks_RH_SomMotB_S2_35	#2fcfa4
652	17Networks_RH_SomMotB_S2_36	#2fcfa5
653	17Networks_RH_SomMotB_S2_37	#2fcfa6
654	17Networks_RH_SomMotB_S2_38	#2fcfa7
655	17Networks_RH_SomMotB_S2_39	#2fcfa8
656	17Networks_RH_SomMotB_S2_40	#2fcfa9
657	17Networks_RH_SomMotB_S2_41	#2fcfaa
658	17Networks_RH_SomMotB_S2_42	#2fcfab
659	17Networks_RH_DorsAttnA_SPL_1	#4f9a36
660	17Networks_RH_DorsAttnA_SPL_2	#4f9a37
661	17Networks_RH_DorsAttnA_SPL_3	#4f9a38
662	17Networks_RH_DorsAttnA_SPL_4	#4f9a39
663	17Networks_RH_DorsAttnA_SPL_5	#4f9a3a
664	17Networks_RH_DorsAttnA_SPL_6	#4f9a3b
665	17Networks_RH_DorsAttnA_SPL_7	#4f9a3c
666	17Networks_RH_DorsAttnA_SPL_8	#4f9a3d
667	17Networks_RH_DorsAttnA_SPL_9	#4f9b36
668	17Networks_RH_DorsAttnA_SPL_10	#4f9b37
669	17Networks_RH_DorsAttnA_SPL_11	#4f9b38
670	17Networks_RH_DorsAttnA_SPL_12	#4f9b39
671	17Networks_RH_DorsAttnA_SPL_13	#4f9b3a
672	17Networks_RH_DorsAttnA_SPL_14	#4f9b3b
673	17Networks_RH_DorsAttnA_SPL_15	#4f9b3c
674	17Networks_RH_DorsAttnA_SPL_16	#4f9b3e
675	17Networks_RH_DorsAttnA_SPL_17	#4f9b3f
676	17Networks_RH_DorsAttnA_SPL_18	#4f9b40
677	17Networks_RH_DorsAttnA_SPL_19	#4f9b41
678	17Networks_RH_DorsAttnA_SPL_20	#4f9b42
679	17Networks_RH_DorsAttnA_SPL_21	#4f9b43
680	17Networks_RH_DorsAttnA_SPL_22	#4f9b44
681	17Networks_RH_DorsAttnA_SPL_23	#4f9c3d
682	17Networks_RH_DorsAttnA_SPL_24	#4f9c3e
683	17Networks_RH_DorsAttnA_SPL_25	#4f9c3f
684	17Networks_RH_DorsAttnA_SPL_26	#4f9c40
685	17Networks_RH_DorsAttnA_SPL_27	#4f9c41
686	17Networks_RH_DorsAttnA_SPL_28	#4f9c42
687	17Networks_RH_DorsAttnA_SPL_29	#4f9c43
688	17Networks_RH_DorsAttnA_SPL_30	#4f9c44
689	17Networks_RH_DorsAttnA_SPL_31	#4f9d3d
690	17Networks_RH_DorsAttnA_SPL_32	#4f9d3e
691	17Networks_RH_DorsAttnA_SPL_33	#4f9d3f
692	17Networks_RH_DorsAttnA_SPL_34	#4f9d40
693	17Networks_RH_DorsAttnB_TempOcc_1	#05760f
694	17Networks_RH_DorsAttnB_TempOcc_2	#057610
695	17Networks_RH_DorsAttnB_PostC_1	#05750f
696	17Networks_RH_DorsAttnB_PostC_2	#057608
697	17Networks_RH_DorsAttnB_PostC_3	#057609
698	17Networks_RH_DorsAttnB_PostC_4	#05760a
699	17Networks_RH_DorsAttnB_PostC_5	#05760b
700	17Networks_RH_DorsAttnB_PostC_6	#05760c
701	17Networks_RH_DorsAttnB_PostC_7	#05760d
702	17Networks_RH_DorsAttnB_PostC_8	#05760e
703	17Networks_RH_DorsAttnB_PostC_9	#057611
704	17Networks_RH_DorsAttnB_PostC_10	#057612
705	17Networks_RH_DorsAttnB_PostC_11	#057613
706	17Networks_RH_DorsAttnB_PostC_12	#057614
707	17Networks_RH_DorsAttnB_PostC_13	#057615
708	17Networks_RH_DorsAttnB_PostC_14	#057616
709	17Networks_RH_DorsAttnB_PostC_15	#05770f
710	17Networks_RH_DorsAttnB_PostC_16	#057710
711	17Networks_RH_DorsAttnB_PostC_17	#057711
712	17Networks_RH_DorsAttnB_PostC_18	#057712
713	17Networks_RH_DorsAttnB_PostC_19	#057713
714	17Networks_RH_DorsAttnB_PostC_20	#057714
715	17Networks_RH_DorsAttnB_FEF_1	#05770d
716	17Networks_RH_DorsAttnB_FEF_2	#057715
717	17Networks_RH_DorsAttnB_FEF_3	#05780e
718	17Networks_RH_DorsAttnB_FEF_4	#05780f
719	17Networks_RH_DorsAttnB_FEF_5	#057810
720	17Networks_RH_DorsAttnB_FEF_6	#057811
721	17Networks_RH_DorsAttnB_PrCv_1	#057716
722	17Networks_RH_SalVentAttnA_ParOper_1	#c83af6
723	17Networks_RH_SalVentAttnA_ParOper_2	#c83af7
724	17Networks_RH_SalVentAttnA_ParOper_3	#c83af8
725	17Networks_RH_SalVentAttnA_ParOper_4	#c83afa
726	17Networks_RH_SalVentAttnA_ParOper_5	#c83afb
727	17Networks_RH_SalVentAttnA_ParOper_6	#c83afc
728	17Networks_RH_SalVentAttnA_ParOper_7	#c83afd
729	17Networks_RH_SalVentAttnA_ParOper_8	#c83afe
730	17Networks_RH_SalVentAttnA_ParOper_9	#c83aff
731	17Networks_RH_SalVentAttnA_ParOper_10	#c83bf9
732	17Networks_RH_SalVentAttnA_PrC_1	#c839fb
733	17Networks_RH_SalVentAttnA_PrC_2	#c839fc
734	17Networks_RH_SalVentAttnA_Ins_1	#c73af3
735	17Networks_RH_SalVentAttnA_Ins_2	#c73af4
736	17Networks_RH_SalVentAttnA_Ins_3	#c73af5
737	17Networks_RH_SalVentAttnA_Ins_4	#c73af6
738	17Networks_RH_SalVentAttnA_Ins_5	#c73af7
739	17Networks_RH_SalVentAttnA_Ins_6	#c73af8
740	17Networks_RH_SalVentAttnA_Ins_7	#c73af9
741	17Networks_RH_SalVentAttnA_Ins_8	#c73afb
742	17Networks_RH_SalVentAttnA_Ins_9	#c73afc
743	17Networks_RH_SalVentAttnA_Ins_10	#c73afd
744	17Networks_RH_SalVentAttnA_Ins_11	#c73afe
745	17Networks_RH_SalVentAttnA_Ins_12	#c73aff
746	17Networks_RH_SalVentAttnA_Ins_13	#c433fa
747	17Networks_RH_SalVentAttnA_Ins_14	#c434f3
748	17Networks_RH_SalVentAttnA_Ins_15	#c434f4
749	17Networks_RH_SalVentAttnA_Ins_16	#c434f5
750	17Networks_RH_SalVentAttnA_Ins_17	#c434f6
751	17Networks_RH_SalVentAttnA_FrMed_1	#c738f9
752	17Networks_RH_SalVentAttnA_FrMed_2	#c738fa
753	17Networks_RH_SalVentAttnA_FrMed_3	#c739f3
754	17Networks_RH_SalVentAttnA_FrMed_4	#c739f4
755	17Networks_RH_SalVentAttnA_FrMed_5	#c739f5
756	17Networks_RH_SalVentAttnA_FrMed_6	#c739f6
757	17Networks_RH_SalVentAttnA_FrMed_7	#c739f7
758	17Networks_RH_SalVentAttnA_FrMed_8	#c739f8
759	17Networks_RH_SalVentAttnA_FrMed_9	#c739f9
760	17Networks_RH_SalVentAttnA_FrMed_10	#c739fb
761	17Networks_RH_SalVentAttnA_FrMed_11	#c739fc
762	17Networks_RH_SalVentAttnA_FrMed_12	#c739fd
763	17Networks_RH_SalVentAttnA_FrMed_13	#c739fe
764	17Networks_RH_SalVentAttnA_FrMed_14	#c739ff
765	17Networks_RH_SalVentAttnA_FrMed_15	#c432fa
766	17Networks_RH_SalVentAttnA_FrMed_16	#c433f3
767	17Networks_RH_SalVentAttnA_FrMed_17	#c433f4
768	17Networks_RH_SalVentAttnA_FrMed_18	#c433f5
769	17Networks_RH_SalVentAttnA_FrMed_19	#c433f6
770	17Networks_RH_SalVentAttnA_FrMed_20	#c433f7
771	17Networks_RH_SalVentAttnA_FrMed_21	#c433f8
772	17Networks_RH_SalVentAttnB_IPL_1	#fa98d6
773	17Networks_RH_SalVentAttnB_IPL_2	#fa98d7
774	17Networks_RH_SalVentAttnB_IPL_3	#fa98d8
775	17Networks_RH_SalVentAttnB_PFCl_1	#fa97d3
776	17Networks_RH_SalVentAttnB_PFCl_2	#fa97d4
777	17Networks_RH_SalVentAttnB_PFCl_3	#fa97d6
778	17Networks_RH_SalVentAttnB_PFCl_4	#fa97d7
779	17Networks_RH_SalVentAttnB_PFCl_5	#fa97d8
780	17Networks_RH_SalVentAttnB_PFCl_6	#fa97d9
781	17Networks_RH_SalVentAttnB_PFCl_7	#fa97da
782	17Networks_RH_SalVentAttnB_PFCl_8	#fa97db
783	17Networks_RH_SalVentAttnB_PFCv_1	#fa98d3
784	17Networks_RH_SalVentAttnB_PFCv_2	#fa98d4
785	17Networks_RH_SalVentAttnB_PFCv_3	#fa98d5
786	17Networks_RH_SalVentAttnB_PFCv_4	#fa98d9
787	17Networks_RH_SalVentAttnB_PFCv_5	#fa98da
788	17Networks_RH_SalVentAttnB_PFCv_6	#fa98db
789	17Networks_RH_SalVentAttnB_PFCv_7	#fa98dc
790	17Networks_RH_SalVentAttnB_PFCv_8	#fa98dd
791	17Networks_RH_SalVentAttnB_PFCv_9	#fa99d6
792	17Networks_RH_SalVentAttnB_PFCmp_1	#fa99d4
793	17Networks_RH_SalVentAttnB_PFCmp_2	#fa99d7
794	17Networks_RH_SalVentAttnB_PFCmp_3	#fa99d8
795	17Networks_RH_SalVentAttnB_PFCmp_4	#fa99d9
796	17Networks_RH_SalVentAttnB_PFCmp_5	#fa99da
797	17Networks_RH_SalVentAttnB_PFCmp_6	#fa99db
798	17Networks_RH_Limbic_OFC_1	#7e872d
799	17Networks_RH_Limbic_OFC_2	#7e872e
800	17Networks_RH_Limbic_OFC_3	#7e872f
801	17Networks_RH_Limbic_OFC_4	#7e8730
802	17Networks_RH_Limbic_OFC_5	#7e8731
803	17Networks_RH_Limbic_OFC_6	#7e8732
804	17Networks_RH_Limbic_OFC_7	#7e8734
805	17Networks_RH_Limbic_OFC_8	#7e8735
806	17Networks_RH_Limbic_OFC_9	#7e8736
807	17Networks_RH_Limbic_OFC_10	#7e8737
808	17Networks_RH_Limbic_OFC_11	#7e8738
809	17Networks_RH_Limbic_OFC_12	#7e8739
810	17Networks_RH_Limbic_OFC_13	#7e873a
811	17Networks_RH_Limbic_OFC_14	#7e8833
812	17Networks_RH_Limbic_OFC_15	#7e8834
813	17Networks_RH_Limbic_OFC_16	#7e8835
814	17Networks_RH_Limbic_TempPole_1	#e0f89f
815	17Networks_RH_Limbic_TempPole_2	#e0f8a0
816	17Networks_RH_Limbic_TempPole_3	#e0f8a1
817	17Networks_RH_Limbic_TempPole_4	#e0f8a2
818	17Networks_RH_Limbic_TempPole_5	#e0f8a3
819	17Networks_RH_Limbic_TempPole_6	#e0f8a4
820	17Networks_RH_Limbic_TempPole_7	#e0f8a6
821	17Networks_RH_Limbic_TempPole_8	#e0f8a7
822	17Networks_RH_Limbic_TempPole_9	#e0f8a8
823	17Networks_RH_Limbic_TempPole_10	#e0f8a9
824	17Networks_RH_Limbic_TempPole_11	#e0f8aa
825	17Networks_RH_Limbic_TempPole_12	#e0f8ab
826	17Networks_RH_Limbic_TempPole_13	#e0f8ac
827	17Networks_RH_Limbic_TempPole_14	#e0f9a5
828	17Networks_RH_Limbic_TempPole_15	#e0f9a6
829	17Networks_RH_ContA_Temp_1	#ea9422
830	17Networks_RH_ContA_Temp_2	#ea9423
831	17Networks_RH_ContA_IPS_1	#ea931e
832	17Networks_RH_ContA_IPS_2	#ea931f
833	17Networks_RH_ContA_IPS_3	#ea9320
834	17Networks_RH_ContA_IPS_4	#ea9321
835	17Networks_RH_ContA_IPS_5	#ea9323
836	17Networks_RH_ContA_IPS_6	#ea9324
837	17Networks_RH_ContA_IPS_7	#ea9325
838	17Networks_RH_ContA_IPS_8	#ea9326
839	17Networks_RH_ContA_IPS_9	#ea9327
840	17Networks_RH_ContA_IPS_10	#ea9328
841	17Networks_RH_ContA_IPS_11	#ea9329
842	17Networks_RH_ContA_IPS_12	#ea9424
843	17Networks_RH_ContA_PFCd_1	#ea9322
844	17Networks_RH_ContA_PFCl_1	#e9941e
845	17Networks_RH_ContA_PFCl_2	#e9941f
846	17Networks_RH_ContA_PFCl_3	#e99420
847	17Networks_RH_ContA_PFCl_4	#e99421
848	17Networks_RH_ContA_PFCl_5	#e99423
849	17Networks_RH_ContA_PFCl_6	#e99424
850	17Networks_RH_ContA_PFCl_7	#e99425
851	17Networks_RH_ContA_PFCl_8	#e99426
852	17Networks_RH_ContA_PFCl_9	#e99427
853	17Networks_RH_ContA_PFCl_10	#e99428
854	17Networks_RH_ContA_PFCl_11	#e99429
855	17Networks_RH_ContA_Cinga_1	#e99422
856	17Networks_RH_ContA_Cinga_2	#e99521
857	17Networks_RH_ContB_Temp_1	#8c334a
858	17Networks_RH_ContB_Temp_2	#8c334c
859	17Networks_RH_ContB_Temp_3	#8c334d
860	17Networks_RH_ContB_Temp_4	#8c334e
861	17Networks_RH_ContB_Temp_5	#8c334f
862	17Networks_RH_ContB_IPL_1	#8b3245
863	17Networks_RH_ContB_IPL_2	#8b3246
864	17Networks_RH_ContB_IPL_3	#8b3247
865	17Networks_RH_ContB_IPL_4	#8b3248
866	17Networks_RH_ContB_IPL_5	#8b324a
867	17Networks_RH_ContB_IPL_6	#8b324b
868	17Networks_RH_ContB_IPL_7	#8b324c
869	17Networks_RH_ContB_IPL_8	#8b324d
870	17Networks_RH_ContB_IPL_9	#8b324e
871	17Networks_RH_ContB_IPL_10	#8b324f
872	17Networks_RH_ContB_IPL_11	#8b3250
873	17Networks_RH_ContB_IPL_12	#8b3349
874	17Networks_RH_ContB_PFCld_1	#8b3146
875	17Networks_RH_ContB_PFCld_2	#8b3147
876	17Networks_RH_ContB_PFCld_3	#8b3148
877	17Networks_RH_ContB_PFCld_4	#8b3149
878	17Networks_RH_ContB_PFCld_5	#8b314b
879	17Networks_RH_ContB_PFCld_6	#8b314c
880	17Networks_RH_ContB_PFCld_7	#8b314d
881	17Networks_RH_ContB_PFCld_8	#8b314e
882	17Networks_RH_ContB_PFCld_9	#8b314f
883	17Networks_RH_ContB_PFCld_10	#8b3150
884	17Networks_RH_ContB_PFCld_11	#8b3151
885	17Networks_RH_ContB_PFClv_1	#8b314a
886	17Networks_RH_ContB_PFClv_2	#8b3249
887	17Networks_RH_ContB_PFClv_3	#8b334a
888	17Networks_RH_ContB_PFClv_4	#8b334b
889	17Networks_RH_ContB_PFClv_5	#8b334c
890	17Networks_RH_ContB_PFClv_6	#8b334d
891	17Networks_RH_ContB_PFClv_7	#8b334e
892	17Networks_RH_ContB_PFClv_8	#8b334f
893	17Networks_RH_ContB_PFCmp_1	#8a324b
894	17Networks_RH_ContB_PFCmp_2	#8a324c
895	17Networks_RH_ContB_PFCmp_3	#8a324d
896	17Networks_RH_ContC_pCun_1	#7b8dac
897	17Networks_RH_ContC_pCun_2	#7b8dad
898	17Networks_RH_ContC_pCun_3	#7b8dae
899	17Networks_RH_ContC_pCun_4	#7b8daf
900	17Networks_RH_ContC_pCun_5	#7b8db1
901	17Networks_RH_ContC_pCun_6	#7b8db2
902	17Networks_RH_ContC_pCun_7	#7b8db3
903	17Networks_RH_ContC_pCun_8	#7b8db4
904	17Networks_RH_ContC_pCun_9	#7b8db5
905	17Networks_RH_ContC_pCun_10	#7b8db6
906	17Networks_RH_ContC_pCun_11	#7b8db7
907	17Networks_RH_ContC_Cingp_1	#7b8db8
908	17Networks_RH_ContC_Cingp_2	#7b8eb1
909	17Networks_RH_ContC_Cingp_3	#7b8eb2
910	17Networks_RH_ContC_Cingp_4	#7b8eb3
911	17Networks_RH_DefaultA_Temp_1	#faff02
912	17Networks_RH_DefaultA_Temp_2	#faff03
913	17Networks_RH_DefaultA_IPL_1	#fbfe00
914	17Networks_RH_DefaultA_IPL_2	#fbfe02
915	17Networks_RH_DefaultA_IPL_3	#fbfe03
916	17Networks_RH_DefaultA_IPL_4	#fbfe04
917	17Networks_RH_DefaultA_IPL_5	#fbfe05
918	17Networks_RH_DefaultA_IPL_6	#fbfe06
919	17Networks_RH_DefaultA_IPL_7	#fbfe07
920	17Networks_RH_DefaultA_IPL_8	#fbfe08
921	17Networks_RH_DefaultA_PFCd_1	#fbff01
922	17Networks_RH_DefaultA_PFCd_2	#fbff03
923	17Networks_RH_DefaultA_PFCd_3	#fbff04
924	17Networks_RH_DefaultA_PFCd_4	#fbff05
925	17Networks_RH_DefaultA_PFCd_5	#fbff06
926	17Networks_RH_DefaultA_PCC_1	#fbfd01
927	17Networks_RH_DefaultA_PCC_2	#fbfd02
928	17Networks_RH_DefaultA_PCC_3	#fbfd03
929	17Networks_RH_DefaultA_PCC_4	#fbfd04
930	17Networks_RH_DefaultA_PCC_5	#fbfd05
931	17Networks_RH_DefaultA_PCC_6	#fbfd06
932	17Networks_RH_DefaultA_PCC_7	#fbfd07
933	17Networks_RH_DefaultA_PCC_8	#fbfe01
934	17Networks_RH_DefaultA_PCC_9	#fbff00
935	17Networks_RH_DefaultA_PCC_10	#fbff02
936	17Networks_RH_DefaultA_PCC_11	#fbff07
937	17Networks_RH_DefaultA_PCC_12	#f8f900
938	17Networks_RH_DefaultA_PFCm_1	#f9ff01
939	17Networks_RH_DefaultA_PFCm_2	#f9ff02
940	17Networks_RH_DefaultA_PFCm_3	#f9ff03
941	17Networks_RH_DefaultA_PFCm_4	#f9ff04
942	17Networks_RH_DefaultA_PFCm_5	#f9ff05
943	17Networks_RH_DefaultA_PFCm_6	#f9ff06
944	17Networks_RH_DefaultA_PFCm_7	#f9ff07
945	17Networks_RH_DefaultA_PFCm_8	#fef900
946	17Networks_RH_DefaultA_PFCm_9	#fefa00
947	17Networks_RH_DefaultA_PFCm_10	#fefb00
948	17Networks_RH_DefaultB_Temp_1	#d23e50
949	17Networks_RH_DefaultB_Temp_2	#d23e51
950	17Networks_RH_DefaultB_Temp_3	#d23e52
951	17Networks_RH_DefaultB_AntTemp_1	#d23f4f
952	17Networks_RH_DefaultB_AntTemp_2	#d23f50
953	17Networks_RH_DefaultB_AntTemp_3	#d23f51
954	17Networks_RH_DefaultB_AntTemp_4	#d23f52
955	17Networks_RH_DefaultB_PFCd_1	#d23f4d
956	17Networks_RH_DefaultB_PFCd_2	#d23f4e
957	17Networks_RH_DefaultB_PFCd_3	#d23f53
958	17Networks_RH_DefaultB_PFCd_4	#d23f54
959	17Networks_RH_DefaultB_PFCd_5	#d23f55
960	17Networks_RH_DefaultB_PFCd_6	#d23f56
961	17Networks_RH_DefaultB_PFCd_7	#d2404f
962	17Networks_RH_DefaultB_PFCd_8	#d24050
963	17Networks_RH_DefaultB_PFCv_1	#d13e4c
964	17Networks_RH_DefaultB_PFCv_2	#d13e4e
965	17Networks_RH_DefaultB_PFCv_3	#d13e4f
966	17Networks_RH_DefaultB_PFCv_4	#d13e50
967	17Networks_RH_DefaultB_PFCv_5	#d13e51
968	17Networks_RH_DefaultB_PFCv_6	#d13e52
969	17Networks_RH_DefaultC_IPL_1	#040184
970	17Networks_RH_DefaultC_IPL_2	#040185
971	17Networks_RH_DefaultC_Rsp_1	#050083
972	17Networks_RH_DefaultC_Rsp_2	#050084
973	17Networks_RH_DefaultC_Rsp_3	#050085
974	17Networks_RH_DefaultC_Rsp_4	#050086
975	17Networks_RH_DefaultC_PHC_1	#050087
976	17Networks_RH_DefaultC_PHC_2	#050088
977	17Networks_RH_DefaultC_PHC_3	#050089
978	17Networks_RH_DefaultC_PHC_4	#05008a
979	17Networks_RH_TempPar_1	#102ffd
980	17Networks_RH_TempPar_2	#102ffe
981	17Networks_RH_TempPar_3	#1030f7
982	17Networks_RH_TempPar_4	#1030f8
983	17Networks_RH_TempPar_5	#1030f9
984	17Networks_RH_TempPar_6	#1030fa
985	17Networks_RH_TempPar_7	#1030fb
986	17Networks_RH_TempPar_8	#1030fc
987	17Networks_RH_TempPar_9	#1030fd
988	17Networks_RH_TempPar_10	#1030ff
989	17Networks_RH_TempPar_11	#0d29fa
990	17Networks_RH_TempPar_12	#0d29fb
991	17Networks_RH_TempPar_13	#0d29fc
992	17Networks_RH_TempPar_14	#0d29fd
993	17Networks_RH_TempPar_15	#0d29fe
994	17Networks_RH_TempPar_16	#0d2af7
995	17Networks_RH_TempPar_17	#0d2af8
996	17Networks_RH_TempPar_18	#0d2af9
997	17Networks_RH_TempPar_19	#0d2afa
998	17Networks_RH_TempPar_20	#0d2afb
999	17Networks_RH_TempPar_21	#0d2afc
1000	17Networks_RH_TempPar_22	#0d2afd
