index	name	color
1	7Networks_LH_Vis_1	#780e86
2	7Networks_LH_Vis_2	#780f7f
3	7Networks_LH_Vis_3	#780f80
4	7Networks_LH_Vis_4	#780f81
5	7Networks_LH_Vis_5	#780f82
6	7Networks_LH_Vis_6	#780f83
7	7Networks_LH_Vis_7	#780f84
8	7Networks_LH_Vis_8	#780f85
9	7Networks_LH_Vis_9	#780f86
10	7Networks_LH_Vis_10	#78107f
11	7Networks_LH_Vis_11	#781080
12	7Networks_LH_Vis_12	#781081
13	7Networks_LH_Vis_13	#781082
14	7Networks_LH_Vis_14	#781083
15	7Networks_LH_Vis_15	#781084
16	7Networks_LH_Vis_16	#781085
17	7Networks_LH_Vis_17	#781086
18	7Networks_LH_Vis_18	#78117f
19	7Networks_LH_Vis_19	#781180
20	7Networks_LH_Vis_20	#781181
21	7Networks_LH_Vis_21	#781182
22	7Networks_LH_Vis_22	#781183
23	7Networks_LH_Vis_23	#781184
24	7Networks_LH_Vis_24	#781185
25	7Networks_LH_Vis_25	#781186
26	7Networks_LH_Vis_26	#78127f
27	7Networks_LH_Vis_27	#781280
28	7Networks_LH_Vis_28	#781281
29	7Networks_LH_Vis_29	#781282
30	7Networks_LH_Vis_30	#781283
31	7Networks_LH_Vis_31	#781284
32	7Networks_LH_Vis_32	#781285
33	7Networks_LH_Vis_33	#781287
34	7Networks_LH_Vis_34	#781288
35	7Networks_LH_Vis_35	#781289
36	7Networks_LH_Vis_36	#78128a
37	7Networks_LH_Vis_37	#78128b
38	7Networks_LH_Vis_38	#78128c
39	7Networks_LH_Vis_39	#78128d
40	7Networks_LH_Vis_40	#781386
41	7Networks_LH_Vis_41	#781387
42	7Networks_LH_Vis_42	#781388
43	7Networks_LH_Vis_43	#781389
44	7Networks_LH_Vis_44	#78138a
45	7Networks_LH_Vis_45	#78138b
46	7Networks_LH_Vis_46	#78138c
47	7Networks_LH_Vis_47	#78138d
48	7Networks_LH_Vis_48	#781486
49	7Networks_LH_Vis_49	#781487
50	7Networks_LH_Vis_50	#781488
51	7Networks_LH_Vis_51	#781489
52	7Networks_LH_Vis_52	#78148a
53	7Networks_LH_Vis_53	#78148b
54	7Networks_LH_Vis_54	#78148c
55	7Networks_LH_Vis_55	#78148d
56	7Networks_LH_Vis_56	#781586
57	7Networks_LH_Vis_57	#781587
58	7Networks_LH_Vis_58	#781588
59	7Networks_LH_Vis_59	#781589
60	7Networks_LH_Vis_60	#78158a
61	7Networks_LH_Vis_61	#78158b
62	7Networks_LH_Vis_62	#78158c
63	7Networks_LH_Vis_63	#78158d
64	7Networks_LH_Vis_64	#781686
65	7Networks_LH_Vis_65	#781687
66	7Networks_LH_Vis_66	#781688
67	7Networks_LH_Vis_67	#781689
68	7Networks_LH_SomMot_1	#467eb0
69	7Networks_LH_SomMot_2	#467eb1
70	7Networks_LH_SomMot_3	#467eb2
71	7Networks_LH_SomMot_4	#467eb3
72	7Networks_LH_SomMot_5	#467eb4
73	7Networks_LH_SomMot_6	#467fad
74	7Networks_LH_SomMot_7	#467fae
75	7Networks_LH_SomMot_8	#467faf
76	7Networks_LH_SomMot_9	#467fb0
77	7Networks_LH_SomMot_10	#467fb1
78	7Networks_LH_SomMot_11	#467fb2
79	7Networks_LH_SomMot_12	#467fb3
80	7Networks_LH_SomMot_13	#467fb4
81	7Networks_LH_SomMot_14	#4680ad
82	7Networks_LH_SomMot_15	#4680ae
83	7Networks_LH_SomMot_16	#4680af
84	7Networks_LH_SomMot_17	#4680b0
85	7Networks_LH_SomMot_18	#4680b1
86	7Networks_LH_SomMot_19	#4680b2
87	7Networks_LH_SomMot_20	#4680b3
88	7Networks_LH_SomMot_21	#4680b4
89	7Networks_LH_SomMot_22	#4681ad
90	7Networks_LH_SomMot_23	#4681ae
91	7Networks_LH_SomMot_24	#4681af
92	7Networks_LH_SomMot_25	#4681b0
93	7Networks_LH_SomMot_26	#4681b1
94	7Networks_LH_SomMot_27	#4681b2
95	7Networks_LH_SomMot_28	#4681b3
96	7Networks_LH_SomMot_29	#4681b4
97	7Networks_LH_SomMot_30	#4682ad
98	7Networks_LH_SomMot_31	#4682ae
99	7Networks_LH_SomMot_32	#4682af
100	7Networks_LH_SomMot_33	#4682b0
101	7Networks_LH_SomMot_34	#4682b1
102	7Networks_LH_SomMot_35	#4682b2
103	7Networks_LH_SomMot_36	#4682b3
104	7Networks_LH_SomMot_37	#4682b5
105	7Networks_LH_SomMot_38	#4682b6
106	7Networks_LH_SomMot_39	#4682b7
107	7Networks_LH_SomMot_40	#4682b8
108	7Networks_LH_SomMot_41	#4682b9
109	7Networks_LH_SomMot_42	#4682ba
110	7Networks_LH_SomMot_43	#4682bb
111	7Networks_LH_SomMot_44	#4683b4
112	7Networks_LH_SomMot_45	#4683b5
113	7Networks_LH_SomMot_46	#4683b6
114	7Networks_LH_SomMot_47	#4683b7
115	7Networks_LH_SomMot_48	#4683b8
116	7Networks_LH_SomMot_49	#4683b9
117	7Networks_LH_SomMot_50	#4683ba
118	7Networks_LH_SomMot_51	#4683bb
119	7Networks_LH_SomMot_52	#4684b4
120	7Networks_LH_SomMot_53	#4684b5
121	7Networks_LH_SomMot_54	#4684b6
122	7Networks_LH_SomMot_55	#4684b7
123	7Networks_LH_SomMot_56	#4684b8
124	7Networks_LH_SomMot_57	#4684b9
125	7Networks_LH_SomMot_58	#4684ba
126	7Networks_LH_SomMot_59	#4684bb
127	7Networks_LH_SomMot_60	#4685b4
128	7Networks_LH_SomMot_61	#4685b5
129	7Networks_LH_SomMot_62	#4685b6
130	7Networks_LH_SomMot_63	#4685b7
131	7Networks_LH_SomMot_64	#4685b8
132	7Networks_LH_SomMot_65	#4685b9
133	7Networks_LH_SomMot_66	#4685ba
134	7Networks_LH_SomMot_67	#4685bb
135	7Networks_LH_SomMot_68	#4686b4
136	7Networks_LH_SomMot_69	#4686b5
137	7Networks_LH_SomMot_70	#4686b6
138	7Networks_LH_SomMot_71	#4686b7
139	7Networks_LH_SomMot_72	#4686b8
140	7Networks_LH_SomMot_73	#4686b9
141	7Networks_LH_SomMot_74	#4686ba
142	7Networks_LH_SomMot_75	#4686bb
143	7Networks_LH_DorsAttn_Post_1	#00740d
144	7Networks_LH_DorsAttn_Post_2	#00740e
145	7Networks_LH_DorsAttn_Post_3	#007507
146	7Networks_LH_DorsAttn_Post_4	#007508
147	7Networks_LH_DorsAttn_Post_5	#007509
148	7Networks_LH_DorsAttn_Post_6	#00750a
149	7Networks_LH_DorsAttn_Post_7	#00750b
150	7Networks_LH_DorsAttn_Post_8	#00750c
151	7Networks_LH_DorsAttn_Post_9	#00750d
152	7Networks_LH_DorsAttn_Post_10	#00750e
153	7Networks_LH_DorsAttn_Post_11	#007607
154	7Networks_LH_DorsAttn_Post_12	#007608
155	7Networks_LH_DorsAttn_Post_13	#007609
156	7Networks_LH_DorsAttn_Post_14	#00760a
157	7Networks_LH_DorsAttn_Post_15	#00760b
158	7Networks_LH_DorsAttn_Post_16	#00760c
159	7Networks_LH_DorsAttn_Post_17	#00760d
160	7Networks_LH_DorsAttn_Post_18	#00760f
161	7Networks_LH_DorsAttn_Post_19	#007610
162	7Networks_LH_DorsAttn_Post_20	#007611
163	7Networks_LH_DorsAttn_Post_21	#007612
164	7Networks_LH_DorsAttn_Post_22	#007613
165	7Networks_LH_DorsAttn_Post_23	#007614
166	7Networks_LH_DorsAttn_Post_24	#007615
167	7Networks_LH_DorsAttn_Post_25	#00770e
168	7Networks_LH_DorsAttn_Post_26	#00770f
169	7Networks_LH_DorsAttn_Post_27	#007710
170	7Networks_LH_DorsAttn_Post_28	#007711
171	7Networks_LH_DorsAttn_Post_29	#007712
172	7Networks_LH_DorsAttn_Post_30	#007713
173	7Networks_LH_DorsAttn_Post_31	#007714
174	7Networks_LH_DorsAttn_Post_32	#007715
175	7Networks_LH_DorsAttn_Post_33	#00780e
176	7Networks_LH_DorsAttn_Post_34	#00780f
177	7Networks_LH_DorsAttn_Post_35	#007810
178	7Networks_LH_DorsAttn_Post_36	#007811
179	7Networks_LH_DorsAttn_Post_37	#007812
180	7Networks_LH_DorsAttn_Post_38	#007813
181	7Networks_LH_DorsAttn_FEF_1	#00760e
182	7Networks_LH_DorsAttn_FEF_2	#007616
183	7Networks_LH_DorsAttn_FEF_3	#007716
184	7Networks_LH_DorsAttn_FEF_4	#007814
185	7Networks_LH_DorsAttn_FEF_5	#007815
186	7Networks_LH_DorsAttn_FEF_6	#007816
187	7Networks_LH_DorsAttn_FEF_7	#00790f
188	7Networks_LH_DorsAttn_PrCv_1	#00790e
189	7Networks_LH_DorsAttn_PrCv_2	#007910
190	7Networks_LH_SalVentAttn_ParOper_1	#c43af8
191	7Networks_LH_SalVentAttn_ParOper_2	#c43af9
192	7Networks_LH_SalVentAttn_ParOper_3	#c43afb
193	7Networks_LH_SalVentAttn_ParOper_4	#c43afc
194	7Networks_LH_SalVentAttn_ParOper_5	#c43afd
195	7Networks_LH_SalVentAttn_ParOper_6	#c43afe
196	7Networks_LH_SalVentAttn_ParOper_7	#c43aff
197	7Networks_LH_SalVentAttn_ParOper_8	#c133fa
198	7Networks_LH_SalVentAttn_TempOcc_1	#c133f9
199	7Networks_LH_SalVentAttn_FrOper_1	#c43bf6
200	7Networks_LH_SalVentAttn_FrOper_2	#c43bf7
201	7Networks_LH_SalVentAttn_FrOper_3	#c43bf8
202	7Networks_LH_SalVentAttn_FrOper_4	#c43bf9
203	7Networks_LH_SalVentAttn_FrOper_5	#c43bfb
204	7Networks_LH_SalVentAttn_FrOper_6	#c43bfc
205	7Networks_LH_SalVentAttn_FrOper_7	#c43bfd
206	7Networks_LH_SalVentAttn_FrOper_8	#c43bfe
207	7Networks_LH_SalVentAttn_FrOper_9	#c43bff
208	7Networks_LH_SalVentAttn_FrOper_10	#c134fa
209	7Networks_LH_SalVentAttn_FrOper_11	#c135f3
210	7Networks_LH_SalVentAttn_FrOper_12	#c135f4
211	7Networks_LH_SalVentAttn_PFCl_1	#c134f9
212	7Networks_LH_SalVentAttn_PFCl_2	#c134fb
213	7Networks_LH_SalVentAttn_Med_1	#c53af3
214	7Networks_LH_SalVentAttn_Med_2	#c53af4
215	7Networks_LH_SalVentAttn_Med_3	#c53af5
216	7Networks_LH_SalVentAttn_Med_4	#c53af6
217	7Networks_LH_SalVentAttn_Med_5	#c53af7
218	7Networks_LH_SalVentAttn_Med_6	#c53af8
219	7Networks_LH_SalVentAttn_Med_7	#c53af9
220	7Networks_LH_SalVentAttn_Med_8	#c53afb
221	7Networks_LH_SalVentAttn_Med_9	#c53afc
222	7Networks_LH_SalVentAttn_Med_10	#c53afd
223	7Networks_LH_SalVentAttn_Med_11	#c53afe
224	7Networks_LH_SalVentAttn_Med_12	#c53aff
225	7Networks_LH_SalVentAttn_Med_13	#c233fa
226	7Networks_LH_SalVentAttn_Med_14	#c234f3
227	7Networks_LH_SalVentAttn_Med_15	#c234f4
228	7Networks_LH_SalVentAttn_Med_16	#c234f5
229	7Networks_LH_SalVentAttn_Med_17	#c234f6
230	7Networks_LH_Limbic_OFC_1	#dcf8a0
231	7Networks_LH_Limbic_OFC_2	#dcf8a1
232	7Networks_LH_Limbic_OFC_3	#dcf8a2
233	7Networks_LH_Limbic_OFC_4	#dcf8a3
234	7Networks_LH_Limbic_OFC_5	#dcf8a5
235	7Networks_LH_Limbic_OFC_6	#dcf8a6
236	7Networks_LH_Limbic_OFC_7	#dcf8a7
237	7Networks_LH_Limbic_OFC_8	#dcf8a8
238	7Networks_LH_Limbic_OFC_9	#dcf8a9
239	7Networks_LH_Limbic_OFC_10	#dcf8aa
240	7Networks_LH_Limbic_OFC_11	#dcf8ab
241	7Networks_LH_Limbic_OFC_12	#dcf9a4
242	7Networks_LH_Limbic_TempPole_1	#dcf89e
243	7Networks_LH_Limbic_TempPole_2	#dcf89f
244	7Networks_LH_Limbic_TempPole_3	#dcf8a4
245	7Networks_LH_Limbic_TempPole_4	#dcf8ac
246	7Networks_LH_Limbic_TempPole_5	#dcf9a5
247	7Networks_LH_Limbic_TempPole_6	#dcf9a6
248	7Networks_LH_Limbic_TempPole_7	#dcf9a7
249	7Networks_LH_Limbic_TempPole_8	#dcf9a8
250	7Networks_LH_Limbic_TempPole_9	#dcf9a9
251	7Networks_LH_Limbic_TempPole_10	#dcf9aa
252	7Networks_LH_Limbic_TempPole_11	#dcf9ab
253	7Networks_LH_Limbic_TempPole_12	#dcf9ac
254	7Networks_LH_Limbic_TempPole_13	#dcfaa5
255	7Networks_LH_Limbic_TempPole_14	#dcfaa6
256	7Networks_LH_Limbic_TempPole_15	#dcfaa7
257	7Networks_LH_Limbic_TempPole_16	#dcfaa8
258	7Networks_LH_Limbic_TempPole_17	#dcfaa9
259	7Networks_LH_Cont_Par_1	#e6941e
260	7Networks_LH_Cont_Par_2	#e6941f
261	7Networks_LH_Cont_Par_3	#e69420
262	7Networks_LH_Cont_Par_4	#e69421
263	7Networks_LH_Cont_Par_5	#e69423
264	7Networks_LH_Cont_Par_6	#e69424
265	7Networks_LH_Cont_Par_7	#e69425
266	7Networks_LH_Cont_Par_8	#e69426
267	7Networks_LH_Cont_Par_9	#e69427
268	7Networks_LH_Cont_Par_10	#e69428
269	7Networks_LH_Cont_Par_11	#e69429
270	7Networks_LH_Cont_Par_12	#e69522
271	7Networks_LH_Cont_Temp_1	#e6942a
272	7Networks_LH_Cont_Temp_2	#e69523
273	7Networks_LH_Cont_Temp_3	#e69524
274	7Networks_LH_Cont_PFCd_1	#e69525
275	7Networks_LH_Cont_PFCd_2	#e69526
276	7Networks_LH_Cont_PFCl_1	#e6951d
277	7Networks_LH_Cont_PFCl_2	#e6951e
278	7Networks_LH_Cont_PFCl_3	#e6951f
279	7Networks_LH_Cont_PFCl_4	#e69520
280	7Networks_LH_Cont_PFCl_5	#e69521
281	7Networks_LH_Cont_PFCl_6	#e69527
282	7Networks_LH_Cont_PFCl_7	#e69528
283	7Networks_LH_Cont_PFCl_8	#e69529
284	7Networks_LH_Cont_PFCl_9	#e6952a
285	7Networks_LH_Cont_PFCl_10	#e69623
286	7Networks_LH_Cont_PFCl_11	#e69624
287	7Networks_LH_Cont_PFCl_12	#e69625
288	7Networks_LH_Cont_PFCl_13	#e69626
289	7Networks_LH_Cont_PFCl_14	#e69627
290	7Networks_LH_Cont_PFCl_15	#e69628
291	7Networks_LH_Cont_OFC_1	#e79423
292	7Networks_LH_Cont_PFCv_1	#e79424
293	7Networks_LH_Cont_PFCv_2	#e79425
294	7Networks_LH_Cont_pCun_1	#e79523
295	7Networks_LH_Cont_pCun_2	#e79524
296	7Networks_LH_Cont_pCun_3	#e79525
297	7Networks_LH_Cont_Cing_1	#e79522
298	7Networks_LH_Cont_Cing_2	#e79526
299	7Networks_LH_Cont_Cing_3	#e79527
300	7Networks_LH_Cont_Cing_4	#e79528
301	7Networks_LH_Cont_Cing_5	#e79529
302	7Networks_LH_Cont_PFCmp_1	#e69422
303	7Networks_LH_Cont_PFCmp_2	#e69621
304	7Networks_LH_Default_Temp_1	#cd3d4a
305	7Networks_LH_Default_Temp_2	#cd3d4b
306	7Networks_LH_Default_Temp_3	#cd3d4c
307	7Networks_LH_Default_Temp_4	#cd3d4d
308	7Networks_LH_Default_Temp_5	#cd3d4e
309	7Networks_LH_Default_Temp_6	#cd3d4f
310	7Networks_LH_Default_Temp_7	#cd3e48
311	7Networks_LH_Default_Temp_8	#cd3e49
312	7Networks_LH_Default_Temp_9	#cd3e4a
313	7Networks_LH_Default_Temp_10	#cd3e4b
314	7Networks_LH_Default_Temp_11	#cd3e4c
315	7Networks_LH_Default_Temp_12	#cd3e4d
316	7Networks_LH_Default_Temp_13	#cd3e4e
317	7Networks_LH_Default_Temp_14	#cd3e50
318	7Networks_LH_Default_Temp_15	#cd3e51
319	7Networks_LH_Default_Temp_16	#cd3e52
320	7Networks_LH_Default_Temp_17	#cd3e53
321	7Networks_LH_Default_Temp_18	#cd3e54
322	7Networks_LH_Default_Temp_19	#cd3e55
323	7Networks_LH_Default_Temp_20	#cd3e56
324	7Networks_LH_Default_Temp_21	#cd3f4f
325	7Networks_LH_Default_Temp_22	#cd3f50
326	7Networks_LH_Default_Temp_23	#cd3f51
327	7Networks_LH_Default_Temp_24	#cd3f52
328	7Networks_LH_Default_Temp_25	#cd3f53
329	7Networks_LH_Default_Temp_26	#cd3f54
330	7Networks_LH_Default_Temp_27	#cd3f55
331	7Networks_LH_Default_Temp_28	#cd3f56
332	7Networks_LH_Default_Temp_29	#cd404f
333	7Networks_LH_Default_PFC_1	#cd3e47
334	7Networks_LH_Default_PFC_2	#cd3f47
335	7Networks_LH_Default_PFC_3	#cd3f48
336	7Networks_LH_Default_PFC_4	#cd3f49
337	7Networks_LH_Default_PFC_5	#cd3f4a
338	7Networks_LH_Default_PFC_6	#cd3f4b
339	7Networks_LH_Default_PFC_7	#cd3f4c
340	7Networks_LH_Default_PFC_8	#cd3f4d
341	7Networks_LH_Default_PFC_9	#cd404e
342	7Networks_LH_Default_PFC_10	#cd4050
343	7Networks_LH_Default_PFC_11	#cd4051
344	7Networks_LH_Default_PFC_12	#cd4052
345	7Networks_LH_Default_PFC_13	#cd4053
346	7Networks_LH_Default_PFC_14	#cd4054
347	7Networks_LH_Default_PFC_15	#cd4055
348	7Networks_LH_Default_PFC_16	#cd414e
349	7Networks_LH_Default_PFC_17	#cd414f
350	7Networks_LH_Default_PFC_18	#cd4150
351	7Networks_LH_Default_PFC_19	#cd4151
352	7Networks_LH_Default_PFC_20	#cd4152
353	7Networks_LH_Default_PFC_21	#cd4153
354	7Networks_LH_Default_PFC_22	#cd4154
355	7Networks_LH_Default_PFC_23	#cd4155
356	7Networks_LH_Default_PFC_24	#cd424e
357	7Networks_LH_Default_PFC_25	#cd424f
358	7Networks_LH_Default_PFC_26	#cd4250
359	7Networks_LH_Default_PFC_27	#cd4251
360	7Networks_LH_Default_PFC_28	#cd4252
361	7Networks_LH_Default_PFC_29	#cd4253
362	7Networks_LH_Default_PFC_30	#cd4254
363	7Networks_LH_Default_PFC_31	#cd4255
364	7Networks_LH_Default_PFC_32	#cd434e
365	7Networks_LH_Default_PFC_33	#cd434f
366	7Networks_LH_Default_PFC_34	#cd4350
367	7Networks_LH_Default_PFC_35	#cd4351
368	7Networks_LH_Default_PFC_36	#cd4352
369	7Networks_LH_Default_PFC_37	#cd4353
370	7Networks_LH_Default_PFC_38	#cd4354
371	7Networks_LH_Default_PFC_39	#cd4355
372	7Networks_LH_Default_PFC_40	#cd444e
373	7Networks_LH_Default_PCC_1	#cd3e4f
374	7Networks_LH_Default_PCC_2	#cd3f4e
375	7Networks_LH_Default_PCC_3	#cd4056
376	7Networks_LH_Default_PCC_4	#cd4156
377	7Networks_LH_Default_PCC_5	#cd4256
378	7Networks_LH_Default_PCC_6	#cd4356
379	7Networks_LH_Default_PCC_7	#cd444f
380	7Networks_LH_Default_PCC_8	#cd4450
381	7Networks_LH_Default_PCC_9	#cd4451
382	7Networks_LH_Default_PCC_10	#cd4452
383	7Networks_LH_Default_PCC_11	#cd4453
384	7Networks_LH_Default_PCC_12	#cd4454
385	7Networks_LH_Default_PCC_13	#cd4455
386	7Networks_LH_Default_PCC_14	#cd4456
387	7Networks_LH_Default_PCC_15	#cd454f
388	7Networks_LH_Default_PCC_16	#cd4550
389	7Networks_LH_Default_PCC_17	#cd4551
390	7Networks_LH_Default_PCC_18	#cd4552
391	7Networks_LH_Default_PCC_19	#cd4553
392	7Networks_LH_Default_PCC_20	#cd4554
393	7Networks_LH_Default_PCC_21	#cd4555
394	7Networks_LH_Default_PCC_22	#cd4556
395	7Networks_LH_Default_PCC_23	#cd464f
396	7Networks_LH_Default_PCC_24	#cd4650
397	7Networks_LH_Default_PCC_25	#cd4651
398	7Networks_LH_Default_PCC_26	#cd4652
399	7Networks_LH_Default_PCC_27	#cd4653
400	7Networks_LH_Default_PHC_1	#ce3e4f
401	7Networks_RH_Vis_1	#7c0e87
402	7Networks_RH_Vis_2	#7c0f80
403	7Networks_RH_Vis_3	#7c0f81
404	7Networks_RH_Vis_4	#7c0f82
405	7Networks_RH_Vis_5	#7c0f83
406	7Networks_RH_Vis_6	#7c0f84
407	7Networks_RH_Vis_7	#7c0f85
408	7Networks_RH_Vis_8	#7c0f86
409	7Networks_RH_Vis_9	#7c0f87
410	7Networks_RH_Vis_10	#7c1080
411	7Networks_RH_Vis_11	#7c1081
412	7Networks_RH_Vis_12	#7c1082
413	7Networks_RH_Vis_13	#7c1083
414	7Networks_RH_Vis_14	#7c1084
415	7Networks_RH_Vis_15	#7c1085
416	7Networks_RH_Vis_16	#7c1086
417	7Networks_RH_Vis_17	#7c1087
418	7Networks_RH_Vis_18	#7c1180
419	7Networks_RH_Vis_19	#7c1181
420	7Networks_RH_Vis_20	#7c1182
421	7Networks_RH_Vis_21	#7c1183
422	7Networks_RH_Vis_22	#7c1184
423	7Networks_RH_Vis_23	#7c1185
424	7Networks_RH_Vis_24	#7c1186
425	7Networks_RH_Vis_25	#7c1187
426	7Networks_RH_Vis_26	#7c1280
427	7Networks_RH_Vis_27	#7c1281
428	7Networks_RH_Vis_28	#7c1282
429	7Networks_RH_Vis_29	#7c1283
430	7Networks_RH_Vis_30	#7c1284
431	7Networks_RH_Vis_31	#7c1285
432	7Networks_RH_Vis_32	#7c1286
433	7Networks_RH_Vis_33	#7c1288
434	7Networks_RH_Vis_34	#7c1289
435	7Networks_RH_Vis_35	#7c128a
436	7Networks_RH_Vis_36	#7c128b
437	7Networks_RH_Vis_37	#7c128c
438	7Networks_RH_Vis_38	#7c128d
439	7Networks_RH_Vis_39	#7c128e
440	7Networks_RH_Vis_40	#7c1387
441	7Networks_RH_Vis_41	#7c1388
442	7Networks_RH_Vis_42	#7c1389
443	7Networks_RH_Vis_43	#7c138a
444	7Networks_RH_Vis_44	#7c138b
445	7Networks_RH_Vis_45	#7c138c
446	7Networks_RH_Vis_46	#7c138d
447	7Networks_RH_Vis_47	#7c138e
448	7Networks_RH_Vis_48	#7c1487
449	7Networks_RH_Vis_49	#7c1488
450	7Networks_RH_Vis_50	#7c1489
451	7Networks_RH_Vis_51	#7c148a
452	7Networks_RH_Vis_52	#7c148b
453	7Networks_RH_Vis_53	#7c148c
454	7Networks_RH_Vis_54	#7c148d
455	7Networks_RH_Vis_55	#7c148e
456	7Networks_RH_Vis_56	#7c1587
457	7Networks_RH_Vis_57	#7c1588
458	7Networks_RH_Vis_58	#7c1589
459	7Networks_RH_Vis_59	#7c158a
460	7Networks_RH_Vis_60	#7c158b
461	7Networks_RH_Vis_61	#7c158c
462	7Networks_RH_Vis_62	#7c158d
463	7Networks_RH_Vis_63	#7c158e
464	7Networks_RH_Vis_64	#7c1687
465	7Networks_RH_Vis_65	#7c1688
466	7Networks_RH_Vis_66	#7c1689
467	7Networks_RH_Vis_67	#7c168a
468	7Networks_RH_SomMot_1	#4a7eb1
469	7Networks_RH_SomMot_2	#4a7eb2
470	7Networks_RH_SomMot_3	#4a7eb3
471	7Networks_RH_SomMot_4	#4a7eb4
472	7Networks_RH_SomMot_5	#4a7eb5
473	7Networks_RH_SomMot_6	#4a7fae
474	7Networks_RH_SomMot_7	#4a7faf
475	7Networks_RH_SomMot_8	#4a7fb0
476	7Networks_RH_SomMot_9	#4a7fb1
477	7Networks_RH_SomMot_10	#4a7fb2
478	7Networks_RH_SomMot_11	#4a7fb3
479	7Networks_RH_SomMot_12	#4a7fb4
480	7Networks_RH_SomMot_13	#4a7fb5
481	7Networks_RH_SomMot_14	#4a80ae
482	7Networks_RH_SomMot_15	#4a80af
483	7Networks_RH_SomMot_16	#4a80b0
484	7Networks_RH_SomMot_17	#4a80b1
485	7Networks_RH_SomMot_18	#4a80b2
486	7Networks_RH_SomMot_19	#4a80b3
487	7Networks_RH_SomMot_20	#4a80b4
488	7Networks_RH_SomMot_21	#4a80b5
489	7Networks_RH_SomMot_22	#4a81ae
490	7Networks_RH_SomMot_23	#4a81af
491	7Networks_RH_SomMot_24	#4a81b0
492	7Networks_RH_SomMot_25	#4a81b1
493	7Networks_RH_SomMot_26	#4a81b2
494	7Networks_RH_SomMot_27	#4a81b3
495	7Networks_RH_SomMot_28	#4a81b4
496	7Networks_RH_SomMot_29	#4a81b5
497	7Networks_RH_SomMot_30	#4a82ae
498	7Networks_RH_SomMot_31	#4a82af
499	7Networks_RH_SomMot_32	#4a82b0
500	7Networks_RH_SomMot_33	#4a82b1
501	7Networks_RH_SomMot_34	#4a82b2
502	7Networks_RH_SomMot_35	#4a82b3
503	7Networks_RH_SomMot_36	#4a82b4
504	7Networks_RH_SomMot_37	#4a82b6
505	7Networks_RH_SomMot_38	#4a82b7
506	7Networks_RH_SomMot_39	#4a82b8
507	7Networks_RH_SomMot_40	#4a82b9
508	7Networks_RH_SomMot_41	#4a82ba
509	7Networks_RH_SomMot_42	#4a82bb
510	7Networks_RH_SomMot_43	#4a82bc
511	7Networks_RH_SomMot_44	#4a83b5
512	7Networks_RH_SomMot_45	#4a83b6
513	7Networks_RH_SomMot_46	#4a83b7
514	7Networks_RH_SomMot_47	#4a83b8
515	7Networks_RH_SomMot_48	#4a83b9
516	7Networks_RH_SomMot_49	#4a83ba
517	7Networks_RH_SomMot_50	#4a83bb
518	7Networks_RH_SomMot_51	#4a83bc
519	7Networks_RH_SomMot_52	#4a84b5
520	7Networks_RH_SomMot_53	#4a84b6
521	7Networks_RH_SomMot_54	#4a84b7
522	7Networks_RH_SomMot_55	#4a84b8
523	7Networks_RH_SomMot_56	#4a84b9
524	7Networks_RH_SomMot_57	#4a84ba
525	7Networks_RH_SomMot_58	#4a84bb
526	7Networks_RH_SomMot_59	#4a84bc
527	7Networks_RH_SomMot_60	#4a85b5
528	7Networks_RH_SomMot_61	#4a85b6
529	7Networks_RH_SomMot_62	#4a85b7
530	7Networks_RH_SomMot_63	#4a85b8
531	7Networks_RH_SomMot_64	#4a85b9
532	7Networks_RH_SomMot_65	#4a85ba
533	7Networks_RH_SomMot_66	#4a85bb
534	7Networks_RH_SomMot_67	#4a85bc
535	7Networks_RH_SomMot_68	#4a86b5
536	7Networks_RH_SomMot_69	#4a86b6
537	7Networks_RH_SomMot_70	#4a86b7
538	7Networks_RH_SomMot_71	#4a86b8
539	7Networks_RH_SomMot_72	#4a86b9
540	7Networks_RH_SomMot_73	#4a86ba
541	7Networks_RH_SomMot_74	#4a86bb
542	7Networks_RH_SomMot_75	#4a86bc
543	7Networks_RH_SomMot_76	#4a87b5
544	7Networks_RH_DorsAttn_Post_1	#04750c
545	7Networks_RH_DorsAttn_Post_2	#04750d
546	7Networks_RH_DorsAttn_Post_3	#04750e
547	7Networks_RH_DorsAttn_Post_4	#04750f
548	7Networks_RH_DorsAttn_Post_5	#047608
549	7Networks_RH_DorsAttn_Post_6	#047609
550	7Networks_RH_DorsAttn_Post_7	#04760a
551	7Networks_RH_DorsAttn_Post_8	#04760b
552	7Networks_RH_DorsAttn_Post_9	#04760c
553	7Networks_RH_DorsAttn_Post_10	#04760d
554	7Networks_RH_DorsAttn_Post_11	#04760e
555	7Networks_RH_DorsAttn_Post_12	#04760f
556	7Networks_RH_DorsAttn_Post_13	#047708
557	7Networks_RH_DorsAttn_Post_14	#047709
558	7Networks_RH_DorsAttn_Post_15	#04770a
559	7Networks_RH_DorsAttn_Post_16	#04770b
560	7Networks_RH_DorsAttn_Post_17	#04770c
561	7Networks_RH_DorsAttn_Post_18	#04770d
562	7Networks_RH_DorsAttn_Post_19	#04770e
563	7Networks_RH_DorsAttn_Post_20	#047710
564	7Networks_RH_DorsAttn_Post_21	#047711
565	7Networks_RH_DorsAttn_Post_22	#047712
566	7Networks_RH_DorsAttn_Post_23	#047713
567	7Networks_RH_DorsAttn_Post_24	#047714
568	7Networks_RH_DorsAttn_Post_25	#047715
569	7Networks_RH_DorsAttn_Post_26	#047716
570	7Networks_RH_DorsAttn_Post_27	#04780f
571	7Networks_RH_DorsAttn_Post_28	#047810
572	7Networks_RH_DorsAttn_Post_29	#047811
573	7Networks_RH_DorsAttn_Post_30	#047812
574	7Networks_RH_DorsAttn_Post_31	#047813
575	7Networks_RH_DorsAttn_Post_32	#047814
576	7Networks_RH_DorsAttn_Post_33	#047815
577	7Networks_RH_DorsAttn_Post_34	#047816
578	7Networks_RH_DorsAttn_Post_35	#04790f
579	7Networks_RH_DorsAttn_Post_36	#047910
580	7Networks_RH_DorsAttn_Post_37	#047911
581	7Networks_RH_DorsAttn_Post_38	#047912
582	7Networks_RH_DorsAttn_Post_39	#047913
583	7Networks_RH_DorsAttn_Post_40	#047914
584	7Networks_RH_DorsAttn_Post_41	#047915
585	7Networks_RH_DorsAttn_Post_42	#047916
586	7Networks_RH_DorsAttn_FEF_1	#05760d
587	7Networks_RH_DorsAttn_FEF_2	#05760f
588	7Networks_RH_DorsAttn_FEF_3	#057610
589	7Networks_RH_DorsAttn_FEF_4	#057611
590	7Networks_RH_DorsAttn_FEF_5	#057612
591	7Networks_RH_DorsAttn_FEF_6	#057613
592	7Networks_RH_DorsAttn_PrCv_1	#057614
593	7Networks_RH_DorsAttn_PrCv_2	#057615
594	7Networks_RH_DorsAttn_PrCv_3	#057616
595	7Networks_RH_DorsAttn_PrCv_4	#05770f
596	7Networks_RH_SalVentAttn_TempOccPar_1	#c93af6
597	7Networks_RH_SalVentAttn_TempOccPar_2	#c93af7
598	7Networks_RH_SalVentAttn_TempOccPar_3	#c93af8
599	7Networks_RH_SalVentAttn_TempOccPar_4	#c93af9
600	7Networks_RH_SalVentAttn_TempOccPar_5	#c93afa
601	7Networks_RH_SalVentAttn_TempOccPar_6	#c93afc
602	7Networks_RH_SalVentAttn_TempOccPar_7	#c93afd
603	7Networks_RH_SalVentAttn_TempOccPar_8	#c93afe
604	7Networks_RH_SalVentAttn_TempOccPar_9	#c93aff
605	7Networks_RH_SalVentAttn_TempOccPar_10	#c633fa
606	7Networks_RH_SalVentAttn_TempOccPar_11	#c633fb
607	7Networks_RH_SalVentAttn_TempOccPar_12	#c634f4
608	7Networks_RH_SalVentAttn_TempOccPar_13	#c634f5
609	7Networks_RH_SalVentAttn_PrC_1	#c93bfb
610	7Networks_RH_SalVentAttn_FrOper_1	#c93bf5
611	7Networks_RH_SalVentAttn_FrOper_2	#c93bf6
612	7Networks_RH_SalVentAttn_FrOper_3	#c93bf7
613	7Networks_RH_SalVentAttn_FrOper_4	#c93bf8
614	7Networks_RH_SalVentAttn_FrOper_5	#c93bf9
615	7Networks_RH_SalVentAttn_FrOper_6	#c93bfa
616	7Networks_RH_SalVentAttn_FrOper_7	#c93bfc
617	7Networks_RH_SalVentAttn_FrOper_8	#c93bfd
618	7Networks_RH_SalVentAttn_FrOper_9	#c93bfe
619	7Networks_RH_SalVentAttn_FrOper_10	#c93bff
620	7Networks_RH_SalVentAttn_FrOper_11	#c634fa
621	7Networks_RH_SalVentAttn_FrOper_12	#c634fb
622	7Networks_RH_SalVentAttn_FrOper_13	#c635f4
623	7Networks_RH_SalVentAttn_FrOper_14	#c635f5
624	7Networks_RH_SalVentAttn_FrOper_15	#c635f6
625	7Networks_RH_SalVentAttn_PFCv_1	#c83afa
626	7Networks_RH_SalVentAttn_PFCl_1	#c839fb
627	7Networks_RH_SalVentAttn_Med_1	#c839f3
628	7Networks_RH_SalVentAttn_Med_2	#c839f4
629	7Networks_RH_SalVentAttn_Med_3	#c839f5
630	7Networks_RH_SalVentAttn_Med_4	#c839f6
631	7Networks_RH_SalVentAttn_Med_5	#c839f7
632	7Networks_RH_SalVentAttn_Med_6	#c839f8
633	7Networks_RH_SalVentAttn_Med_7	#c839fa
634	7Networks_RH_SalVentAttn_Med_8	#c839fc
635	7Networks_RH_SalVentAttn_Med_9	#c839fd
636	7Networks_RH_SalVentAttn_Med_10	#c839fe
637	7Networks_RH_SalVentAttn_Med_11	#c839ff
638	7Networks_RH_SalVentAttn_Med_12	#c83af9
639	7Networks_RH_SalVentAttn_Med_13	#c83afb
640	7Networks_RH_SalVentAttn_Med_14	#c83afc
641	7Networks_RH_SalVentAttn_Med_15	#c83afd
642	7Networks_RH_SalVentAttn_Med_16	#c83afe
643	7Networks_RH_Limbic_OFC_1	#e0f9a1
644	7Networks_RH_Limbic_OFC_2	#e0f9a2
645	7Networks_RH_Limbic_OFC_3	#e0f9a3
646	7Networks_RH_Limbic_OFC_4	#e0f9a5
647	7Networks_RH_Limbic_OFC_5	#e0f9a6
648	7Networks_RH_Limbic_OFC_6	#e0f9a7
649	7Networks_RH_Limbic_OFC_7	#e0f9a8
650	7Networks_RH_Limbic_OFC_8	#e0f9a9
651	7Networks_RH_Limbic_OFC_9	#e0f9aa
652	7Networks_RH_Limbic_OFC_10	#e0f9ab
653	7Networks_RH_Limbic_TempPole_1	#e0f99f
654	7Networks_RH_Limbic_TempPole_2	#e0f9a0
655	7Networks_RH_Limbic_TempPole_3	#e0f9a4
656	7Networks_RH_Limbic_TempPole_4	#e0f9ac
657	7Networks_RH_Limbic_TempPole_5	#e0faa5
658	7Networks_RH_Limbic_TempPole_6	#e0faa6
659	7Networks_RH_Limbic_TempPole_7	#e0faa7
660	7Networks_RH_Limbic_TempPole_8	#e0faa8
661	7Networks_RH_Limbic_TempPole_9	#e0faa9
662	7Networks_RH_Limbic_TempPole_10	#e0faaa
663	7Networks_RH_Limbic_TempPole_11	#e0faab
664	7Networks_RH_Limbic_TempPole_12	#e0faac
665	7Networks_RH_Limbic_TempPole_13	#e0fba5
666	7Networks_RH_Limbic_TempPole_14	#e0fba6
667	7Networks_RH_Limbic_TempPole_15	#e0fba7
668	7Networks_RH_Cont_Par_1	#ea931e
669	7Networks_RH_Cont_Par_2	#ea931f
670	7Networks_RH_Cont_Par_3	#ea9320
671	7Networks_RH_Cont_Par_4	#ea9321
672	7Networks_RH_Cont_Par_5	#ea9323
673	7Networks_RH_Cont_Par_6	#ea9324
674	7Networks_RH_Cont_Par_7	#ea9325
675	7Networks_RH_Cont_Par_8	#ea9326
676	7Networks_RH_Cont_Par_9	#ea9327
677	7Networks_RH_Cont_Par_10	#ea9328
678	7Networks_RH_Cont_Par_11	#ea9329
679	7Networks_RH_Cont_Temp_1	#ea9322
680	7Networks_RH_Cont_Temp_2	#ea9421
681	7Networks_RH_Cont_Temp_3	#ea9422
682	7Networks_RH_Cont_PFCv_1	#e99423
683	7Networks_RH_Cont_PFCv_2	#e99424
684	7Networks_RH_Cont_PFCl_1	#e9931b
685	7Networks_RH_Cont_PFCl_2	#e9931c
686	7Networks_RH_Cont_PFCl_3	#e9931d
687	7Networks_RH_Cont_PFCl_4	#e9931e
688	7Networks_RH_Cont_PFCl_5	#e9931f
689	7Networks_RH_Cont_PFCl_6	#e99320
690	7Networks_RH_Cont_PFCl_7	#e99321
691	7Networks_RH_Cont_PFCl_8	#e9941a
692	7Networks_RH_Cont_PFCl_9	#e9941b
693	7Networks_RH_Cont_PFCl_10	#e9941c
694	7Networks_RH_Cont_PFCl_11	#e9941d
695	7Networks_RH_Cont_PFCl_12	#e9941e
696	7Networks_RH_Cont_PFCl_13	#e9941f
697	7Networks_RH_Cont_PFCl_14	#e99420
698	7Networks_RH_Cont_PFCl_15	#e99422
699	7Networks_RH_Cont_PFCl_16	#e99425
700	7Networks_RH_Cont_PFCl_17	#e99426
701	7Networks_RH_Cont_PFCl_18	#e99427
702	7Networks_RH_Cont_PFCl_19	#e99428
703	7Networks_RH_Cont_PFCl_20	#e99521
704	7Networks_RH_Cont_PFCl_21	#e99522
705	7Networks_RH_Cont_PFCl_22	#e99523
706	7Networks_RH_Cont_PFCl_23	#e99524
707	7Networks_RH_Cont_PFCl_24	#e99525
708	7Networks_RH_Cont_PFCl_25	#e99526
709	7Networks_RH_Cont_PFCl_26	#e99527
710	7Networks_RH_Cont_PFCl_27	#e99528
711	7Networks_RH_Cont_PFCl_28	#e99621
712	7Networks_RH_Cont_PFCl_29	#e99622
713	7Networks_RH_Cont_PFCl_30	#e99623
714	7Networks_RH_Cont_PFCl_31	#e99624
715	7Networks_RH_Cont_PFCl_32	#e99625
716	7Networks_RH_Cont_pCun_1	#e99323
717	7Networks_RH_Cont_pCun_2	#e99324
718	7Networks_RH_Cont_pCun_3	#e99325
719	7Networks_RH_Cont_pCun_4	#e99326
720	7Networks_RH_Cont_pCun_5	#e99327
721	7Networks_RH_Cont_Cing_1	#e99322
722	7Networks_RH_Cont_Cing_2	#e99328
723	7Networks_RH_Cont_Cing_3	#e99421
724	7Networks_RH_Cont_PFCmp_1	#ea9425
725	7Networks_RH_Cont_PFCmp_2	#ea9426
726	7Networks_RH_Cont_PFCmp_3	#ea9427
727	7Networks_RH_Default_Par_1	#d13e4a
728	7Networks_RH_Default_Par_2	#d13e4b
729	7Networks_RH_Default_Par_3	#d13e4c
730	7Networks_RH_Default_Par_4	#d13e4e
731	7Networks_RH_Default_Par_5	#d13e4f
732	7Networks_RH_Default_Par_6	#d13e50
733	7Networks_RH_Default_Par_7	#d13e51
734	7Networks_RH_Default_Par_8	#d13e52
735	7Networks_RH_Default_Par_9	#d13e53
736	7Networks_RH_Default_Par_10	#d13e54
737	7Networks_RH_Default_Temp_1	#d13d49
738	7Networks_RH_Default_Temp_2	#d13d4a
739	7Networks_RH_Default_Temp_3	#d13d4b
740	7Networks_RH_Default_Temp_4	#d13d4c
741	7Networks_RH_Default_Temp_5	#d13d4d
742	7Networks_RH_Default_Temp_6	#d13d4f
743	7Networks_RH_Default_Temp_7	#d13d50
744	7Networks_RH_Default_Temp_8	#d13d51
745	7Networks_RH_Default_Temp_9	#d13d52
746	7Networks_RH_Default_Temp_10	#d13d53
747	7Networks_RH_Default_Temp_11	#d13d54
748	7Networks_RH_Default_Temp_12	#d13d55
749	7Networks_RH_Default_Temp_13	#d13e55
750	7Networks_RH_Default_PFCv_1	#d13d4e
751	7Networks_RH_Default_PFCv_2	#d13e4d
752	7Networks_RH_Default_PFCv_3	#d13f4d
753	7Networks_RH_Default_PFCv_4	#d13f4e
754	7Networks_RH_Default_PFCv_5	#d13f4f
755	7Networks_RH_Default_PFCv_6	#d13f50
756	7Networks_RH_Default_PFCm_1	#d03d4c
757	7Networks_RH_Default_PFCm_2	#d03d4d
758	7Networks_RH_Default_PFCm_3	#d03d4e
759	7Networks_RH_Default_PFCm_4	#d03e47
760	7Networks_RH_Default_PFCm_5	#d03e48
761	7Networks_RH_Default_PFCm_6	#d03e49
762	7Networks_RH_Default_PFCm_7	#d03e4a
763	7Networks_RH_Default_PFCm_8	#d03e4b
764	7Networks_RH_Default_PFCm_9	#d03e4c
765	7Networks_RH_Default_PFCm_10	#d03e4d
766	7Networks_RH_Default_PFCm_11	#d03e4f
767	7Networks_RH_Default_PFCm_12	#d03e50
768	7Networks_RH_Default_PFCm_13	#d03e51
769	7Networks_RH_Default_PFCm_14	#d03e52
770	7Networks_RH_Default_PFCm_15	#d03e53
771	7Networks_RH_Default_PFCm_16	#d03e54
772	7Networks_RH_Default_PFCm_17	#d03e55
773	7Networks_RH_Default_PFCm_18	#d03f4e
774	7Networks_RH_Default_PFCm_19	#d03f4f
775	7Networks_RH_Default_PFCm_20	#d03f50
776	7Networks_RH_Default_PFCm_21	#d03f51
777	7Networks_RH_Default_PFCm_22	#d03f52
778	7Networks_RH_Default_PFCm_23	#d03f53
779	7Networks_RH_Default_PFCm_24	#d03f54
780	7Networks_RH_Default_PCC_1	#d03e46
781	7Networks_RH_Default_PCC_2	#d03e4e
782	7Networks_RH_Default_PCC_3	#d03f4d
783	7Networks_RH_Default_PCC_4	#d0404d
784	7Networks_RH_Default_PCC_5	#d0404e
785	7Networks_RH_Default_PCC_6	#d0404f
786	7Networks_RH_Default_PCC_7	#d04050
787	7Networks_RH_Default_PCC_8	#d04051
788	7Networks_RH_Default_PCC_9	#d04052
789	7Networks_RH_Default_PCC_10	#d04053
790	7Networks_RH_Default_PCC_11	#d04054
791	7Networks_RH_Default_PCC_12	#d0414d
792	7Networks_RH_Default_PCC_13	#d0414e
793	7Networks_RH_Default_PCC_14	#d0414f
794	7Networks_RH_Default_PCC_15	#d04150
795	7Networks_RH_Default_PCC_16	#d04151
796	7Networks_RH_Default_PCC_17	#d04152
797	7Networks_RH_Default_PCC_18	#d04153
798	7Networks_RH_Default_PCC_19	#d04154
799	7Networks_RH_Default_PCC_20	#d0424d
800	7Networks_RH_Cont_PCC_1	#eb9524
