{
  "Authors": ["Avants BB", "Tustison NJ", "Song G", "Cook PA", "Klein A", "Gee JC"],
  "BIDSVersion": "1.1.0",
  "HowToAcknowledge": "The first two publications indexed by the ReferencesAndLinks field should be referenced when using this atlas.",
  "Identifier": "OASIS30ANTs",
  "License": "CC BY 4.0",
  "Name": "OASIS30 - Generated with ANTs for MICCAI 2016",
  "ReferencesAndLinks": [
    "https://doi.org/10.1016/j.neuroimage.2010.09.025",
    "https://doi.org/10.1162/jocn.2007.19.9.1498",
    "https://figshare.com/articles/ANTs_ANTsR_Brain_Templates/915436"],
  "TemplateFlowVersion": "1.0.0",
  "res": {
    "01": {
      "origin": [-215.0, -293.0, -255.0],
      "shape": [216, 291, 256],
      "zooms": [1.0, 1.0, 1.0]
    }
  }
}
