{
    "Authors": [
        "MacNicol, E",
        "Wright, P",
        "Kim, E",
        "Brusini, I",
        "Esteban, O",
        "Simmons, C",
        "Turkheimer, FE",
        "Cash, D"
    ],
    "BIDSVersion": "1.1.0",
    "Curators": [
        "MacNicol, E"
    ],
    "Identifier": "RESILIENT",
    "License": "CC-BY-4.0 International",
    "Name": "Age-specific adult rat brain MRI templates and tissue probability maps",
    "ReferencesAndLinks": [
        "https://doi.org/10.3389/fninf.2021.669049",
        "https://osf.io/nwy9e/"
    ],
    "Species": "Rattus norvegicus",
    "TemplateFlowVersion": "1.0.0",
    "zooms": [0.19, 0.19, 0.19],
    "shape": [160, 160, 128],
    "cohort": {
        "1": {
          "origin": [15.5821, 12.033, -12.4577],
          "name": "3 months",
          "age": [11.86, 14.43],
          "units": "weeks",
          "samplesize": 48
        },
        "2": {
          "origin": [15.1129, 12.1553, -12.2591],
          "name": "5 months",
          "age": [21.86, 24.43],
          "units": "weeks",
          "samplesize": 48
        },
        "3": {
          "origin": [14.8654, 12.0066, -13.0358],
          "name": "11 months",
          "age": [48.86, 51.43],
          "units": "weeks",
          "samplesize": 40
        },
        "4": {
          "origin": [15.1129, 12.6297, -14.3589],
          "name": "17 months",
          "age": [71.86, 74.14],
          "units": "weeks",
          "samplesize": 31
        }
    }
}
