{
  "Authors": ["Satterthwaite TD", "Connolly JJ", "Ruparel K", "Calkins ME", "Jackson C", "Elliott MA", "Roalf DR", "Hopson R", "Prabhakaran K", "Behr M", "Qiu H", "Mentch FD", "Chiavacci R", "Sleiman PM", "Gur RC", "Hakonarson H", "Gur RE"],
  "Acknowledgements": "Curated and added to TemplateFlow by Ciric R",
  "BIDSVersion": "1.1.0",
  "HowToAcknowledge": "Reference the following entries from the ReferencesAndLinks field: {1}",
  "Identifier": "PNC",
  "License": "CC BY 4.0",
  "Name": "Philadelphia Neurodevelopmental Cohort template",
  "ReferencesAndLinks": {
    "1": "https://doi.org/10.1016/j.neuroimage.2015.03.056"
  },
  "TemplateFlowVersion": "1.0.0",
  "res": {
    "01": {
      "origin": [-95.89820098876953, -120.93399811, -51.81230163574219],
      "shape": [202, 266, 170],
      "zooms": [0.9375, 0.9375, 1.0]
    },
    "02": {
      "origin": [-95.89820098876953, -120.93399811, -51.81230163574219],
      "shape": [94, 124, 85],
      "zooms": [2.0, 2.0, 2.0]
    }
  }
}
